Step,commformer_5m_vs_6m_single_lf_seed1 - incre_win_rate,commformer_5m_vs_6m_single_lf_seed1 - incre_win_rate__MIN,commformer_5m_vs_6m_single_lf_seed1 - incre_win_rate__MAX,commformer_5m_vs_6m_single_lf_seed2 - incre_win_rate,commformer_5m_vs_6m_single_lf_seed2 - incre_win_rate__MIN,commformer_5m_vs_6m_single_lf_seed2 - incre_win_rate__MAX,commformer_5m_vs_6m_single_lf_seed3 - incre_win_rate,commformer_5m_vs_6m_single_lf_seed3 - incre_win_rate__MIN,commformer_5m_vs_6m_single_lf_seed3 - incre_win_rate__MAX,happo_5m_vs_6m_10v10_seed1 - incre_win_rate,happo_5m_vs_6m_10v10_seed1 - incre_win_rate__MIN,happo_5m_vs_6m_10v10_seed1 - incre_win_rate__MAX,happo_5m_vs_6m_10v10_seed2 - incre_win_rate,happo_5m_vs_6m_10v10_seed2 - incre_win_rate__MIN,happo_5m_vs_6m_10v10_seed2 - incre_win_rate__MAX,happo_5m_vs_6m_10v10_seed3 - incre_win_rate,happo_5m_vs_6m_10v10_seed3 - incre_win_rate__MIN,happo_5m_vs_6m_10v10_seed3 - incre_win_rate__MAX,happo_check_5m_vs_6m_10v10_seed1 - incre_win_rate,happo_check_5m_vs_6m_10v10_seed1 - incre_win_rate__MIN,happo_check_5m_vs_6m_10v10_seed1 - incre_win_rate__MAX,mappo_5m_vs_6m_10v10_seed1 - incre_win_rate,mappo_5m_vs_6m_10v10_seed1 - incre_win_rate__MIN,mappo_5m_vs_6m_10v10_seed1 - incre_win_rate__MAX,mappo_5m_vs_6m_10v10_seed2 - incre_win_rate,mappo_5m_vs_6m_10v10_seed2 - incre_win_rate__MIN,mappo_5m_vs_6m_10v10_seed2 - incre_win_rate__MAX,mappo_5m_vs_6m_10v10_seed3 - incre_win_rate,mappo_5m_vs_6m_10v10_seed3 - incre_win_rate__MIN,mappo_5m_vs_6m_10v10_seed3 - incre_win_rate__MAX
3200,0,0,0,0,0,0,0,0,0,0,0,0,0,0,0,0,0,0,,,,0,0,0,0,0,0,0,0,0
6400,,,,,,,,,,,,,,,,,,,0,0,0,,,,,,,,,
19200,0,0,0,0,0,0,0,0,0,0,0,0,0,0,0,0,0,0,,,,0,0,0,0,0,0,0,0,0
35200,0,0,0,0,0,0,0,0,0,0,0,0,0,0,0,0,0,0,,,,0,0,0,0,0,0,0,0,0
38400,,,,,,,,,,,,,,,,,,,0,0,0,,,,,,,,,
51200,0,0,0,0,0,0,0,0,0,0,0,0,0,0,0,0,0,0,,,,0,0,0,0,0,0,0,0,0
67200,0,0,0,0,0,0,0,0,0,0,0,0,0,0,0,0,0,0,,,,0,0,0,0,0,0,0,0,0
70400,,,,,,,,,,,,,,,,,,,0,0,0,,,,,,,,,
83200,0,0,0,0,0,0,0,0,0,0,0,0,0,0,0,0,0,0,,,,0,0,0,0,0,0,0,0,0
99200,0,0,0,0,0,0,0,0,0,0,0,0,0,0,0,0,0,0,,,,0,0,0,0,0,0,0,0,0
102400,,,,,,,,,,,,,,,,,,,0,0,0,,,,,,,,,
115200,0,0,0,0,0,0,0,0,0,0,0,0,0,0,0,0,0,0,,,,0,0,0,0,0,0,0,0,0
131200,0,0,0,0,0,0,0,0,0,0,0,0,0,0,0,0.001194743,0.001194743,0.001194743,,,,0,0,0,0,0,0,0,0,0
134400,,,,,,,,,,,,,,,,,,,0,0,0,,,,,,,,,
147200,0,0,0,0,0,0,0,0,0,0,0,0,0,0,0,0.001234568,0.001234568,0.001234568,,,,0,0,0,0,0,0,0,0,0
163200,0,0,0,0,0,0,0,0,0,0,0,0,0,0,0,0,0,0,,,,0,0,0,0,0,0,0,0,0
166400,,,,,,,,,,,,,,,,,,,0,0,0,,,,,,,,,
179200,0,0,0,0,0,0,0,0,0,0,0,0,0,0,0,0.002659574,0.002659574,0.002659574,,,,0,0,0,0,0,0,0,0,0
195200,0,0,0,0,0,0,0,0,0,0,0,0,0,0,0,0.009433962,0.009433962,0.009433962,,,,0,0,0,0,0,0,0,0,0
198400,,,,,,,,,,,,,,,,,,,0,0,0,,,,,,,,,
211200,0,0,0,0,0,0,0,0,0,0.001243781,0.001243781,0.001243781,0,0,0,0.004076087,0.004076087,0.004076087,,,,0,0,0,0,0,0,0,0,0
227200,0,0,0,0,0,0,0,0,0,0.005063291,0.005063291,0.005063291,0,0,0,0.017808219,0.017808219,0.017808219,,,,0,0,0,0,0,0,0,0,0
230400,,,,,,,,,,,,,,,,,,,0,0,0,,,,,,,,,
243200,0,0,0,0,0,0,0,0,0,0.005215124,0.005215124,0.005215124,0,0,0,0.017931034,0.017931034,0.017931034,,,,0,0,0,0,0,0,0,0,0
259200,0,0,0,0,0,0,0,0,0,0.010666667,0.010666667,0.010666667,0,0,0,0.020746888,0.020746888,0.020746888,,,,0,0,0,0,0,0,0,0,0
262400,,,,,,,,,,,,,,,,,,,0,0,0,,,,,,,,,
275200,0,0,0,0,0,0,0,0,0,0.018867925,0.018867925,0.018867925,0,0,0,0.013986014,0.013986014,0.013986014,,,,0,0,0,0,0,0,0,0,0
291200,0.003740648,0.003740648,0.003740648,0.003740648,0.003740648,0.003740648,0.003740648,0.003740648,0.003740648,0.014965986,0.014965986,0.014965986,0,0,0,0.022535211,0.022535211,0.022535211,,,,0,0,0,0,0,0,0,0,0
294400,,,,,,,,,,,,,,,,,,,0,0,0,,,,,,,,,
307200,0.00375,0.00375,0.00375,0.00375,0.00375,0.00375,0.00375,0.00375,0.00375,0.017931034,0.017931034,0.017931034,0,0,0,0.012587413,0.012587413,0.012587413,,,,0,0,0,0,0,0,0,0,0
323200,0.003811944,0.003811944,0.003811944,0.003811944,0.003811944,0.003811944,0.003811944,0.003811944,0.003811944,0.030598053,0.030598053,0.030598053,0,0,0,0.030898876,0.030898876,0.030898876,,,,0,0,0,0,0,0,0,0,0
326400,,,,,,,,,,,,,,,,,,,0,0,0,,,,,,,,,
339200,0.003841229,0.003841229,0.003841229,0.003841229,0.003841229,0.003841229,0.003841229,0.003841229,0.003841229,0.023776224,0.023776224,0.023776224,0,0,0,0.035211268,0.035211268,0.035211268,,,,0.001322751,0.001322751,0.001322751,0,0,0,0,0,0
355200,0.00388601,0.00388601,0.00388601,0.00388601,0.00388601,0.00388601,0.00388601,0.00388601,0.00388601,0.021037868,0.021037868,0.021037868,0,0,0,0.027027027,0.027027027,0.027027027,,,,0,0,0,0,0,0,0,0,0
358400,,,,,,,,,,,,,,,,,,,0,0,0,,,,,,,,,
371200,0.005181347,0.005181347,0.005181347,0.005181347,0.005181347,0.005181347,0.005181347,0.005181347,0.005181347,0.045714286,0.045714286,0.045714286,0,0,0,0.032716927,0.032716927,0.032716927,,,,0,0,0,0,0,0,0,0,0
387200,0.006570302,0.006570302,0.006570302,0.006570302,0.006570302,0.006570302,0.006570302,0.006570302,0.006570302,0.047277937,0.047277937,0.047277937,0,0,0,0.048850575,0.048850575,0.048850575,,,,0,0,0,0,0,0,0,0,0
390400,,,,,,,,,,,,,,,,,,,0,0,0,,,,,,,,,
403200,0.00530504,0.00530504,0.00530504,0.00530504,0.00530504,0.00530504,0.00530504,0.00530504,0.00530504,0.048780488,0.048780488,0.048780488,0,0,0,0.052173913,0.052173913,0.052173913,,,,0,0,0,0,0,0,0,0,0
419200,0.014765101,0.014765101,0.014765101,0.014765101,0.014765101,0.014765101,0.014765101,0.014765101,0.014765101,0.047619048,0.047619048,0.047619048,0,0,0,0.0625,0.0625,0.0625,,,,0.001331558,0.001331558,0.001331558,0,0,0,0,0,0
422400,,,,,,,,,,,,,,,,,,,0,0,0,,,,,,,,,
435200,0.0202977,0.0202977,0.0202977,0.0202977,0.0202977,0.0202977,0.0202977,0.0202977,0.0202977,0.057101025,0.057101025,0.057101025,0,0,0,0.052554745,0.052554745,0.052554745,,,,0,0,0,0,0,0,0,0,0
451200,0.026388889,0.026388889,0.026388889,0.026388889,0.026388889,0.026388889,0.026388889,0.026388889,0.026388889,0.054411765,0.054411765,0.054411765,0,0,0,0.065885798,0.065885798,0.065885798,,,,0.002684564,0.002684564,0.002684564,0,0,0,0,0,0
454400,,,,,,,,,,,,,,,,,,,0,0,0,,,,,,,,,
467200,0.029166667,0.029166667,0.029166667,0.029166667,0.029166667,0.029166667,0.029166667,0.029166667,0.029166667,0.060294118,0.060294118,0.060294118,0,0,0,0.068452381,0.068452381,0.068452381,,,,0.002710027,0.002710027,0.002710027,0.001328021,0.001328021,0.001328021,0.001338688,0.001338688,0.001338688
483200,0.038997214,0.038997214,0.038997214,0.038997214,0.038997214,0.038997214,0.038997214,0.038997214,0.038997214,0.075332349,0.075332349,0.075332349,0,0,0,0.08819133,0.08819133,0.08819133,,,,0.002699055,0.002699055,0.002699055,0,0,0,0,0,0
486400,,,,,,,,,,,,,,,,,,,0,0,0,,,,,,,,,
499200,0.039270687,0.039270687,0.039270687,0.039270687,0.039270687,0.039270687,0.039270687,0.039270687,0.039270687,0.060294118,0.060294118,0.060294118,0,0,0,0.085457271,0.085457271,0.085457271,,,,0.002717391,0.002717391,0.002717391,0.002673797,0.002673797,0.002673797,0,0,0
515200,0.037604457,0.037604457,0.037604457,0.037604457,0.037604457,0.037604457,0.037604457,0.037604457,0.037604457,0.081481481,0.081481481,0.081481481,0,0,0,0.094081942,0.094081942,0.094081942,,,,0.002717391,0.002717391,0.002717391,0.004021448,0.004021448,0.004021448,0,0,0
518400,,,,,,,,,,,,,,,,,,,0,0,0,,,,,,,,,
531200,0.04084507,0.04084507,0.04084507,0.04084507,0.04084507,0.04084507,0.04084507,0.04084507,0.04084507,0.05794948,0.05794948,0.05794948,0,0,0,0.099848714,0.099848714,0.099848714,,,,0.001369863,0.001369863,0.001369863,0.001347709,0.001347709,0.001347709,0,0,0
547200,0.043661972,0.043661972,0.043661972,0.043661972,0.043661972,0.043661972,0.043661972,0.043661972,0.043661972,0.071322437,0.071322437,0.071322437,0,0,0,0.090225564,0.090225564,0.090225564,,,,0.002724796,0.002724796,0.002724796,0.001345895,0.001345895,0.001345895,0,0,0
550400,,,,,,,,,,,,,,,,,,,0,0,0,,,,,,,,,
563200,0.033755274,0.033755274,0.033755274,0.033755274,0.033755274,0.033755274,0.033755274,0.033755274,0.033755274,0.067946824,0.067946824,0.067946824,0.001367989,0.001367989,0.001367989,0.108066971,0.108066971,0.108066971,,,,0.00136612,0.00136612,0.00136612,0.001356852,0.001356852,0.001356852,0.001358696,0.001358696,0.001358696
579200,0.033898305,0.033898305,0.033898305,0.033898305,0.033898305,0.033898305,0.033898305,0.033898305,0.033898305,0.072916667,0.072916667,0.072916667,0,0,0,0.108433735,0.108433735,0.108433735,,,,0.004137931,0.004137931,0.004137931,0.002713704,0.002713704,0.002713704,0.001356852,0.001356852,0.001356852
582400,,,,,,,,,,,,,,,,,,,0,0,0,,,,,,,,,
595200,0.049157303,0.049157303,0.049157303,0.049157303,0.049157303,0.049157303,0.049157303,0.049157303,0.049157303,0.077037037,0.077037037,0.077037037,0.002747253,0.002747253,0.002747253,0.128440367,0.128440367,0.128440367,,,,0.008264463,0.008264463,0.008264463,0.006839945,0.006839945,0.006839945,0.001358696,0.001358696,0.001358696
611200,0.058404558,0.058404558,0.058404558,0.058404558,0.058404558,0.058404558,0.058404558,0.058404558,0.058404558,0.054733728,0.054733728,0.054733728,0.00136612,0.00136612,0.00136612,0.128787879,0.128787879,0.128787879,,,,0.004155125,0.004155125,0.004155125,0.016371078,0.016371078,0.016371078,0.001367989,0.001367989,0.001367989
614400,,,,,,,,,,,,,,,,,,,0,0,0,,,,,,,,,
627200,0.05278174,0.05278174,0.05278174,0.05278174,0.05278174,0.05278174,0.05278174,0.05278174,0.05278174,0.074515648,0.074515648,0.074515648,0,0,0,0.123266564,0.123266564,0.123266564,,,,0,0,0,0.011019284,0.011019284,0.011019284,0.00137741,0.00137741,0.00137741
643200,0.068085106,0.068085106,0.068085106,0.068085106,0.068085106,0.068085106,0.068085106,0.068085106,0.068085106,0.074626866,0.074626866,0.074626866,0,0,0,0.112307692,0.112307692,0.112307692,,,,0.009735744,0.009735744,0.009735744,0.009681881,0.009681881,0.009681881,0.009695291,0.009695291,0.009695291
646400,,,,,,,,,,,,,,,,,,,0,0,0,,,,,,,,,
659200,0.086158192,0.086158192,0.086158192,0.086158192,0.086158192,0.086158192,0.086158192,0.086158192,0.086158192,0.089123867,0.089123867,0.089123867,0,0,0,0.111450382,0.111450382,0.111450382,,,,0.006973501,0.006973501,0.006973501,0.012482663,0.012482663,0.012482663,0.008333333,0.008333333,0.008333333
675200,0.052333805,0.052333805,0.052333805,0.052333805,0.052333805,0.052333805,0.052333805,0.052333805,0.052333805,0.088721805,0.088721805,0.088721805,0,0,0,0.138719512,0.138719512,0.138719512,,,,0.002793296,0.002793296,0.002793296,0.009749304,0.009749304,0.009749304,0.002785515,0.002785515,0.002785515
678400,,,,,,,,,,,,,,,,,,,0,0,0,,,,,,,,,
691200,0.05758427,0.05758427,0.05758427,0.05758427,0.05758427,0.05758427,0.05758427,0.05758427,0.05758427,0.075757576,0.075757576,0.075757576,0,0,0,0.151234568,0.151234568,0.151234568,,,,0.00280112,0.00280112,0.00280112,0.008403361,0.008403361,0.008403361,0.007002801,0.007002801,0.007002801
707200,0.066761364,0.066761364,0.066761364,0.066761364,0.066761364,0.066761364,0.066761364,0.066761364,0.066761364,0.114977307,0.114977307,0.114977307,0,0,0,0.13137558,0.13137558,0.13137558,,,,0.01542777,0.01542777,0.01542777,0.012569832,0.012569832,0.012569832,0.004207574,0.004207574,0.004207574
710400,,,,,,,,,,,,,,,,,,,0,0,0,,,,,,,,,
723200,0.061516452,0.061516452,0.061516452,0.061516452,0.061516452,0.061516452,0.061516452,0.061516452,0.061516452,0.107575758,0.107575758,0.107575758,0,0,0,0.152542373,0.152542373,0.152542373,,,,0.009859155,0.009859155,0.009859155,0.008379888,0.008379888,0.008379888,0.009873061,0.009873061,0.009873061
739200,0.071123755,0.071123755,0.071123755,0.071123755,0.071123755,0.071123755,0.071123755,0.071123755,0.071123755,0.082706767,0.082706767,0.082706767,0,0,0,0.139968896,0.139968896,0.139968896,,,,0.012640449,0.012640449,0.012640449,0.005578801,0.005578801,0.005578801,0.016925247,0.016925247,0.016925247
742400,,,,,,,,,,,,,,,,,,,0,0,0,,,,,,,,,
755200,0.084045584,0.084045584,0.084045584,0.084045584,0.084045584,0.084045584,0.084045584,0.084045584,0.084045584,0.085457271,0.085457271,0.085457271,0,0,0,0.154083205,0.154083205,0.154083205,,,,0.022727273,0.022727273,0.022727273,0.015536723,0.015536723,0.015536723,0.019914651,0.019914651,0.019914651
771200,0.073550212,0.073550212,0.073550212,0.073550212,0.073550212,0.073550212,0.073550212,0.073550212,0.073550212,0.116138763,0.116138763,0.116138763,0,0,0,0.131699847,0.131699847,0.131699847,,,,0.012820513,0.012820513,0.012820513,0.016853933,0.016853933,0.016853933,0.008462623,0.008462623,0.008462623
774400,,,,,,,,,,,,,,,,,,,0,0,0,,,,,,,,,
787200,0.090517241,0.090517241,0.090517241,0.090517241,0.090517241,0.090517241,0.090517241,0.090517241,0.090517241,0.092953523,0.092953523,0.092953523,0,0,0,0.131699847,0.131699847,0.131699847,,,,0.005657709,0.005657709,0.005657709,0.015471167,0.015471167,0.015471167,0.025862069,0.025862069,0.025862069
803200,0.067431851,0.067431851,0.067431851,0.067431851,0.067431851,0.067431851,0.067431851,0.067431851,0.067431851,0.077155825,0.077155825,0.077155825,0,0,0,0.13190184,0.13190184,0.13190184,,,,0.019886364,0.019886364,0.019886364,0.017094017,0.017094017,0.017094017,0.025936599,0.025936599,0.025936599
806400,,,,,,,,,,,,,,,,,,,0,0,0,,,,,,,,,
819200,0.099573257,0.099573257,0.099573257,0.099573257,0.099573257,0.099573257,0.099573257,0.099573257,0.099573257,0.073170732,0.073170732,0.073170732,0,0,0,0.149001536,0.149001536,0.149001536,,,,0.018597997,0.018597997,0.018597997,0.028818444,0.028818444,0.028818444,0.014450867,0.014450867,0.014450867
835200,0.08683068,0.08683068,0.08683068,0.08683068,0.08683068,0.08683068,0.08683068,0.08683068,0.08683068,0.111782477,0.111782477,0.111782477,0,0,0,0.153726708,0.153726708,0.153726708,,,,0.028612303,0.028612303,0.028612303,0.022889843,0.022889843,0.022889843,0.027456647,0.027456647,0.027456647
838400,,,,,,,,,,,,,,,,,,,0,0,0,,,,,,,,,
851200,0.091703057,0.091703057,0.091703057,0.091703057,0.091703057,0.091703057,0.091703057,0.091703057,0.091703057,0.092814371,0.092814371,0.092814371,0,0,0,0.174382716,0.174382716,0.174382716,,,,0.036390102,0.036390102,0.036390102,0.022824536,0.022824536,0.022824536,0.036390102,0.036390102,0.036390102
867200,0.090643275,0.090643275,0.090643275,0.090643275,0.090643275,0.090643275,0.090643275,0.090643275,0.090643275,0.102719033,0.102719033,0.102719033,0.001398601,0.001398601,0.001398601,0.153726708,0.153726708,0.153726708,,,,0.023088023,0.023088023,0.023088023,0.024390244,0.024390244,0.024390244,0.030567686,0.030567686,0.030567686
870400,,,,,,,,,,,,,,,,,,,0,0,0,,,,,,,,,
883200,0.096960926,0.096960926,0.096960926,0.096960926,0.096960926,0.096960926,0.096960926,0.096960926,0.096960926,0.092006033,0.092006033,0.092006033,0.001396648,0.001396648,0.001396648,0.156346749,0.156346749,0.156346749,,,,0.031609195,0.031609195,0.031609195,0.025714286,0.025714286,0.025714286,0.020348837,0.020348837,0.020348837
899200,0.121167883,0.121167883,0.121167883,0.121167883,0.121167883,0.121167883,0.121167883,0.121167883,0.121167883,0.088145897,0.088145897,0.088145897,0,0,0,0.152410575,0.152410575,0.152410575,,,,0.024709302,0.024709302,0.024709302,0.031518625,0.031518625,0.031518625,0.033527697,0.033527697,0.033527697
902400,,,,,,,,,,,,,,,,,,,0,0,0,,,,,,,,,
915200,0.092511013,0.092511013,0.092511013,0.092511013,0.092511013,0.092511013,0.092511013,0.092511013,0.092511013,0.084720121,0.084720121,0.084720121,0.001412429,0.001412429,0.001412429,0.137071651,0.137071651,0.137071651,,,,0.03628447,0.03628447,0.03628447,0.034482759,0.034482759,0.034482759,0.038123167,0.038123167,0.038123167
931200,0.106259098,0.106259098,0.106259098,0.106259098,0.106259098,0.106259098,0.106259098,0.106259098,0.106259098,0.090771558,0.090771558,0.090771558,0.002797203,0.002797203,0.002797203,0.157566303,0.157566303,0.157566303,,,,0.042647059,0.042647059,0.042647059,0.036127168,0.036127168,0.036127168,0.047267356,0.047267356,0.047267356
934400,,,,,,,,,,,,,,,,,,,0,0,0,,,,,,,,,
947200,0.130307467,0.130307467,0.130307467,0.130307467,0.130307467,0.130307467,0.130307467,0.130307467,0.130307467,0.104387292,0.104387292,0.104387292,0,0,0,0.148837209,0.148837209,0.148837209,,,,0.047337278,0.047337278,0.047337278,0.041786744,0.041786744,0.041786744,0.037313433,0.037313433,0.037313433
963200,0.122599705,0.122599705,0.122599705,0.122599705,0.122599705,0.122599705,0.122599705,0.122599705,0.122599705,0.095744681,0.095744681,0.095744681,0.001396648,0.001396648,0.001396648,0.14992272,0.14992272,0.14992272,,,,0.049180328,0.049180328,0.049180328,0.042212518,0.042212518,0.042212518,0.055059524,0.055059524,0.055059524
966400,,,,,,,,,,,,,,,,,,,0,0,0,,,,,,,,,
979200,0.116176471,0.116176471,0.116176471,0.116176471,0.116176471,0.116176471,0.116176471,0.116176471,0.116176471,0.074468085,0.074468085,0.074468085,0.001408451,0.001408451,0.001408451,0.165891473,0.165891473,0.165891473,,,,0.065671642,0.065671642,0.065671642,0.046176046,0.046176046,0.046176046,0.061561562,0.061561562,0.061561562
995200,0.154074074,0.154074074,0.154074074,0.154074074,0.154074074,0.154074074,0.154074074,0.154074074,0.154074074,0.110438729,0.110438729,0.110438729,0,0,0,0.170807453,0.170807453,0.170807453,,,,0.060150376,0.060150376,0.060150376,0.034833091,0.034833091,0.034833091,0.051851852,0.051851852,0.051851852
998400,,,,,,,,,,,,,,,,,,,0,0,0,,,,,,,,,
1011200,0.140532544,0.140532544,0.140532544,0.140532544,0.140532544,0.140532544,0.140532544,0.140532544,0.140532544,0.111782477,0.111782477,0.111782477,0.001408451,0.001408451,0.001408451,0.164596273,0.164596273,0.164596273,,,,0.057228916,0.057228916,0.057228916,0.062865497,0.062865497,0.062865497,0.05239521,0.05239521,0.05239521
1027200,0.166915052,0.166915052,0.166915052,0.166915052,0.166915052,0.166915052,0.166915052,0.166915052,0.166915052,0.111782477,0.111782477,0.111782477,0,0,0,0.152886115,0.152886115,0.152886115,,,,0.075872534,0.075872534,0.075872534,0.052478134,0.052478134,0.052478134,0.059790732,0.059790732,0.059790732
1030400,,,,,,,,,,,,,,,,,,,0,0,0,,,,,,,,,
1043200,0.12332838,0.12332838,0.12332838,0.12332838,0.12332838,0.12332838,0.12332838,0.12332838,0.12332838,0.094946401,0.094946401,0.094946401,0,0,0,0.167449139,0.167449139,0.167449139,,,,0.075038285,0.075038285,0.075038285,0.071742313,0.071742313,0.071742313,0.051750381,0.051750381,0.051750381
1059200,0.121621622,0.121621622,0.121621622,0.121621622,0.121621622,0.121621622,0.121621622,0.121621622,0.121621622,0.078907436,0.078907436,0.078907436,0,0,0,0.190923318,0.190923318,0.190923318,,,,0.095092025,0.095092025,0.095092025,0.073855244,0.073855244,0.073855244,0.095890411,0.095890411,0.095890411
1062400,,,,,,,,,,,,,,,,,,,0,0,0,,,,,,,,,
1075200,0.140949555,0.140949555,0.140949555,0.140949555,0.140949555,0.140949555,0.140949555,0.140949555,0.140949555,0.110606061,0.110606061,0.110606061,0,0,0,0.16271722,0.16271722,0.16271722,,,,0.081538462,0.081538462,0.081538462,0.101949025,0.101949025,0.101949025,0.101694915,0.101694915,0.101694915
1091200,0.160179641,0.160179641,0.160179641,0.160179641,0.160179641,0.160179641,0.160179641,0.160179641,0.160179641,0.114503817,0.114503817,0.114503817,0,0,0,0.190551181,0.190551181,0.190551181,,,,0.109034268,0.109034268,0.109034268,0.133233533,0.133233533,0.133233533,0.094281298,0.094281298,0.094281298
1094400,,,,,,,,,,,,,,,,,,,0,0,0,,,,,,,,,
1107200,0.134730539,0.134730539,0.134730539,0.134730539,0.134730539,0.134730539,0.134730539,0.134730539,0.134730539,0.156923077,0.156923077,0.156923077,0,0,0,0.178683386,0.178683386,0.178683386,,,,0.121306376,0.121306376,0.121306376,0.185128983,0.185128983,0.185128983,0.102325581,0.102325581,0.102325581
1123200,0.170437406,0.170437406,0.170437406,0.170437406,0.170437406,0.170437406,0.170437406,0.170437406,0.170437406,0.087022901,0.087022901,0.087022901,0,0,0,0.171875,0.171875,0.171875,,,,0.148902821,0.148902821,0.148902821,0.205837174,0.205837174,0.205837174,0.115085537,0.115085537,0.115085537
1126400,,,,,,,,,,,,,,,,,,,0,0,0,,,,,,,,,
1139200,0.174174174,0.174174174,0.174174174,0.174174174,0.174174174,0.174174174,0.174174174,0.174174174,0.174174174,0.127105666,0.127105666,0.127105666,0.001428571,0.001428571,0.001428571,0.186915888,0.186915888,0.186915888,,,,0.127559055,0.127559055,0.127559055,0.255451713,0.255451713,0.255451713,0.105180534,0.105180534,0.105180534
1155200,0.187406297,0.187406297,0.187406297,0.187406297,0.187406297,0.187406297,0.187406297,0.187406297,0.187406297,0.099697885,0.099697885,0.099697885,0,0,0,0.153250774,0.153250774,0.153250774,,,,0.149206349,0.149206349,0.149206349,0.299689441,0.299689441,0.299689441,0.116535433,0.116535433,0.116535433
1158400,,,,,,,,,,,,,,,,,,,0,0,0,,,,,,,,,
1171200,0.178306092,0.178306092,0.178306092,0.178306092,0.178306092,0.178306092,0.178306092,0.178306092,0.178306092,0.119448698,0.119448698,0.119448698,0,0,0,0.227129338,0.227129338,0.227129338,,,,0.164274322,0.164274322,0.164274322,0.337579618,0.337579618,0.337579618,0.153481013,0.153481013,0.153481013
1187200,0.167407407,0.167407407,0.167407407,0.167407407,0.167407407,0.167407407,0.167407407,0.167407407,0.167407407,0.081942337,0.081942337,0.081942337,0,0,0,0.177293935,0.177293935,0.177293935,,,,0.172859451,0.172859451,0.172859451,0.386327504,0.386327504,0.386327504,0.145135566,0.145135566,0.145135566
1190400,,,,,,,,,,,,,,,,,,,0,0,0,,,,,,,,,
1203200,0.198198198,0.198198198,0.198198198,0.198198198,0.198198198,0.198198198,0.198198198,0.198198198,0.198198198,0.117378049,0.117378049,0.117378049,0,0,0,0.184251969,0.184251969,0.184251969,,,,0.185303514,0.185303514,0.185303514,0.377022654,0.377022654,0.377022654,0.177133655,0.177133655,0.177133655
1219200,0.175595238,0.175595238,0.175595238,0.175595238,0.175595238,0.175595238,0.175595238,0.175595238,0.175595238,0.105666156,0.105666156,0.105666156,0.001424501,0.001424501,0.001424501,0.183514774,0.183514774,0.183514774,,,,0.176848875,0.176848875,0.176848875,0.411575563,0.411575563,0.411575563,0.144694534,0.144694534,0.144694534
1222400,,,,,,,,,,,,,,,,,,,0,0,0,,,,,,,,,
1235200,0.190045249,0.190045249,0.190045249,0.190045249,0.190045249,0.190045249,0.190045249,0.190045249,0.190045249,0.122699387,0.122699387,0.122699387,0.001424501,0.001424501,0.001424501,0.183835182,0.183835182,0.183835182,,,,0.1808,0.1808,0.1808,0.449438202,0.449438202,0.449438202,0.189627229,0.189627229,0.189627229
1251200,0.183856502,0.183856502,0.183856502,0.183856502,0.183856502,0.183856502,0.183856502,0.183856502,0.183856502,0.102603369,0.102603369,0.102603369,0.001436782,0.001436782,0.001436782,0.18125,0.18125,0.18125,,,,0.183144246,0.183144246,0.183144246,0.423756019,0.423756019,0.423756019,0.206504065,0.206504065,0.206504065
1254400,,,,,,,,,,,,,,,,,,,0,0,0,,,,,,,,,
1267200,0.201807229,0.201807229,0.201807229,0.201807229,0.201807229,0.201807229,0.201807229,0.201807229,0.201807229,0.118644068,0.118644068,0.118644068,0,0,0,0.1625,0.1625,0.1625,,,,0.200980392,0.200980392,0.200980392,0.471819646,0.471819646,0.471819646,0.243021346,0.243021346,0.243021346
1283200,0.22439759,0.22439759,0.22439759,0.22439759,0.22439759,0.22439759,0.22439759,0.22439759,0.22439759,0.108562691,0.108562691,0.108562691,0,0,0,0.193396226,0.193396226,0.193396226,,,,0.208130081,0.208130081,0.208130081,0.468292683,0.468292683,0.468292683,0.245528455,0.245528455,0.245528455
1286400,,,,,,,,,,,,,,,,,,,0,0,0,,,,,,,,,
1299200,0.214392804,0.214392804,0.214392804,0.214392804,0.214392804,0.214392804,0.214392804,0.214392804,0.214392804,0.102446483,0.102446483,0.102446483,0,0,0,0.195275591,0.195275591,0.195275591,,,,0.219155844,0.219155844,0.219155844,0.460420032,0.460420032,0.460420032,0.257425743,0.257425743,0.257425743
1315200,0.164917541,0.164917541,0.164917541,0.164917541,0.164917541,0.164917541,0.164917541,0.164917541,0.164917541,0.098187311,0.098187311,0.098187311,0,0,0,0.163265306,0.163265306,0.163265306,,,,0.237398374,0.237398374,0.237398374,0.470113086,0.470113086,0.470113086,0.293333333,0.293333333,0.293333333
1318400,,,,,,,,,,,,,,,,,,,0,0,0,,,,,,,,,
1331200,0.235735736,0.235735736,0.235735736,0.235735736,0.235735736,0.235735736,0.235735736,0.235735736,0.235735736,0.11196319,0.11196319,0.11196319,0,0,0,0.165625,0.165625,0.165625,,,,0.215106732,0.215106732,0.215106732,0.461788618,0.461788618,0.461788618,0.296666667,0.296666667,0.296666667
1347200,0.196969697,0.196969697,0.196969697,0.196969697,0.196969697,0.196969697,0.196969697,0.196969697,0.196969697,0.095310136,0.095310136,0.095310136,0.001428571,0.001428571,0.001428571,0.18338558,0.18338558,0.18338558,,,,0.253246753,0.253246753,0.253246753,0.470113086,0.470113086,0.470113086,0.295302013,0.295302013,0.295302013
1350400,,,,,,,,,,,,,,,,,,,0,0,0,,,,,,,,,
1363200,0.238239757,0.238239757,0.238239757,0.238239757,0.238239757,0.238239757,0.238239757,0.238239757,0.238239757,0.101071975,0.101071975,0.101071975,0,0,0,0.206349206,0.206349206,0.206349206,,,,0.251223491,0.251223491,0.251223491,0.489465154,0.489465154,0.489465154,0.34789916,0.34789916,0.34789916
1379200,0.228177642,0.228177642,0.228177642,0.228177642,0.228177642,0.228177642,0.228177642,0.228177642,0.228177642,0.106870229,0.106870229,0.106870229,0.001428571,0.001428571,0.001428571,0.195892575,0.195892575,0.195892575,,,,0.231147541,0.231147541,0.231147541,0.481361426,0.481361426,0.481361426,0.334459459,0.334459459,0.334459459
1382400,,,,,,,,,,,,,,,,,,,0,0,0,,,,,,,,,
1395200,0.234939759,0.234939759,0.234939759,0.234939759,0.234939759,0.234939759,0.234939759,0.234939759,0.234939759,0.104704097,0.104704097,0.104704097,0,0,0,0.194968553,0.194968553,0.194968553,,,,0.248772504,0.248772504,0.248772504,0.473770492,0.473770492,0.473770492,0.369127517,0.369127517,0.369127517
1411200,0.219879518,0.219879518,0.219879518,0.219879518,0.219879518,0.219879518,0.219879518,0.219879518,0.219879518,0.1201849,0.1201849,0.1201849,0.001428571,0.001428571,0.001428571,0.178403756,0.178403756,0.178403756,,,,0.239669421,0.239669421,0.239669421,0.482142857,0.482142857,0.482142857,0.378151261,0.378151261,0.378151261
1414400,,,,,,,,,,,,,,,,,,,0,0,0,,,,,,,,,
1427200,0.25,0.25,0.25,0.25,0.25,0.25,0.25,0.25,0.25,0.115853659,0.115853659,0.115853659,0.001432665,0.001432665,0.001432665,0.186813187,0.186813187,0.186813187,,,,0.252459016,0.252459016,0.252459016,0.540849673,0.540849673,0.540849673,0.3693086,0.3693086,0.3693086
1443200,0.236445783,0.236445783,0.236445783,0.236445783,0.236445783,0.236445783,0.236445783,0.236445783,0.236445783,0.115207373,0.115207373,0.115207373,0,0,0,0.187793427,0.187793427,0.187793427,,,,0.3089701,0.3089701,0.3089701,0.511400651,0.511400651,0.511400651,0.394915254,0.394915254,0.394915254
1446400,,,,,,,,,,,,,,,,,,,0,0,0,,,,,,,,,
1459200,0.257575758,0.257575758,0.257575758,0.257575758,0.257575758,0.257575758,0.257575758,0.257575758,0.257575758,0.100456621,0.100456621,0.100456621,0.002898551,0.002898551,0.002898551,0.227129338,0.227129338,0.227129338,,,,0.275919732,0.275919732,0.275919732,0.556818182,0.556818182,0.556818182,0.371428571,0.371428571,0.371428571
1475200,0.251506024,0.251506024,0.251506024,0.251506024,0.251506024,0.251506024,0.251506024,0.251506024,0.251506024,0.119266055,0.119266055,0.119266055,0,0,0,0.194053208,0.194053208,0.194053208,,,,0.330564784,0.330564784,0.330564784,0.535830619,0.535830619,0.535830619,0.431972789,0.431972789,0.431972789
1478400,,,,,,,,,,,,,,,,,,,0,0,0,,,,,,,,,
1491200,0.254160363,0.254160363,0.254160363,0.254160363,0.254160363,0.254160363,0.254160363,0.254160363,0.254160363,0.148318043,0.148318043,0.148318043,0.001443001,0.001443001,0.001443001,0.172955975,0.172955975,0.172955975,,,,0.34608985,0.34608985,0.34608985,0.50487013,0.50487013,0.50487013,0.351945854,0.351945854,0.351945854
1507200,0.261261261,0.261261261,0.261261261,0.261261261,0.261261261,0.261261261,0.261261261,0.261261261,0.261261261,0.122699387,0.122699387,0.122699387,0.002890173,0.002890173,0.002890173,0.216640502,0.216640502,0.216640502,,,,0.352253756,0.352253756,0.352253756,0.506472492,0.506472492,0.506472492,0.394871795,0.394871795,0.394871795
1510400,,,,,,,,,,,,,,,,,,,0,0,0,,,,,,,,,
1523200,0.278366112,0.278366112,0.278366112,0.278366112,0.278366112,0.278366112,0.278366112,0.278366112,0.278366112,0.115853659,0.115853659,0.115853659,0.001430615,0.001430615,0.001430615,0.172628305,0.172628305,0.172628305,,,,0.352745424,0.352745424,0.352745424,0.516233766,0.516233766,0.516233766,0.381196581,0.381196581,0.381196581
1539200,0.277526395,0.277526395,0.277526395,0.277526395,0.277526395,0.277526395,0.277526395,0.277526395,0.277526395,0.102325581,0.102325581,0.102325581,0.004322767,0.004322767,0.004322767,0.17192429,0.17192429,0.17192429,,,,0.310517529,0.310517529,0.310517529,0.538961039,0.538961039,0.538961039,0.418367347,0.418367347,0.418367347
1542400,,,,,,,,,,,,,,,,,,,0,0,0,,,,,,,,,
1555200,0.244680851,0.244680851,0.244680851,0.244680851,0.244680851,0.244680851,0.244680851,0.244680851,0.244680851,0.100609756,0.100609756,0.100609756,0,0,0,0.176744186,0.176744186,0.176744186,,,,0.333333333,0.333333333,0.333333333,0.529983793,0.529983793,0.529983793,0.424957841,0.424957841,0.424957841
1571200,0.253067485,0.253067485,0.253067485,0.253067485,0.253067485,0.253067485,0.253067485,0.253067485,0.253067485,0.114854518,0.114854518,0.114854518,0.001445087,0.001445087,0.001445087,0.203125,0.203125,0.203125,,,,0.368509213,0.368509213,0.368509213,0.515548282,0.515548282,0.515548282,0.357264957,0.357264957,0.357264957
1574400,,,,,,,,,,,,,,,,,,,0,0,0,,,,,,,,,
1587200,0.2760181,0.2760181,0.2760181,0.2760181,0.2760181,0.2760181,0.2760181,0.2760181,0.2760181,0.121212121,0.121212121,0.121212121,0,0,0,0.178963893,0.178963893,0.178963893,,,,0.35678392,0.35678392,0.35678392,0.512155592,0.512155592,0.512155592,0.393526405,0.393526405,0.393526405
1603200,0.281626506,0.281626506,0.281626506,0.281626506,0.281626506,0.281626506,0.281626506,0.281626506,0.281626506,0.129375951,0.129375951,0.129375951,0,0,0,0.168486739,0.168486739,0.168486739,,,,0.353637902,0.353637902,0.353637902,0.534846029,0.534846029,0.534846029,0.399659864,0.399659864,0.399659864
1606400,,,,,,,,,,,,,,,,,,,0,0,0,,,,,,,,,
1619200,0.273700306,0.273700306,0.273700306,0.273700306,0.273700306,0.273700306,0.273700306,0.273700306,0.273700306,0.1107739,0.1107739,0.1107739,0,0,0,0.198127925,0.198127925,0.198127925,,,,0.394957983,0.394957983,0.394957983,0.504038772,0.504038772,0.504038772,0.411167513,0.411167513,0.411167513
1635200,0.297546012,0.297546012,0.297546012,0.297546012,0.297546012,0.297546012,0.297546012,0.297546012,0.297546012,0.095531587,0.095531587,0.095531587,0,0,0,0.211023622,0.211023622,0.211023622,,,,0.376053963,0.376053963,0.376053963,0.508169935,0.508169935,0.508169935,0.411965812,0.411965812,0.411965812
1638400,,,,,,,,,,,,,,,,,,,0,0,0,,,,,,,,,
1651200,0.264840183,0.264840183,0.264840183,0.264840183,0.264840183,0.264840183,0.264840183,0.264840183,0.264840183,0.120610687,0.120610687,0.120610687,0.001443001,0.001443001,0.001443001,0.186813187,0.186813187,0.186813187,,,,0.401694915,0.401694915,0.401694915,0.527777778,0.527777778,0.527777778,0.422222222,0.422222222,0.422222222
1667200,0.271056662,0.271056662,0.271056662,0.271056662,0.271056662,0.271056662,0.271056662,0.271056662,0.271056662,0.130368098,0.130368098,0.130368098,0.002886003,0.002886003,0.002886003,0.177394035,0.177394035,0.177394035,,,,0.368600683,0.368600683,0.368600683,0.534313725,0.534313725,0.534313725,0.44047619,0.44047619,0.44047619
1670400,,,,,,,,,,,,,,,,,,,0,0,0,,,,,,,,,
1683200,0.30474732,0.30474732,0.30474732,0.30474732,0.30474732,0.30474732,0.30474732,0.30474732,0.30474732,0.12,0.12,0.12,0,0,0,0.211930926,0.211930926,0.211930926,,,,0.371575342,0.371575342,0.371575342,0.484502447,0.484502447,0.484502447,0.417376491,0.417376491,0.417376491
1699200,0.315068493,0.315068493,0.315068493,0.315068493,0.315068493,0.315068493,0.315068493,0.315068493,0.315068493,0.083081571,0.083081571,0.083081571,0.002906977,0.002906977,0.002906977,0.167974882,0.167974882,0.167974882,,,,0.393220339,0.393220339,0.393220339,0.518699187,0.518699187,0.518699187,0.430531732,0.430531732,0.430531732
1702400,,,,,,,,,,,,,,,,,,,0,0,0,,,,,,,,,
1715200,0.262996942,0.262996942,0.262996942,0.262996942,0.262996942,0.262996942,0.262996942,0.262996942,0.262996942,0.117737003,0.117737003,0.117737003,0,0,0,0.199685535,0.199685535,0.199685535,,,,0.410344828,0.410344828,0.410344828,0.517073171,0.517073171,0.517073171,0.422945205,0.422945205,0.422945205
1731200,0.286594761,0.286594761,0.286594761,0.286594761,0.286594761,0.286594761,0.286594761,0.286594761,0.286594761,0.115151515,0.115151515,0.115151515,0.001432665,0.001432665,0.001432665,0.184251969,0.184251969,0.184251969,,,,0.391156463,0.391156463,0.391156463,0.510638298,0.510638298,0.510638298,0.466666667,0.466666667,0.466666667
1734400,,,,,,,,,,,,,,,,,,,0,0,0,,,,,,,,,
1747200,0.253435115,0.253435115,0.253435115,0.253435115,0.253435115,0.253435115,0.253435115,0.253435115,0.253435115,0.112977099,0.112977099,0.112977099,0.001436782,0.001436782,0.001436782,0.16224649,0.16224649,0.16224649,,,,0.441624365,0.441624365,0.441624365,0.51391162,0.51391162,0.51391162,0.47440273,0.47440273,0.47440273
1763200,0.26911315,0.26911315,0.26911315,0.26911315,0.26911315,0.26911315,0.26911315,0.26911315,0.26911315,0.124042879,0.124042879,0.124042879,0,0,0,0.1953125,0.1953125,0.1953125,,,,0.38330494,0.38330494,0.38330494,0.509933775,0.509933775,0.509933775,0.389365352,0.389365352,0.389365352
1766400,,,,,,,,,,,,,,,,,,,0,0,0,,,,,,,,,
1779200,0.343987823,0.343987823,0.343987823,0.343987823,0.343987823,0.343987823,0.343987823,0.343987823,0.343987823,0.140458015,0.140458015,0.140458015,0,0,0,0.197160883,0.197160883,0.197160883,,,,0.398637138,0.398637138,0.398637138,0.532894737,0.532894737,0.532894737,0.432989691,0.432989691,0.432989691
1795200,0.313364055,0.313364055,0.313364055,0.313364055,0.313364055,0.313364055,0.313364055,0.313364055,0.313364055,0.115562404,0.115562404,0.115562404,0.002881844,0.002881844,0.002881844,0.205007825,0.205007825,0.205007825,,,,0.428327645,0.428327645,0.428327645,0.554276316,0.554276316,0.554276316,0.447863248,0.447863248,0.447863248
1798400,,,,,,,,,,,,,,,,,,,0,0,0,,,,,,,,,
1811200,0.300911854,0.300911854,0.300911854,0.300911854,0.300911854,0.300911854,0.300911854,0.300911854,0.300911854,0.134556575,0.134556575,0.134556575,0,0,0,0.221169036,0.221169036,0.221169036,,,,0.401709402,0.401709402,0.401709402,0.517298188,0.517298188,0.517298188,0.441580756,0.441580756,0.441580756
1827200,0.30495356,0.30495356,0.30495356,0.30495356,0.30495356,0.30495356,0.30495356,0.30495356,0.30495356,0.130568356,0.130568356,0.130568356,0.001445087,0.001445087,0.001445087,0.167182663,0.167182663,0.167182663,,,,0.43814433,0.43814433,0.43814433,0.517241379,0.517241379,0.517241379,0.456896552,0.456896552,0.456896552
1830400,,,,,,,,,,,,,,,,,,,0,0,0,,,,,,,,,
1843200,0.328787879,0.328787879,0.328787879,0.328787879,0.328787879,0.328787879,0.328787879,0.328787879,0.328787879,0.14351145,0.14351145,0.14351145,0.001445087,0.001445087,0.001445087,0.202830189,0.202830189,0.202830189,,,,0.433447099,0.433447099,0.433447099,0.504091653,0.504091653,0.504091653,0.454388985,0.454388985,0.454388985
1859200,0.284627093,0.284627093,0.284627093,0.284627093,0.284627093,0.284627093,0.284627093,0.284627093,0.284627093,0.12037037,0.12037037,0.12037037,0.001436782,0.001436782,0.001436782,0.167711599,0.167711599,0.167711599,,,,0.413675214,0.413675214,0.413675214,0.503289474,0.503289474,0.503289474,0.453608247,0.453608247,0.453608247
1862400,,,,,,,,,,,,,,,,,,,0,0,0,,,,,,,,,
1875200,0.337962963,0.337962963,0.337962963,0.337962963,0.337962963,0.337962963,0.337962963,0.337962963,0.337962963,0.141552511,0.141552511,0.141552511,0.001445087,0.001445087,0.001445087,0.16873065,0.16873065,0.16873065,,,,0.439522998,0.439522998,0.439522998,0.539101498,0.539101498,0.539101498,0.471600688,0.471600688,0.471600688
1891200,0.328746177,0.328746177,0.328746177,0.328746177,0.328746177,0.328746177,0.328746177,0.328746177,0.328746177,0.133846154,0.133846154,0.133846154,0.001451379,0.001451379,0.001451379,0.169036335,0.169036335,0.169036335,,,,0.457191781,0.457191781,0.457191781,0.507487521,0.507487521,0.507487521,0.452830189,0.452830189,0.452830189
1894400,,,,,,,,,,,,,,,,,,,0,0,0,,,,,,,,,
1907200,0.276497696,0.276497696,0.276497696,0.276497696,0.276497696,0.276497696,0.276497696,0.276497696,0.276497696,0.104454685,0.104454685,0.104454685,0,0,0,0.201550388,0.201550388,0.201550388,,,,0.445205479,0.445205479,0.445205479,0.49752883,0.49752883,0.49752883,0.486254296,0.486254296,0.486254296
1923200,0.320987654,0.320987654,0.320987654,0.320987654,0.320987654,0.320987654,0.320987654,0.320987654,0.320987654,0.117737003,0.117737003,0.117737003,0,0,0,0.185647426,0.185647426,0.185647426,,,,0.477586207,0.477586207,0.477586207,0.541254125,0.541254125,0.541254125,0.418118467,0.418118467,0.418118467
1926400,,,,,,,,,,,,,,,,,,,0,0,0,,,,,,,,,
1939200,0.331811263,0.331811263,0.331811263,0.331811263,0.331811263,0.331811263,0.331811263,0.331811263,0.331811263,0.112804878,0.112804878,0.112804878,0.001455604,0.001455604,0.001455604,0.205651491,0.205651491,0.205651491,,,,0.452380952,0.452380952,0.452380952,0.473421927,0.473421927,0.473421927,0.438356164,0.438356164,0.438356164
1955200,0.319148936,0.319148936,0.319148936,0.319148936,0.319148936,0.319148936,0.319148936,0.319148936,0.319148936,0.097709924,0.097709924,0.097709924,0.002894356,0.002894356,0.002894356,0.170616114,0.170616114,0.170616114,,,,0.464716007,0.464716007,0.464716007,0.473509934,0.473509934,0.473509934,0.401724138,0.401724138,0.401724138
1958400,,,,,,,,,,,,,,,,,,,0,0,0,,,,,,,,,
1971200,0.312404288,0.312404288,0.312404288,0.312404288,0.312404288,0.312404288,0.312404288,0.312404288,0.312404288,0.100609756,0.100609756,0.100609756,0.002886003,0.002886003,0.002886003,0.181533646,0.181533646,0.181533646,,,,0.467687075,0.467687075,0.467687075,0.524834437,0.524834437,0.524834437,0.431778929,0.431778929,0.431778929
1987200,0.335877863,0.335877863,0.335877863,0.335877863,0.335877863,0.335877863,0.335877863,0.335877863,0.335877863,0.102918587,0.102918587,0.102918587,0,0,0,0.199367089,0.199367089,0.199367089,,,,0.464594128,0.464594128,0.464594128,0.521381579,0.521381579,0.521381579,0.412969283,0.412969283,0.412969283
1990400,,,,,,,,,,,,,,,,,,,0,0,0,,,,,,,,,
2003200,0.317557252,0.317557252,0.317557252,0.317557252,0.317557252,0.317557252,0.317557252,0.317557252,0.317557252,0.141321045,0.141321045,0.141321045,0.002886003,0.002886003,0.002886003,0.181677019,0.181677019,0.181677019,,,,0.514680484,0.514680484,0.514680484,0.537562604,0.537562604,0.537562604,0.433506045,0.433506045,0.433506045
2019200,0.354391371,0.354391371,0.354391371,0.354391371,0.354391371,0.354391371,0.354391371,0.354391371,0.354391371,0.106153846,0.106153846,0.106153846,0.002886003,0.002886003,0.002886003,0.179245283,0.179245283,0.179245283,,,,0.475862069,0.475862069,0.475862069,0.485996705,0.485996705,0.485996705,0.450777202,0.450777202,0.450777202
2022400,,,,,,,,,,,,,,,,,,,0,0,0,,,,,,,,,
2035200,0.349378882,0.349378882,0.349378882,0.349378882,0.349378882,0.349378882,0.349378882,0.349378882,0.349378882,0.110769231,0.110769231,0.110769231,0.001449275,0.001449275,0.001449275,0.202194357,0.202194357,0.202194357,,,,0.446366782,0.446366782,0.446366782,0.490878939,0.490878939,0.490878939,0.415384615,0.415384615,0.415384615
2051200,0.36196319,0.36196319,0.36196319,0.36196319,0.36196319,0.36196319,0.36196319,0.36196319,0.36196319,0.12652439,0.12652439,0.12652439,0.002906977,0.002906977,0.002906977,0.198425197,0.198425197,0.198425197,,,,0.493079585,0.493079585,0.493079585,0.476112026,0.476112026,0.476112026,0.417962003,0.417962003,0.417962003
2054400,,,,,,,,,,,,,,,,,,,0,0,0,,,,,,,,,
2067200,0.365625,0.365625,0.365625,0.365625,0.365625,0.365625,0.365625,0.365625,0.365625,0.135384615,0.135384615,0.135384615,0.001440922,0.001440922,0.001440922,0.201257862,0.201257862,0.201257862,,,,0.463247863,0.463247863,0.463247863,0.557788945,0.557788945,0.557788945,0.446180556,0.446180556,0.446180556
2083200,0.3140625,0.3140625,0.3140625,0.3140625,0.3140625,0.3140625,0.3140625,0.3140625,0.3140625,0.12863706,0.12863706,0.12863706,0.001443001,0.001443001,0.001443001,0.212598425,0.212598425,0.212598425,,,,0.484429066,0.484429066,0.484429066,0.533106961,0.533106961,0.533106961,0.462608696,0.462608696,0.462608696
2086400,,,,,,,,,,,,,,,,,,,0,0,0,,,,,,,,,
2099200,0.338461538,0.338461538,0.338461538,0.338461538,0.338461538,0.338461538,0.338461538,0.338461538,0.338461538,0.108562691,0.108562691,0.108562691,0,0,0,0.209191759,0.209191759,0.209191759,,,,0.459272097,0.459272097,0.459272097,0.477386935,0.477386935,0.477386935,0.465968586,0.465968586,0.465968586
2115200,0.356923077,0.356923077,0.356923077,0.356923077,0.356923077,0.356923077,0.356923077,0.356923077,0.356923077,0.109230769,0.109230769,0.109230769,0,0,0,0.189358372,0.189358372,0.189358372,,,,0.433962264,0.433962264,0.433962264,0.496655518,0.496655518,0.496655518,0.445217391,0.445217391,0.445217391
2118400,,,,,,,,,,,,,,,,,,,0,0,0,,,,,,,,,
2131200,0.321592649,0.321592649,0.321592649,0.321592649,0.321592649,0.321592649,0.321592649,0.321592649,0.321592649,0.111280488,0.111280488,0.111280488,0.002886003,0.002886003,0.002886003,0.180533752,0.180533752,0.180533752,,,,0.507718696,0.507718696,0.507718696,0.510851419,0.510851419,0.510851419,0.431542461,0.431542461,0.431542461
2147200,0.329770992,0.329770992,0.329770992,0.329770992,0.329770992,0.329770992,0.329770992,0.329770992,0.329770992,0.115207373,0.115207373,0.115207373,0,0,0,0.179407176,0.179407176,0.179407176,,,,0.493055556,0.493055556,0.493055556,0.497478992,0.497478992,0.497478992,0.434027778,0.434027778,0.434027778
2150400,,,,,,,,,,,,,,,,,,,0,0,0,,,,,,,,,
2163200,0.369565217,0.369565217,0.369565217,0.369565217,0.369565217,0.369565217,0.369565217,0.369565217,0.369565217,0.108895706,0.108895706,0.108895706,0.005805515,0.005805515,0.005805515,0.178683386,0.178683386,0.178683386,,,,0.492254733,0.492254733,0.492254733,0.506644518,0.506644518,0.506644518,0.43902439,0.43902439,0.43902439
2179200,0.359253499,0.359253499,0.359253499,0.359253499,0.359253499,0.359253499,0.359253499,0.359253499,0.359253499,0.114503817,0.114503817,0.114503817,0,0,0,0.238244514,0.238244514,0.238244514,,,,0.476521739,0.476521739,0.476521739,0.489966555,0.489966555,0.489966555,0.414211438,0.414211438,0.414211438
2182400,,,,,,,,,,,,,,,,,,,0,0,0,,,,,,,,,
2195200,0.395348837,0.395348837,0.395348837,0.395348837,0.395348837,0.395348837,0.395348837,0.395348837,0.395348837,0.106870229,0.106870229,0.106870229,0,0,0,0.210110585,0.210110585,0.210110585,,,,0.492227979,0.492227979,0.492227979,0.529610829,0.529610829,0.529610829,0.442906574,0.442906574,0.442906574
2211200,0.374603175,0.374603175,0.374603175,0.374603175,0.374603175,0.374603175,0.374603175,0.374603175,0.374603175,0.110260337,0.110260337,0.110260337,0,0,0,0.20846395,0.20846395,0.20846395,,,,0.466552316,0.466552316,0.466552316,0.511784512,0.511784512,0.511784512,0.411867365,0.411867365,0.411867365
2214400,,,,,,,,,,,,,,,,,,,0,0,0,,,,,,,,,
2227200,0.375394322,0.375394322,0.375394322,0.375394322,0.375394322,0.375394322,0.375394322,0.375394322,0.375394322,0.12788906,0.12788906,0.12788906,0,0,0,0.186119874,0.186119874,0.186119874,,,,0.593425606,0.593425606,0.593425606,0.530988275,0.530988275,0.530988275,0.436206897,0.436206897,0.436206897
2243200,0.328682171,0.328682171,0.328682171,0.328682171,0.328682171,0.328682171,0.328682171,0.328682171,0.328682171,0.110599078,0.110599078,0.110599078,0,0,0,0.1890625,0.1890625,0.1890625,,,,0.518010292,0.518010292,0.518010292,0.511945392,0.511945392,0.511945392,0.457391304,0.457391304,0.457391304
2246400,,,,,,,,,,,,,,,,,,,0,0,0,,,,,,,,,
2259200,0.377358491,0.377358491,0.377358491,0.377358491,0.377358491,0.377358491,0.377358491,0.377358491,0.377358491,0.112977099,0.112977099,0.112977099,0,0,0,0.184375,0.184375,0.184375,,,,0.490467938,0.490467938,0.490467938,0.521008403,0.521008403,0.521008403,0.456445993,0.456445993,0.456445993
2275200,0.373040752,0.373040752,0.373040752,0.373040752,0.373040752,0.373040752,0.373040752,0.373040752,0.373040752,0.122699387,0.122699387,0.122699387,0.001438849,0.001438849,0.001438849,0.182677165,0.182677165,0.182677165,,,,0.531034483,0.531034483,0.531034483,0.544067797,0.544067797,0.544067797,0.454861111,0.454861111,0.454861111
2278400,,,,,,,,,,,,,,,,,,,0,0,0,,,,,,,,,
2291200,0.3640625,0.3640625,0.3640625,0.3640625,0.3640625,0.3640625,0.3640625,0.3640625,0.3640625,0.106707317,0.106707317,0.106707317,0.001440922,0.001440922,0.001440922,0.190327613,0.190327613,0.190327613,,,,0.488013699,0.488013699,0.488013699,0.492333901,0.492333901,0.492333901,0.471304348,0.471304348,0.471304348
2307200,0.38366718,0.38366718,0.38366718,0.38366718,0.38366718,0.38366718,0.38366718,0.38366718,0.38366718,0.091883614,0.091883614,0.091883614,0,0,0,0.184952978,0.184952978,0.184952978,,,,0.50862069,0.50862069,0.50862069,0.527303754,0.527303754,0.527303754,0.43728223,0.43728223,0.43728223
2310400,,,,,,,,,,,,,,,,,,,0,0,0,,,,,,,,,
2323200,0.365054602,0.365054602,0.365054602,0.365054602,0.365054602,0.365054602,0.365054602,0.365054602,0.365054602,0.127527216,0.127527216,0.127527216,0.002886003,0.002886003,0.002886003,0.210361068,0.210361068,0.210361068,,,,0.494845361,0.494845361,0.494845361,0.564924115,0.564924115,0.564924115,0.463414634,0.463414634,0.463414634
2339200,0.376160991,0.376160991,0.376160991,0.376160991,0.376160991,0.376160991,0.376160991,0.376160991,0.376160991,0.099540582,0.099540582,0.099540582,0,0,0,0.201892744,0.201892744,0.201892744,,,,0.482758621,0.482758621,0.482758621,0.527731092,0.527731092,0.527731092,0.437062937,0.437062937,0.437062937
2342400,,,,,,,,,,,,,,,,,,,0,0,0,,,,,,,,,
2355200,0.370486656,0.370486656,0.370486656,0.370486656,0.370486656,0.370486656,0.370486656,0.370486656,0.370486656,0.097264438,0.097264438,0.097264438,0.001445087,0.001445087,0.001445087,0.197160883,0.197160883,0.197160883,,,,0.492254733,0.492254733,0.492254733,0.543147208,0.543147208,0.543147208,0.451219512,0.451219512,0.451219512
2371200,0.395899054,0.395899054,0.395899054,0.395899054,0.395899054,0.395899054,0.395899054,0.395899054,0.395899054,0.118721461,0.118721461,0.118721461,0.00143472,0.00143472,0.00143472,0.225705329,0.225705329,0.225705329,,,,0.486206897,0.486206897,0.486206897,0.529411765,0.529411765,0.529411765,0.471304348,0.471304348,0.471304348
2374400,,,,,,,,,,,,,,,,,,,0,0,0,,,,,,,,,
2387200,0.356918239,0.356918239,0.356918239,0.356918239,0.356918239,0.356918239,0.356918239,0.356918239,0.356918239,0.108231707,0.108231707,0.108231707,0,0,0,0.193146417,0.193146417,0.193146417,,,,0.461273666,0.461273666,0.461273666,0.57337884,0.57337884,0.57337884,0.486865149,0.486865149,0.486865149
2403200,0.371248025,0.371248025,0.371248025,0.371248025,0.371248025,0.371248025,0.371248025,0.371248025,0.371248025,0.112121212,0.112121212,0.112121212,0.002898551,0.002898551,0.002898551,0.201892744,0.201892744,0.201892744,,,,0.490533563,0.490533563,0.490533563,0.56196944,0.56196944,0.56196944,0.495636998,0.495636998,0.495636998
2406400,,,,,,,,,,,,,,,,,,,0,0,0,,,,,,,,,
2419200,0.368916797,0.368916797,0.368916797,0.368916797,0.368916797,0.368916797,0.368916797,0.368916797,0.368916797,0.107858243,0.107858243,0.107858243,0.001457726,0.001457726,0.001457726,0.210031348,0.210031348,0.210031348,,,,0.498275862,0.498275862,0.498275862,0.512690355,0.512690355,0.512690355,0.496527778,0.496527778,0.496527778
2435200,0.365354331,0.365354331,0.365354331,0.365354331,0.365354331,0.365354331,0.365354331,0.365354331,0.365354331,0.10906298,0.10906298,0.10906298,0.002902758,0.002902758,0.002902758,0.1984375,0.1984375,0.1984375,,,,0.556325823,0.556325823,0.556325823,0.503378378,0.503378378,0.503378378,0.452006981,0.452006981,0.452006981
2438400,,,,,,,,,,,,,,,,,,,0,0,0,,,,,,,,,
2451200,0.356918239,0.356918239,0.356918239,0.356918239,0.356918239,0.356918239,0.356918239,0.356918239,0.356918239,0.13190184,0.13190184,0.13190184,0.00143472,0.00143472,0.00143472,0.1829653,0.1829653,0.1829653,,,,0.501724138,0.501724138,0.501724138,0.495769882,0.495769882,0.495769882,0.417832168,0.417832168,0.417832168
2467200,0.384858044,0.384858044,0.384858044,0.384858044,0.384858044,0.384858044,0.384858044,0.384858044,0.384858044,0.115853659,0.115853659,0.115853659,0.004310345,0.004310345,0.004310345,0.180250784,0.180250784,0.180250784,,,,0.511187608,0.511187608,0.511187608,0.527027027,0.527027027,0.527027027,0.470383275,0.470383275,0.470383275
2470400,,,,,,,,,,,,,,,,,,,0,0,0,,,,,,,,,
2483200,0.385103011,0.385103011,0.385103011,0.385103011,0.385103011,0.385103011,0.385103011,0.385103011,0.385103011,0.15503876,0.15503876,0.15503876,0.001436782,0.001436782,0.001436782,0.217868339,0.217868339,0.217868339,,,,0.50779896,0.50779896,0.50779896,0.571912014,0.571912014,0.571912014,0.479020979,0.479020979,0.479020979
2499200,0.38277512,0.38277512,0.38277512,0.38277512,0.38277512,0.38277512,0.38277512,0.38277512,0.38277512,0.138248848,0.138248848,0.138248848,0,0,0,0.192789969,0.192789969,0.192789969,,,,0.477508651,0.477508651,0.477508651,0.515202703,0.515202703,0.515202703,0.465034965,0.465034965,0.465034965
2502400,,,,,,,,,,,,,,,,,,,0,0,0,,,,,,,,,
2515200,0.393312102,0.393312102,0.393312102,0.393312102,0.393312102,0.393312102,0.393312102,0.393312102,0.393312102,0.130368098,0.130368098,0.130368098,0.001449275,0.001449275,0.001449275,0.17370892,0.17370892,0.17370892,,,,0.519097222,0.519097222,0.519097222,0.551260504,0.551260504,0.551260504,0.484265734,0.484265734,0.484265734
2531200,0.409309791,0.409309791,0.409309791,0.409309791,0.409309791,0.409309791,0.409309791,0.409309791,0.409309791,0.120556414,0.120556414,0.120556414,0.004329004,0.004329004,0.004329004,0.196875,0.196875,0.196875,,,,0.488734835,0.488734835,0.488734835,0.52852349,0.52852349,0.52852349,0.487762238,0.487762238,0.487762238
2534400,,,,,,,,,,,,,,,,,,,0,0,0,,,,,,,,,
2547200,0.40188383,0.40188383,0.40188383,0.40188383,0.40188383,0.40188383,0.40188383,0.40188383,0.40188383,0.127300613,0.127300613,0.127300613,0.002881844,0.002881844,0.002881844,0.191522763,0.191522763,0.191522763,,,,0.519930676,0.519930676,0.519930676,0.563667233,0.563667233,0.563667233,0.464664311,0.464664311,0.464664311
2563200,0.44141252,0.44141252,0.44141252,0.44141252,0.44141252,0.44141252,0.44141252,0.44141252,0.44141252,0.115677321,0.115677321,0.115677321,0.001457726,0.001457726,0.001457726,0.191222571,0.191222571,0.191222571,,,,0.524221453,0.524221453,0.524221453,0.576068376,0.576068376,0.576068376,0.460595447,0.460595447,0.460595447
2566400,,,,,,,,,,,,,,,,,,,0,0,0,,,,,,,,,
2579200,0.3952,0.3952,0.3952,0.3952,0.3952,0.3952,0.3952,0.3952,0.3952,0.13190184,0.13190184,0.13190184,0,0,0,0.196850394,0.196850394,0.196850394,,,,0.477586207,0.477586207,0.477586207,0.549152542,0.549152542,0.549152542,0.487676056,0.487676056,0.487676056
2595200,0.389776358,0.389776358,0.389776358,0.389776358,0.389776358,0.389776358,0.389776358,0.389776358,0.389776358,0.125193199,0.125193199,0.125193199,0,0,0,0.186119874,0.186119874,0.186119874,,,,0.493055556,0.493055556,0.493055556,0.551607445,0.551607445,0.551607445,0.444250871,0.444250871,0.444250871
2598400,,,,,,,,,,,,,,,,,,,0,0,0,,,,,,,,,
2611200,0.40063593,0.40063593,0.40063593,0.40063593,0.40063593,0.40063593,0.40063593,0.40063593,0.40063593,0.127692308,0.127692308,0.127692308,0.001447178,0.001447178,0.001447178,0.178963893,0.178963893,0.178963893,,,,0.513937282,0.513937282,0.513937282,0.511824324,0.511824324,0.511824324,0.439716312,0.439716312,0.439716312
2627200,0.398744113,0.398744113,0.398744113,0.398744113,0.398744113,0.398744113,0.398744113,0.398744113,0.398744113,0.107361963,0.107361963,0.107361963,0,0,0,0.211356467,0.211356467,0.211356467,,,,0.495621716,0.495621716,0.495621716,0.546531303,0.546531303,0.546531303,0.480701754,0.480701754,0.480701754
2630400,,,,,,,,,,,,,,,,,,,0,0,0,,,,,,,,,
2643200,0.398744113,0.398744113,0.398744113,0.398744113,0.398744113,0.398744113,0.398744113,0.398744113,0.398744113,0.131498471,0.131498471,0.131498471,0.002894356,0.002894356,0.002894356,0.192125984,0.192125984,0.192125984,,,,0.560632689,0.560632689,0.560632689,0.584327087,0.584327087,0.584327087,0.503521127,0.503521127,0.503521127
2659200,0.44549763,0.44549763,0.44549763,0.44549763,0.44549763,0.44549763,0.44549763,0.44549763,0.44549763,0.139570552,0.139570552,0.139570552,0,0,0,0.1828125,0.1828125,0.1828125,,,,0.556140351,0.556140351,0.556140351,0.537671233,0.537671233,0.537671233,0.49122807,0.49122807,0.49122807
2662400,,,,,,,,,,,,,,,,,,,0,0,0,,,,,,,,,
2675200,0.405405405,0.405405405,0.405405405,0.405405405,0.405405405,0.405405405,0.405405405,0.405405405,0.405405405,0.114503817,0.114503817,0.114503817,0.004385965,0.004385965,0.004385965,0.198748044,0.198748044,0.198748044,,,,0.519163763,0.519163763,0.519163763,0.531409168,0.531409168,0.531409168,0.402802102,0.402802102,0.402802102
2691200,0.428120063,0.428120063,0.428120063,0.428120063,0.428120063,0.428120063,0.428120063,0.428120063,0.428120063,0.108562691,0.108562691,0.108562691,0.001438849,0.001438849,0.001438849,0.210691824,0.210691824,0.210691824,,,,0.552447552,0.552447552,0.552447552,0.522033898,0.522033898,0.522033898,0.488495575,0.488495575,0.488495575
2694400,,,,,,,,,,,,,,,,,,,0,0,0,,,,,,,,,
2707200,0.421303657,0.421303657,0.421303657,0.421303657,0.421303657,0.421303657,0.421303657,0.421303657,0.421303657,0.118461538,0.118461538,0.118461538,0.002898551,0.002898551,0.002898551,0.180250784,0.180250784,0.180250784,,,,0.547368421,0.547368421,0.547368421,0.505067568,0.505067568,0.505067568,0.40034662,0.40034662,0.40034662
2723200,0.454258675,0.454258675,0.454258675,0.454258675,0.454258675,0.454258675,0.454258675,0.454258675,0.454258675,0.126738794,0.126738794,0.126738794,0,0,0,0.191823899,0.191823899,0.191823899,,,,0.519163763,0.519163763,0.519163763,0.57337884,0.57337884,0.57337884,0.46031746,0.46031746,0.46031746
2726400,,,,,,,,,,,,,,,,,,,0,0,0,,,,,,,,,
2739200,0.434713376,0.434713376,0.434713376,0.434713376,0.434713376,0.434713376,0.434713376,0.434713376,0.434713376,0.108895706,0.108895706,0.108895706,0.005797101,0.005797101,0.005797101,0.2046875,0.2046875,0.2046875,,,,0.525394046,0.525394046,0.525394046,0.528205128,0.528205128,0.528205128,0.468309859,0.468309859,0.468309859
2755200,0.458135861,0.458135861,0.458135861,0.458135861,0.458135861,0.458135861,0.458135861,0.458135861,0.458135861,0.098310292,0.098310292,0.098310292,0.002898551,0.002898551,0.002898551,0.185826772,0.185826772,0.185826772,,,,0.513937282,0.513937282,0.513937282,0.585034014,0.585034014,0.585034014,0.48324515,0.48324515,0.48324515
2758400,,,,,,,,,,,,,,,,,,,0,0,0,,,,,,,,,
2771200,0.441033926,0.441033926,0.441033926,0.441033926,0.441033926,0.441033926,0.441033926,0.441033926,0.441033926,0.115384615,0.115384615,0.115384615,0.001432665,0.001432665,0.001432665,0.186520376,0.186520376,0.186520376,,,,0.53602812,0.53602812,0.53602812,0.550600343,0.550600343,0.550600343,0.418727915,0.418727915,0.418727915
2787200,0.431528662,0.431528662,0.431528662,0.431528662,0.431528662,0.431528662,0.431528662,0.431528662,0.431528662,0.132307692,0.132307692,0.132307692,0,0,0,0.20625,0.20625,0.20625,,,,0.54770318,0.54770318,0.54770318,0.480475382,0.480475382,0.480475382,0.448336252,0.448336252,0.448336252
2790400,,,,,,,,,,,,,,,,,,,0,0,0,,,,,,,,,
2803200,0.4016,0.4016,0.4016,0.4016,0.4016,0.4016,0.4016,0.4016,0.4016,0.121165644,0.121165644,0.121165644,0,0,0,0.175273865,0.175273865,0.175273865,,,,0.482578397,0.482578397,0.482578397,0.540034072,0.540034072,0.540034072,0.458110517,0.458110517,0.458110517
2819200,0.398753894,0.398753894,0.398753894,0.398753894,0.398753894,0.398753894,0.398753894,0.398753894,0.398753894,0.115853659,0.115853659,0.115853659,0.002902758,0.002902758,0.002902758,0.210443038,0.210443038,0.210443038,,,,0.507017544,0.507017544,0.507017544,0.542517007,0.542517007,0.542517007,0.467486819,0.467486819,0.467486819
2822400,,,,,,,,,,,,,,,,,,,0,0,0,,,,,,,,,
2835200,0.42172524,0.42172524,0.42172524,0.42172524,0.42172524,0.42172524,0.42172524,0.42172524,0.42172524,0.116385911,0.116385911,0.116385911,0.001436782,0.001436782,0.001436782,0.184375,0.184375,0.184375,,,,0.52972028,0.52972028,0.52972028,0.527210884,0.527210884,0.527210884,0.468805704,0.468805704,0.468805704
2851200,0.413522013,0.413522013,0.413522013,0.413522013,0.413522013,0.413522013,0.413522013,0.413522013,0.413522013,0.118181818,0.118181818,0.118181818,0.001445087,0.001445087,0.001445087,0.174652241,0.174652241,0.174652241,,,,0.593639576,0.593639576,0.593639576,0.523569024,0.523569024,0.523569024,0.49822695,0.49822695,0.49822695
2854400,,,,,,,,,,,,,,,,,,,0,0,0,,,,,,,,,
2867200,0.433811802,0.433811802,0.433811802,0.433811802,0.433811802,0.433811802,0.433811802,0.433811802,0.433811802,0.120795107,0.120795107,0.120795107,0,0,0,0.2046875,0.2046875,0.2046875,,,,0.514938489,0.514938489,0.514938489,0.54822335,0.54822335,0.54822335,0.44858156,0.44858156,0.44858156
2883200,0.389671362,0.389671362,0.389671362,0.389671362,0.389671362,0.389671362,0.389671362,0.389671362,0.389671362,0.102760736,0.102760736,0.102760736,0.004373178,0.004373178,0.004373178,0.185647426,0.185647426,0.185647426,,,,0.553003534,0.553003534,0.553003534,0.563884157,0.563884157,0.563884157,0.448214286,0.448214286,0.448214286
2886400,,,,,,,,,,,,,,,,,,,0,0,0,,,,,,,,,
2899200,0.443910256,0.443910256,0.443910256,0.443910256,0.443910256,0.443910256,0.443910256,0.443910256,0.443910256,0.134674923,0.134674923,0.134674923,0,0,0,0.203149606,0.203149606,0.203149606,,,,0.561403509,0.561403509,0.561403509,0.547457627,0.547457627,0.547457627,0.464539007,0.464539007,0.464539007
2915200,0.439178515,0.439178515,0.439178515,0.439178515,0.439178515,0.439178515,0.439178515,0.439178515,0.439178515,0.133027523,0.133027523,0.133027523,0,0,0,0.185647426,0.185647426,0.185647426,,,,0.524734982,0.524734982,0.524734982,0.529711375,0.529711375,0.529711375,0.43539823,0.43539823,0.43539823
2918400,,,,,,,,,,,,,,,,,,,0,0,0,,,,,,,,,
2931200,0.431496063,0.431496063,0.431496063,0.431496063,0.431496063,0.431496063,0.431496063,0.431496063,0.431496063,0.120980092,0.120980092,0.120980092,0.001447178,0.001447178,0.001447178,0.197492163,0.197492163,0.197492163,,,,0.529100529,0.529100529,0.529100529,0.54822335,0.54822335,0.54822335,0.436170213,0.436170213,0.436170213
2947200,0.419811321,0.419811321,0.419811321,0.419811321,0.419811321,0.419811321,0.419811321,0.419811321,0.419811321,0.115562404,0.115562404,0.115562404,0.001443001,0.001443001,0.001443001,0.195275591,0.195275591,0.195275591,,,,0.508802817,0.508802817,0.508802817,0.560477002,0.560477002,0.560477002,0.43639576,0.43639576,0.43639576
2950400,,,,,,,,,,,,,,,,,,,0,0,0,,,,,,,,,
2963200,0.442519685,0.442519685,0.442519685,0.442519685,0.442519685,0.442519685,0.442519685,0.442519685,0.442519685,0.105666156,0.105666156,0.105666156,0.001459854,0.001459854,0.001459854,0.212264151,0.212264151,0.212264151,,,,0.521052632,0.521052632,0.521052632,0.575342466,0.575342466,0.575342466,0.493783304,0.493783304,0.493783304
2979200,0.437598736,0.437598736,0.437598736,0.437598736,0.437598736,0.437598736,0.437598736,0.437598736,0.437598736,0.13559322,0.13559322,0.13559322,0,0,0,0.183962264,0.183962264,0.183962264,,,,0.523893805,0.523893805,0.523893805,0.540540541,0.540540541,0.540540541,0.468805704,0.468805704,0.468805704
2982400,,,,,,,,,,,,,,,,,,,0,0,0,,,,,,,,,
2995200,0.472266244,0.472266244,0.472266244,0.472266244,0.472266244,0.472266244,0.472266244,0.472266244,0.472266244,0.13003096,0.13003096,0.13003096,0.001438849,0.001438849,0.001438849,0.192125984,0.192125984,0.192125984,,,,0.533333333,0.533333333,0.533333333,0.540955631,0.540955631,0.540955631,0.46714032,0.46714032,0.46714032
3011200,0.430141287,0.430141287,0.430141287,0.430141287,0.430141287,0.430141287,0.430141287,0.430141287,0.430141287,0.137345679,0.137345679,0.137345679,0.004347826,0.004347826,0.004347826,0.163009404,0.163009404,0.163009404,,,,0.50262697,0.50262697,0.50262697,0.532423208,0.532423208,0.532423208,0.459893048,0.459893048,0.459893048
3014400,,,,,,,,,,,,,,,,,,,0,0,0,,,,,,,,,
3027200,0.419303797,0.419303797,0.419303797,0.419303797,0.419303797,0.419303797,0.419303797,0.419303797,0.419303797,0.109230769,0.109230769,0.109230769,0.001449275,0.001449275,0.001449275,0.19470405,0.19470405,0.19470405,,,,0.556140351,0.556140351,0.556140351,0.520618557,0.520618557,0.520618557,0.430335097,0.430335097,0.430335097
3043200,0.441130298,0.441130298,0.441130298,0.441130298,0.441130298,0.441130298,0.441130298,0.441130298,0.441130298,0.129829985,0.129829985,0.129829985,0.00728863,0.00728863,0.00728863,0.172195893,0.172195893,0.172195893,,,,0.534391534,0.534391534,0.534391534,0.519591141,0.519591141,0.519591141,0.520572451,0.520572451,0.520572451
3046400,,,,,,,,,,,,,,,,,,,0,0,0,,,,,,,,,
3059200,0.433811802,0.433811802,0.433811802,0.433811802,0.433811802,0.433811802,0.433811802,0.433811802,0.433811802,0.143518519,0.143518519,0.143518519,0.001449275,0.001449275,0.001449275,0.197160883,0.197160883,0.197160883,,,,0.520979021,0.520979021,0.520979021,0.494037479,0.494037479,0.494037479,0.465486726,0.465486726,0.465486726
3075200,0.440758294,0.440758294,0.440758294,0.440758294,0.440758294,0.440758294,0.440758294,0.440758294,0.440758294,0.106707317,0.106707317,0.106707317,0,0,0,0.16744186,0.16744186,0.16744186,,,,0.543209877,0.543209877,0.543209877,0.562607204,0.562607204,0.562607204,0.466431095,0.466431095,0.466431095
3078400,,,,,,,,,,,,,,,,,,,0,0,0,,,,,,,,,
3091200,0.42476489,0.42476489,0.42476489,0.42476489,0.42476489,0.42476489,0.42476489,0.42476489,0.42476489,0.104294479,0.104294479,0.104294479,0.005797101,0.005797101,0.005797101,0.202194357,0.202194357,0.202194357,,,,0.525483304,0.525483304,0.525483304,0.546232877,0.546232877,0.546232877,0.477797513,0.477797513,0.477797513
3107200,0.431924883,0.431924883,0.431924883,0.431924883,0.431924883,0.431924883,0.431924883,0.431924883,0.431924883,0.130368098,0.130368098,0.130368098,0.001440922,0.001440922,0.001440922,0.192488263,0.192488263,0.192488263,,,,0.504424779,0.504424779,0.504424779,0.532534247,0.532534247,0.532534247,0.515044248,0.515044248,0.515044248
3110400,,,,,,,,,,,,,,,,,,,0,0,0,,,,,,,,,
3123200,0.44375,0.44375,0.44375,0.44375,0.44375,0.44375,0.44375,0.44375,0.44375,0.142194745,0.142194745,0.142194745,0.001459854,0.001459854,0.001459854,0.181102362,0.181102362,0.181102362,,,,0.485008818,0.485008818,0.485008818,0.539792388,0.539792388,0.539792388,0.476534296,0.476534296,0.476534296
3139200,0.42700157,0.42700157,0.42700157,0.42700157,0.42700157,0.42700157,0.42700157,0.42700157,0.42700157,0.12808642,0.12808642,0.12808642,0.001449275,0.001449275,0.001449275,0.225705329,0.225705329,0.225705329,,,,0.506129597,0.506129597,0.506129597,0.520547945,0.520547945,0.520547945,0.486631016,0.486631016,0.486631016
3142400,,,,,,,,,,,,,,,,,,,0,0,0,,,,,,,,,
3155200,0.441455696,0.441455696,0.441455696,0.441455696,0.441455696,0.441455696,0.441455696,0.441455696,0.441455696,0.124430956,0.124430956,0.124430956,0.001447178,0.001447178,0.001447178,0.198113208,0.198113208,0.198113208,,,,0.527336861,0.527336861,0.527336861,0.518900344,0.518900344,0.518900344,0.450980392,0.450980392,0.450980392
3171200,0.465489567,0.465489567,0.465489567,0.465489567,0.465489567,0.465489567,0.465489567,0.465489567,0.465489567,0.12195122,0.12195122,0.12195122,0.001440922,0.001440922,0.001440922,0.1984375,0.1984375,0.1984375,,,,0.536283186,0.536283186,0.536283186,0.545138889,0.545138889,0.545138889,0.489361702,0.489361702,0.489361702
3174400,,,,,,,,,,,,,,,,,,,0,0,0,,,,,,,,,
3187200,0.4464,0.4464,0.4464,0.4464,0.4464,0.4464,0.4464,0.4464,0.4464,0.105343511,0.105343511,0.105343511,0,0,0,0.180967239,0.180967239,0.180967239,,,,0.524561404,0.524561404,0.524561404,0.547332186,0.547332186,0.547332186,0.484848485,0.484848485,0.484848485
3203200,0.448717949,0.448717949,0.448717949,0.448717949,0.448717949,0.448717949,0.448717949,0.448717949,0.448717949,0.140215716,0.140215716,0.140215716,0,0,0,0.194006309,0.194006309,0.194006309,,,,0.522045855,0.522045855,0.522045855,0.513793103,0.513793103,0.513793103,0.477876106,0.477876106,0.477876106
3206400,,,,,,,,,,,,,,,,,,,0,0,0,,,,,,,,,
3219200,0.428797468,0.428797468,0.428797468,0.428797468,0.428797468,0.428797468,0.428797468,0.428797468,0.428797468,0.130168453,0.130168453,0.130168453,0.002906977,0.002906977,0.002906977,0.175824176,0.175824176,0.175824176,,,,0.514938489,0.514938489,0.514938489,0.496551724,0.496551724,0.496551724,0.45,0.45,0.45
3235200,0.440381558,0.440381558,0.440381558,0.440381558,0.440381558,0.440381558,0.440381558,0.440381558,0.440381558,0.140888208,0.140888208,0.140888208,0.005772006,0.005772006,0.005772006,0.217322835,0.217322835,0.217322835,,,,0.500884956,0.500884956,0.500884956,0.544982699,0.544982699,0.544982699,0.476021314,0.476021314,0.476021314
3238400,,,,,,,,,,,,,,,,,,,0,0,0,,,,,,,,,
3251200,0.452950558,0.452950558,0.452950558,0.452950558,0.452950558,0.452950558,0.452950558,0.452950558,0.452950558,0.111620795,0.111620795,0.111620795,0.004329004,0.004329004,0.004329004,0.197492163,0.197492163,0.197492163,,,,0.512323944,0.512323944,0.512323944,0.486910995,0.486910995,0.486910995,0.5,0.5,0.5
3267200,0.464454976,0.464454976,0.464454976,0.464454976,0.464454976,0.464454976,0.464454976,0.464454976,0.464454976,0.118721461,0.118721461,0.118721461,0.004347826,0.004347826,0.004347826,0.205007825,0.205007825,0.205007825,,,,0.528169014,0.528169014,0.528169014,0.526770294,0.526770294,0.526770294,0.421428571,0.421428571,0.421428571
3270400,,,,,,,,,,,,,,,,,,,0,0,0,,,,,,,,,
3283200,0.481361426,0.481361426,0.481361426,0.481361426,0.481361426,0.481361426,0.481361426,0.481361426,0.481361426,0.147919877,0.147919877,0.147919877,0.004373178,0.004373178,0.004373178,0.200941915,0.200941915,0.200941915,,,,0.518453427,0.518453427,0.518453427,0.526770294,0.526770294,0.526770294,0.471530249,0.471530249,0.471530249
3299200,0.43081761,0.43081761,0.43081761,0.43081761,0.43081761,0.43081761,0.43081761,0.43081761,0.43081761,0.127105666,0.127105666,0.127105666,0,0,0,0.201257862,0.201257862,0.201257862,,,,0.51142355,0.51142355,0.51142355,0.494809689,0.494809689,0.494809689,0.475352113,0.475352113,0.475352113
3302400,,,,,,,,,,,,,,,,,,,0,0,0,,,,,,,,,
3315200,0.448387097,0.448387097,0.448387097,0.448387097,0.448387097,0.448387097,0.448387097,0.448387097,0.448387097,0.111620795,0.111620795,0.111620795,0.001449275,0.001449275,0.001449275,0.178683386,0.178683386,0.178683386,,,,0.526501767,0.526501767,0.526501767,0.552083333,0.552083333,0.552083333,0.461130742,0.461130742,0.461130742
3331200,0.466346154,0.466346154,0.466346154,0.466346154,0.466346154,0.466346154,0.466346154,0.466346154,0.466346154,0.117103236,0.117103236,0.117103236,0.001443001,0.001443001,0.001443001,0.184087363,0.184087363,0.184087363,,,,0.482394366,0.482394366,0.482394366,0.53125,0.53125,0.53125,0.448943662,0.448943662,0.448943662
3334400,,,,,,,,,,,,,,,,,,,0,0,0,,,,,,,,,
3347200,0.4784,0.4784,0.4784,0.4784,0.4784,0.4784,0.4784,0.4784,0.4784,0.127105666,0.127105666,0.127105666,0.002886003,0.002886003,0.002886003,0.2,0.2,0.2,,,,0.469964664,0.469964664,0.469964664,0.506825939,0.506825939,0.506825939,0.459363958,0.459363958,0.459363958
3363200,0.496794872,0.496794872,0.496794872,0.496794872,0.496794872,0.496794872,0.496794872,0.496794872,0.496794872,0.115677321,0.115677321,0.115677321,0.002873563,0.002873563,0.002873563,0.203442879,0.203442879,0.203442879,,,,0.526501767,0.526501767,0.526501767,0.497427101,0.497427101,0.497427101,0.491134752,0.491134752,0.491134752
3366400,,,,,,,,,,,,,,,,,,,0,0,0,,,,,,,,,
3379200,0.491056911,0.491056911,0.491056911,0.491056911,0.491056911,0.491056911,0.491056911,0.491056911,0.491056911,0.116743472,0.116743472,0.116743472,0.002881844,0.002881844,0.002881844,0.215962441,0.215962441,0.215962441,,,,0.545936396,0.545936396,0.545936396,0.483108108,0.483108108,0.483108108,0.430335097,0.430335097,0.430335097
3395200,0.543548387,0.543548387,0.543548387,0.543548387,0.543548387,0.543548387,0.543548387,0.543548387,0.543548387,0.119815668,0.119815668,0.119815668,0,0,0,0.188976378,0.188976378,0.188976378,,,,0.534391534,0.534391534,0.534391534,0.489690722,0.489690722,0.489690722,0.460992908,0.460992908,0.460992908
3398400,,,,,,,,,,,,,,,,,,,0,0,0,,,,,,,,,
3411200,0.504761905,0.504761905,0.504761905,0.504761905,0.504761905,0.504761905,0.504761905,0.504761905,0.504761905,0.139103555,0.139103555,0.139103555,0.004360465,0.004360465,0.004360465,0.180533752,0.180533752,0.180533752,,,,0.525663717,0.525663717,0.525663717,0.5,0.5,0.5,0.455357143,0.455357143,0.455357143
3427200,0.479740681,0.479740681,0.479740681,0.479740681,0.479740681,0.479740681,0.479740681,0.479740681,0.479740681,0.122887865,0.122887865,0.122887865,0.001453488,0.001453488,0.001453488,0.208860759,0.208860759,0.208860759,,,,0.537918871,0.537918871,0.537918871,0.516129032,0.516129032,0.516129032,0.480427046,0.480427046,0.480427046
3430400,,,,,,,,,,,,,,,,,,,0,0,0,,,,,,,,,
3443200,0.458804523,0.458804523,0.458804523,0.458804523,0.458804523,0.458804523,0.458804523,0.458804523,0.458804523,0.110429448,0.110429448,0.110429448,0,0,0,0.227129338,0.227129338,0.227129338,,,,0.562056738,0.562056738,0.562056738,0.489690722,0.489690722,0.489690722,0.494642857,0.494642857,0.494642857
3459200,0.462783172,0.462783172,0.462783172,0.462783172,0.462783172,0.462783172,0.462783172,0.462783172,0.462783172,0.12804878,0.12804878,0.12804878,0.001449275,0.001449275,0.001449275,0.19375,0.19375,0.19375,,,,0.514035088,0.514035088,0.514035088,0.497444634,0.497444634,0.497444634,0.49197861,0.49197861,0.49197861
3462400,,,,,,,,,,,,,,,,,,,0,0,0,,,,,,,,,
3475200,0.474878444,0.474878444,0.474878444,0.474878444,0.474878444,0.474878444,0.474878444,0.474878444,0.474878444,0.098784195,0.098784195,0.098784195,0.002902758,0.002902758,0.002902758,0.190625,0.190625,0.190625,,,,0.521201413,0.521201413,0.521201413,0.5,0.5,0.5,0.427304965,0.427304965,0.427304965
3491200,0.479032258,0.479032258,0.479032258,0.479032258,0.479032258,0.479032258,0.479032258,0.479032258,0.479032258,0.141104294,0.141104294,0.141104294,0,0,0,0.192789969,0.192789969,0.192789969,,,,0.540925267,0.540925267,0.540925267,0.576856649,0.576856649,0.576856649,0.416666667,0.416666667,0.416666667
3494400,,,,,,,,,,,,,,,,,,,0,0,0,,,,,,,,,
3507200,0.471728595,0.471728595,0.471728595,0.471728595,0.471728595,0.471728595,0.471728595,0.471728595,0.471728595,0.144171779,0.144171779,0.144171779,0,0,0,0.203732504,0.203732504,0.203732504,,,,0.529100529,0.529100529,0.529100529,0.574105622,0.574105622,0.574105622,0.518918919,0.518918919,0.518918919
3523200,0.449760766,0.449760766,0.449760766,0.449760766,0.449760766,0.449760766,0.449760766,0.449760766,0.449760766,0.147239264,0.147239264,0.147239264,0.002902758,0.002902758,0.002902758,0.189952904,0.189952904,0.189952904,,,,0.524734982,0.524734982,0.524734982,0.543252595,0.543252595,0.543252595,0.467023173,0.467023173,0.467023173
3526400,,,,,,,,,,,,,,,,,,,0,0,0,,,,,,,,,
3539200,0.499189627,0.499189627,0.499189627,0.499189627,0.499189627,0.499189627,0.499189627,0.499189627,0.499189627,0.112307692,0.112307692,0.112307692,0.002915452,0.002915452,0.002915452,0.205974843,0.205974843,0.205974843,,,,0.519572954,0.519572954,0.519572954,0.511986301,0.511986301,0.511986301,0.463587922,0.463587922,0.463587922
3555200,0.498381877,0.498381877,0.498381877,0.498381877,0.498381877,0.498381877,0.498381877,0.498381877,0.498381877,0.115384615,0.115384615,0.115384615,0,0,0,0.204113924,0.204113924,0.204113924,,,,0.534635879,0.534635879,0.534635879,0.506779661,0.506779661,0.506779661,0.478571429,0.478571429,0.478571429
3558400,,,,,,,,,,,,,,,,,,,0,0,0,,,,,,,,,
3571200,0.448,0.448,0.448,0.448,0.448,0.448,0.448,0.448,0.448,0.108562691,0.108562691,0.108562691,0,0,0,0.184663537,0.184663537,0.184663537,,,,0.533568905,0.533568905,0.533568905,0.511986301,0.511986301,0.511986301,0.489247312,0.489247312,0.489247312
3587200,0.511326861,0.511326861,0.511326861,0.511326861,0.511326861,0.511326861,0.511326861,0.511326861,0.511326861,0.141104294,0.141104294,0.141104294,0.001449275,0.001449275,0.001449275,0.183673469,0.183673469,0.183673469,,,,0.555752212,0.555752212,0.555752212,0.548109966,0.548109966,0.548109966,0.460714286,0.460714286,0.460714286
3590400,,,,,,,,,,,,,,,,,,,0,0,0,,,,,,,,,
3603200,0.524879615,0.524879615,0.524879615,0.524879615,0.524879615,0.524879615,0.524879615,0.524879615,0.524879615,0.13671275,0.13671275,0.13671275,0.004329004,0.004329004,0.004329004,0.180124224,0.180124224,0.180124224,,,,0.540780142,0.540780142,0.540780142,0.545611015,0.545611015,0.545611015,0.444444444,0.444444444,0.444444444
3619200,0.50487013,0.50487013,0.50487013,0.50487013,0.50487013,0.50487013,0.50487013,0.50487013,0.50487013,0.112462006,0.112462006,0.112462006,0.001451379,0.001451379,0.001451379,0.224842767,0.224842767,0.224842767,,,,0.532743363,0.532743363,0.532743363,0.545768566,0.545768566,0.545768566,0.449820789,0.449820789,0.449820789
3622400,,,,,,,,,,,,,,,,,,,0,0,0,,,,,,,,,
3635200,0.500821018,0.500821018,0.500821018,0.500821018,0.500821018,0.500821018,0.500821018,0.500821018,0.500821018,0.13137558,0.13137558,0.13137558,0,0,0,0.199044586,0.199044586,0.199044586,,,,0.554964539,0.554964539,0.554964539,0.524390244,0.524390244,0.524390244,0.468239564,0.468239564,0.468239564
3651200,0.533333333,0.533333333,0.533333333,0.533333333,0.533333333,0.533333333,0.533333333,0.533333333,0.533333333,0.110599078,0.110599078,0.110599078,0,0,0,0.20754717,0.20754717,0.20754717,,,,0.539145907,0.539145907,0.539145907,0.493996569,0.493996569,0.493996569,0.482944345,0.482944345,0.482944345
3654400,,,,,,,,,,,,,,,,,,,0,0,0,,,,,,,,,
3667200,0.5089141,0.5089141,0.5089141,0.5089141,0.5089141,0.5089141,0.5089141,0.5089141,0.5089141,0.121538462,0.121538462,0.121538462,0.002915452,0.002915452,0.002915452,0.1584,0.1584,0.1584,,,,0.528469751,0.528469751,0.528469751,0.499142367,0.499142367,0.499142367,0.424242424,0.424242424,0.424242424
3683200,0.518518519,0.518518519,0.518518519,0.518518519,0.518518519,0.518518519,0.518518519,0.518518519,0.518518519,0.125,0.125,0.125,0,0,0,0.232227488,0.232227488,0.232227488,,,,0.56405694,0.56405694,0.56405694,0.52233677,0.52233677,0.52233677,0.474820144,0.474820144,0.474820144
3686400,,,,,,,,,,,,,,,,,,,0,0,0,,,,,,,,,
3699200,0.531707317,0.531707317,0.531707317,0.531707317,0.531707317,0.531707317,0.531707317,0.531707317,0.531707317,0.113323124,0.113323124,0.113323124,0.001447178,0.001447178,0.001447178,0.200626959,0.200626959,0.200626959,,,,0.567857143,0.567857143,0.567857143,0.510998308,0.510998308,0.510998308,0.457142857,0.457142857,0.457142857
3715200,0.523424879,0.523424879,0.523424879,0.523424879,0.523424879,0.523424879,0.523424879,0.523424879,0.523424879,0.12749616,0.12749616,0.12749616,0,0,0,0.190625,0.190625,0.190625,,,,0.534759358,0.534759358,0.534759358,0.523156089,0.523156089,0.523156089,0.499102334,0.499102334,0.499102334
3718400,,,,,,,,,,,,,,,,,,,0,0,0,,,,,,,,,
3731200,0.517017828,0.517017828,0.517017828,0.517017828,0.517017828,0.517017828,0.517017828,0.517017828,0.517017828,0.133435583,0.133435583,0.133435583,0.001440922,0.001440922,0.001440922,0.188679245,0.188679245,0.188679245,,,,0.567857143,0.567857143,0.567857143,0.505982906,0.505982906,0.505982906,0.467023173,0.467023173,0.467023173
3747200,0.50882825,0.50882825,0.50882825,0.50882825,0.50882825,0.50882825,0.50882825,0.50882825,0.50882825,0.128834356,0.128834356,0.128834356,0.002898551,0.002898551,0.002898551,0.177570093,0.177570093,0.177570093,,,,0.596085409,0.596085409,0.596085409,0.479591837,0.479591837,0.479591837,0.487410072,0.487410072,0.487410072
3750400,,,,,,,,,,,,,,,,,,,0,0,0,,,,,,,,,
3763200,0.487922705,0.487922705,0.487922705,0.487922705,0.487922705,0.487922705,0.487922705,0.487922705,0.487922705,0.114854518,0.114854518,0.114854518,0.001470588,0.001470588,0.001470588,0.205696203,0.205696203,0.205696203,,,,0.480565371,0.480565371,0.480565371,0.488734835,0.488734835,0.488734835,0.482142857,0.482142857,0.482142857
3779200,0.504854369,0.504854369,0.504854369,0.504854369,0.504854369,0.504854369,0.504854369,0.504854369,0.504854369,0.135176651,0.135176651,0.135176651,0.002911208,0.002911208,0.002911208,0.180967239,0.180967239,0.180967239,,,,0.553791887,0.553791887,0.553791887,0.581755594,0.581755594,0.581755594,0.485714286,0.485714286,0.485714286
3782400,,,,,,,,,,,,,,,,,,,0,0,0,,,,,,,,,
3795200,0.501623377,0.501623377,0.501623377,0.501623377,0.501623377,0.501623377,0.501623377,0.501623377,0.501623377,0.134052388,0.134052388,0.134052388,0.004366812,0.004366812,0.004366812,0.177496038,0.177496038,0.177496038,,,,0.545132743,0.545132743,0.545132743,0.514629948,0.514629948,0.514629948,0.481349911,0.481349911,0.481349911
3811200,0.5184,0.5184,0.5184,0.5184,0.5184,0.5184,0.5184,0.5184,0.5184,0.108024691,0.108024691,0.108024691,0,0,0,0.200312989,0.200312989,0.200312989,,,,0.51590106,0.51590106,0.51590106,0.525862069,0.525862069,0.525862069,0.470483005,0.470483005,0.470483005
3814400,,,,,,,,,,,,,,,,,,,0,0,0,,,,,,,,,
3827200,0.51910828,0.51910828,0.51910828,0.51910828,0.51910828,0.51910828,0.51910828,0.51910828,0.51910828,0.102134146,0.102134146,0.102134146,0.004329004,0.004329004,0.004329004,0.195583596,0.195583596,0.195583596,,,,0.548672566,0.548672566,0.548672566,0.46366782,0.46366782,0.46366782,0.474336283,0.474336283,0.474336283
3843200,0.533011272,0.533011272,0.533011272,0.533011272,0.533011272,0.533011272,0.533011272,0.533011272,0.533011272,0.107033639,0.107033639,0.107033639,0.001457726,0.001457726,0.001457726,0.176838811,0.176838811,0.176838811,,,,0.54964539,0.54964539,0.54964539,0.501730104,0.501730104,0.501730104,0.445229682,0.445229682,0.445229682
3846400,,,,,,,,,,,,,,,,,,,0,0,0,,,,,,,,,
3859200,0.496805112,0.496805112,0.496805112,0.496805112,0.496805112,0.496805112,0.496805112,0.496805112,0.496805112,0.1107739,0.1107739,0.1107739,0.002911208,0.002911208,0.002911208,0.176190476,0.176190476,0.176190476,,,,0.6114082,0.6114082,0.6114082,0.513089005,0.513089005,0.513089005,0.504472272,0.504472272,0.504472272
3875200,0.514376997,0.514376997,0.514376997,0.514376997,0.514376997,0.514376997,0.514376997,0.514376997,0.514376997,0.116564417,0.116564417,0.116564417,0.002902758,0.002902758,0.002902758,0.182527301,0.182527301,0.182527301,,,,0.574239714,0.574239714,0.574239714,0.482698962,0.482698962,0.482698962,0.449640288,0.449640288,0.449640288
3878400,,,,,,,,,,,,,,,,,,,0,0,0,,,,,,,,,
3891200,0.543548387,0.543548387,0.543548387,0.543548387,0.543548387,0.543548387,0.543548387,0.543548387,0.543548387,0.116385911,0.116385911,0.116385911,0.002911208,0.002911208,0.002911208,0.227848101,0.227848101,0.227848101,,,,0.533687943,0.533687943,0.533687943,0.512908778,0.512908778,0.512908778,0.497307002,0.497307002,0.497307002
3907200,0.512195122,0.512195122,0.512195122,0.512195122,0.512195122,0.512195122,0.512195122,0.512195122,0.512195122,0.110599078,0.110599078,0.110599078,0.001457726,0.001457726,0.001457726,0.195618153,0.195618153,0.195618153,,,,0.577540107,0.577540107,0.577540107,0.547495682,0.547495682,0.547495682,0.463458111,0.463458111,0.463458111
3910400,,,,,,,,,,,,,,,,,,,0,0,0,,,,,,,,,
3923200,0.533980583,0.533980583,0.533980583,0.533980583,0.533980583,0.533980583,0.533980583,0.533980583,0.533980583,0.183800623,0.183800623,0.183800623,0,0,0,0.198757764,0.198757764,0.198757764,,,,0.541740675,0.541740675,0.541740675,0.548275862,0.548275862,0.548275862,0.498201439,0.498201439,0.498201439
3939200,0.55,0.55,0.55,0.55,0.55,0.55,0.55,0.55,0.55,0.13671275,0.13671275,0.13671275,0.001457726,0.001457726,0.001457726,0.197492163,0.197492163,0.197492163,,,,0.595365419,0.595365419,0.595365419,0.563793103,0.563793103,0.563793103,0.451785714,0.451785714,0.451785714
3942400,,,,,,,,,,,,,,,,,,,0,0,0,,,,,,,,,
3955200,0.511254019,0.511254019,0.511254019,0.511254019,0.511254019,0.511254019,0.511254019,0.511254019,0.511254019,0.145061728,0.145061728,0.145061728,0,0,0,0.18858954,0.18858954,0.18858954,,,,0.571942446,0.571942446,0.571942446,0.520547945,0.520547945,0.520547945,0.492831541,0.492831541,0.492831541
3971200,0.542345277,0.542345277,0.542345277,0.542345277,0.542345277,0.542345277,0.542345277,0.542345277,0.542345277,0.102918587,0.102918587,0.102918587,0.001470588,0.001470588,0.001470588,0.2140625,0.2140625,0.2140625,,,,0.573476703,0.573476703,0.573476703,0.551304348,0.551304348,0.551304348,0.468694097,0.468694097,0.468694097
3974400,,,,,,,,,,,,,,,,,,,0,0,0,,,,,,,,,
3987200,0.5248,0.5248,0.5248,0.5248,0.5248,0.5248,0.5248,0.5248,0.5248,0.122137405,0.122137405,0.122137405,0.001449275,0.001449275,0.001449275,0.179245283,0.179245283,0.179245283,,,,0.555160142,0.555160142,0.555160142,0.500866551,0.500866551,0.500866551,0.474153298,0.474153298,0.474153298
4003200,0.534510433,0.534510433,0.534510433,0.534510433,0.534510433,0.534510433,0.534510433,0.534510433,0.534510433,0.116459627,0.116459627,0.116459627,0.004366812,0.004366812,0.004366812,0.199687988,0.199687988,0.199687988,,,,0.606060606,0.606060606,0.606060606,0.530329289,0.530329289,0.530329289,0.476021314,0.476021314,0.476021314
4006400,,,,,,,,,,,,,,,,,,,0,0,0,,,,,,,,,
4019200,0.551779935,0.551779935,0.551779935,0.551779935,0.551779935,0.551779935,0.551779935,0.551779935,0.551779935,0.120610687,0.120610687,0.120610687,0.004366812,0.004366812,0.004366812,0.156739812,0.156739812,0.156739812,,,,0.598214286,0.598214286,0.598214286,0.543252595,0.543252595,0.543252595,0.480286738,0.480286738,0.480286738
4035200,0.525368249,0.525368249,0.525368249,0.525368249,0.525368249,0.525368249,0.525368249,0.525368249,0.525368249,0.135384615,0.135384615,0.135384615,0.005805515,0.005805515,0.005805515,0.214173228,0.214173228,0.214173228,,,,0.602862254,0.602862254,0.602862254,0.544982699,0.544982699,0.544982699,0.468694097,0.468694097,0.468694097
4038400,,,,,,,,,,,,,,,,,,,0,0,0,,,,,,,,,
4051200,0.513776337,0.513776337,0.513776337,0.513776337,0.513776337,0.513776337,0.513776337,0.513776337,0.513776337,0.121351767,0.121351767,0.121351767,0.005822416,0.005822416,0.005822416,0.20754717,0.20754717,0.20754717,,,,0.526595745,0.526595745,0.526595745,0.538994801,0.538994801,0.538994801,0.454545455,0.454545455,0.454545455
4067200,0.497576737,0.497576737,0.497576737,0.497576737,0.497576737,0.497576737,0.497576737,0.497576737,0.497576737,0.109230769,0.109230769,0.109230769,0.001451379,0.001451379,0.001451379,0.182250396,0.182250396,0.182250396,,,,0.575268817,0.575268817,0.575268817,0.537931034,0.537931034,0.537931034,0.50802139,0.50802139,0.50802139
4070400,,,,,,,,,,,,,,,,,,,0,0,0,,,,,,,,,
4083200,0.574675325,0.574675325,0.574675325,0.574675325,0.574675325,0.574675325,0.574675325,0.574675325,0.574675325,0.124042879,0.124042879,0.124042879,0.001449275,0.001449275,0.001449275,0.200941915,0.200941915,0.200941915,,,,0.581227437,0.581227437,0.581227437,0.517301038,0.517301038,0.517301038,0.504504505,0.504504505,0.504504505
4099200,0.508885299,0.508885299,0.508885299,0.508885299,0.508885299,0.508885299,0.508885299,0.508885299,0.508885299,0.130970724,0.130970724,0.130970724,0.001457726,0.001457726,0.001457726,0.204113924,0.204113924,0.204113924,,,,0.585714286,0.585714286,0.585714286,0.517182131,0.517182131,0.517182131,0.460431655,0.460431655,0.460431655
4102400,,,,,,,,,,,,,,,,,,,0,0,0,,,,,,,,,
4115200,0.5,0.5,0.5,0.5,0.5,0.5,0.5,0.5,0.5,0.13117284,0.13117284,0.13117284,0,0,0,0.189952904,0.189952904,0.189952904,,,,0.591397849,0.591397849,0.591397849,0.489655172,0.489655172,0.489655172,0.465827338,0.465827338,0.465827338
4131200,0.494345719,0.494345719,0.494345719,0.494345719,0.494345719,0.494345719,0.494345719,0.494345719,0.494345719,0.140888208,0.140888208,0.140888208,0.002911208,0.002911208,0.002911208,0.186228482,0.186228482,0.186228482,,,,0.623188406,0.623188406,0.623188406,0.475298126,0.475298126,0.475298126,0.443649374,0.443649374,0.443649374
4134400,,,,,,,,,,,,,,,,,,,0,0,0,,,,,,,,,
4147200,0.479740681,0.479740681,0.479740681,0.479740681,0.479740681,0.479740681,0.479740681,0.479740681,0.479740681,0.125,0.125,0.125,0.005865103,0.005865103,0.005865103,0.212732919,0.212732919,0.212732919,,,,0.561717352,0.561717352,0.561717352,0.499142367,0.499142367,0.499142367,0.483928571,0.483928571,0.483928571
4163200,0.462437396,0.462437396,0.462437396,0.46345515,0.46345515,0.46345515,0.462437396,0.462437396,0.462437396,0.1561051,0.1561051,0.1561051,0,0,0,0.196850394,0.196850394,0.196850394,,,,0.583482944,0.583482944,0.583482944,0.542314335,0.542314335,0.542314335,0.47027027,0.47027027,0.47027027
4166400,,,,,,,,,,,,,,,,,,,0,0,0,,,,,,,,,
4179200,0.468852459,0.468852459,0.468852459,0.50166113,0.50166113,0.50166113,0.468852459,0.468852459,0.468852459,0.110429448,0.110429448,0.110429448,0.001445087,0.001445087,0.001445087,0.185534591,0.185534591,0.185534591,,,,0.612903226,0.612903226,0.612903226,0.500863558,0.500863558,0.500863558,0.470588235,0.470588235,0.470588235
4195200,0.489220564,0.489220564,0.489220564,0.458265139,0.458265139,0.458265139,0.489220564,0.489220564,0.489220564,0.112291351,0.112291351,0.112291351,0.004385965,0.004385965,0.004385965,0.188679245,0.188679245,0.188679245,,,,0.547576302,0.547576302,0.547576302,0.554404145,0.554404145,0.554404145,0.468805704,0.468805704,0.468805704
4198400,,,,,,,,,,,,,,,,,,,0,0,0,,,,,,,,,
4211200,0.463934426,0.463934426,0.463934426,0.510743802,0.510743802,0.510743802,0.463934426,0.463934426,0.463934426,0.133435583,0.133435583,0.133435583,0.002911208,0.002911208,0.002911208,0.200315457,0.200315457,0.200315457,,,,0.572710952,0.572710952,0.572710952,0.4604811,0.4604811,0.4604811,0.463458111,0.463458111,0.463458111
4227200,0.490939044,0.490939044,0.490939044,0.527687296,0.527687296,0.527687296,0.490939044,0.490939044,0.490939044,0.123647604,0.123647604,0.123647604,0.001453488,0.001453488,0.001453488,0.210691824,0.210691824,0.210691824,,,,0.54954955,0.54954955,0.54954955,0.483760684,0.483760684,0.483760684,0.455357143,0.455357143,0.455357143
4230400,,,,,,,,,,,,,,,,,,,0,0,0,,,,,,,,,
4243200,0.493506494,0.493506494,0.493506494,0.512987013,0.512987013,0.512987013,0.493506494,0.493506494,0.493506494,0.101071975,0.101071975,0.101071975,0,0,0,0.175465839,0.175465839,0.175465839,,,,0.589189189,0.589189189,0.589189189,0.528695652,0.528695652,0.528695652,0.476868327,0.476868327,0.476868327
4259200,0.530278232,0.530278232,0.530278232,0.5400982,0.5400982,0.5400982,0.530278232,0.530278232,0.530278232,0.12962963,0.12962963,0.12962963,0.002911208,0.002911208,0.002911208,0.206951027,0.206951027,0.206951027,,,,0.596396396,0.596396396,0.596396396,0.551903114,0.551903114,0.551903114,0.452930728,0.452930728,0.452930728
4262400,,,,,,,,,,,,,,,,,,,0,0,0,,,,,,,,,
4275200,0.495908347,0.495908347,0.495908347,0.512987013,0.512987013,0.512987013,0.495908347,0.495908347,0.495908347,0.133738602,0.133738602,0.133738602,0.002932551,0.002932551,0.002932551,0.1640625,0.1640625,0.1640625,,,,0.542857143,0.542857143,0.542857143,0.504332756,0.504332756,0.504332756,0.442067736,0.442067736,0.442067736
4291200,0.515347334,0.515347334,0.515347334,0.477905074,0.477905074,0.477905074,0.515347334,0.515347334,0.515347334,0.145285935,0.145285935,0.145285935,0.004354136,0.004354136,0.004354136,0.185126582,0.185126582,0.185126582,,,,0.543672014,0.543672014,0.543672014,0.496551724,0.496551724,0.496551724,0.476785714,0.476785714,0.476785714
4294400,,,,,,,,,,,,,,,,,,,0,0,0,,,,,,,,,
4307200,0.513957307,0.513957307,0.513957307,0.476973684,0.476973684,0.476973684,0.513957307,0.513957307,0.513957307,0.12654321,0.12654321,0.12654321,0.005805515,0.005805515,0.005805515,0.180533752,0.180533752,0.180533752,,,,0.595026643,0.595026643,0.595026643,0.490500864,0.490500864,0.490500864,0.461538462,0.461538462,0.461538462
4323200,0.521103896,0.521103896,0.521103896,0.471819646,0.471819646,0.471819646,0.521103896,0.521103896,0.521103896,0.115562404,0.115562404,0.115562404,0.001451379,0.001451379,0.001451379,0.192733017,0.192733017,0.192733017,,,,0.575539568,0.575539568,0.575539568,0.491408935,0.491408935,0.491408935,0.440071556,0.440071556,0.440071556
4326400,,,,,,,,,,,,,,,,,,,0,0,0,,,,,,,,,
4339200,0.477977162,0.477977162,0.477977162,0.499192246,0.499192246,0.499192246,0.477977162,0.477977162,0.477977162,0.100917431,0.100917431,0.100917431,0.001459854,0.001459854,0.001459854,0.216981132,0.216981132,0.216981132,,,,0.581105169,0.581105169,0.581105169,0.501730104,0.501730104,0.501730104,0.455357143,0.455357143,0.455357143
4355200,0.529126214,0.529126214,0.529126214,0.491143317,0.491143317,0.491143317,0.529126214,0.529126214,0.529126214,0.104454685,0.104454685,0.104454685,0,0,0,0.209048362,0.209048362,0.209048362,,,,0.55234657,0.55234657,0.55234657,0.507745267,0.507745267,0.507745267,0.4375,0.4375,0.4375
4358400,,,,,,,,,,,,,,,,,,,0,0,0,,,,,,,,,
4371200,0.537096774,0.537096774,0.537096774,0.484751204,0.484751204,0.484751204,0.537096774,0.537096774,0.537096774,0.11827957,0.11827957,0.11827957,0.004347826,0.004347826,0.004347826,0.179968701,0.179968701,0.179968701,,,,0.598214286,0.598214286,0.598214286,0.481927711,0.481927711,0.481927711,0.482078853,0.482078853,0.482078853
4387200,0.535830619,0.535830619,0.535830619,0.489533011,0.489533011,0.489533011,0.535830619,0.535830619,0.535830619,0.140888208,0.140888208,0.140888208,0.001451379,0.001451379,0.001451379,0.193037975,0.193037975,0.193037975,,,,0.595323741,0.595323741,0.595323741,0.55,0.55,0.55,0.44265233,0.44265233,0.44265233
4390400,,,,,,,,,,,,,,,,,,,0,0,0,,,,,,,,,
4403200,0.534733441,0.534733441,0.534733441,0.47634584,0.47634584,0.47634584,0.534733441,0.534733441,0.534733441,0.119195046,0.119195046,0.119195046,0.001461988,0.001461988,0.001461988,0.193092622,0.193092622,0.193092622,,,,0.559139785,0.559139785,0.559139785,0.543103448,0.543103448,0.543103448,0.457960644,0.457960644,0.457960644
4419200,0.553745928,0.553745928,0.553745928,0.470113086,0.470113086,0.470113086,0.553745928,0.553745928,0.553745928,0.120980092,0.120980092,0.120980092,0.002923977,0.002923977,0.002923977,0.161695447,0.161695447,0.161695447,,,,0.541071429,0.541071429,0.541071429,0.563793103,0.563793103,0.563793103,0.460854093,0.460854093,0.460854093
4422400,,,,,,,,,,,,,,,,,,,0,0,0,,,,,,,,,
4435200,0.530744337,0.530744337,0.530744337,0.437802908,0.437802908,0.437802908,0.530744337,0.530744337,0.530744337,0.133640553,0.133640553,0.133640553,0.001466276,0.001466276,0.001466276,0.205651491,0.205651491,0.205651491,,,,0.620503597,0.620503597,0.620503597,0.516464471,0.516464471,0.516464471,0.435483871,0.435483871,0.435483871
4451200,0.520325203,0.520325203,0.520325203,0.443910256,0.443910256,0.443910256,0.520325203,0.520325203,0.520325203,0.145705521,0.145705521,0.145705521,0.001455604,0.001455604,0.001455604,0.2015625,0.2015625,0.2015625,,,,0.566071429,0.566071429,0.566071429,0.509532062,0.509532062,0.509532062,0.473967684,0.473967684,0.473967684
4454400,,,,,,,,,,,,,,,,,,,0,0,0,,,,,,,,,
4467200,0.533333333,0.533333333,0.533333333,0.434083601,0.434083601,0.434083601,0.533333333,0.533333333,0.533333333,0.134146341,0.134146341,0.134146341,0.001464129,0.001464129,0.001464129,0.191222571,0.191222571,0.191222571,,,,0.552158273,0.552158273,0.552158273,0.523478261,0.523478261,0.523478261,0.455035971,0.455035971,0.455035971
4483200,0.520325203,0.520325203,0.520325203,0.429725363,0.429725363,0.429725363,0.520325203,0.520325203,0.520325203,0.088549618,0.088549618,0.088549618,0.004385965,0.004385965,0.004385965,0.18338558,0.18338558,0.18338558,,,,0.606822262,0.606822262,0.606822262,0.546391753,0.546391753,0.546391753,0.472271914,0.472271914,0.472271914
4486400,,,,,,,,,,,,,,,,,,,0,0,0,,,,,,,,,
4499200,0.510569106,0.510569106,0.510569106,0.485530547,0.485530547,0.485530547,0.510569106,0.510569106,0.510569106,0.114854518,0.114854518,0.114854518,0,0,0,0.207278481,0.207278481,0.207278481,,,,0.571174377,0.571174377,0.571174377,0.532871972,0.532871972,0.532871972,0.451438849,0.451438849,0.451438849
4515200,0.541734861,0.541734861,0.541734861,0.506430868,0.506430868,0.506430868,0.541734861,0.541734861,0.541734861,0.113149847,0.113149847,0.113149847,0,0,0,0.197492163,0.197492163,0.197492163,,,,0.56529517,0.56529517,0.56529517,0.523316062,0.523316062,0.523316062,0.473779385,0.473779385,0.473779385
4518400,,,,,,,,,,,,,,,,,,,0,0,0,,,,,,,,,
4531200,0.546341463,0.546341463,0.546341463,0.510466989,0.510466989,0.510466989,0.546341463,0.546341463,0.546341463,0.12804878,0.12804878,0.12804878,0,0,0,0.2125,0.2125,0.2125,,,,0.550179211,0.550179211,0.550179211,0.5,0.5,0.5,0.509057971,0.509057971,0.509057971
4547200,0.537480064,0.537480064,0.537480064,0.494363929,0.494363929,0.494363929,0.537480064,0.537480064,0.537480064,0.105990783,0.105990783,0.105990783,0.002911208,0.002911208,0.002911208,0.203125,0.203125,0.203125,,,,0.532374101,0.532374101,0.532374101,0.520689655,0.520689655,0.520689655,0.486437613,0.486437613,0.486437613
4550400,,,,,,,,,,,,,,,,,,,0,0,0,,,,,,,,,
4563200,0.544861338,0.544861338,0.544861338,0.475884244,0.475884244,0.475884244,0.544861338,0.544861338,0.544861338,0.121538462,0.121538462,0.121538462,0.001459854,0.001459854,0.001459854,0.220125786,0.220125786,0.220125786,,,,0.558770344,0.558770344,0.558770344,0.47766323,0.47766323,0.47766323,0.517179024,0.517179024,0.517179024
4579200,0.552631579,0.552631579,0.552631579,0.471153846,0.471153846,0.471153846,0.552631579,0.552631579,0.552631579,0.124809741,0.124809741,0.124809741,0.001464129,0.001464129,0.001464129,0.198748044,0.198748044,0.198748044,,,,0.566003617,0.566003617,0.566003617,0.532062392,0.532062392,0.532062392,0.466786355,0.466786355,0.466786355
4582400,,,,,,,,,,,,,,,,,,,0,0,0,,,,,,,,,
4595200,0.558823529,0.558823529,0.558823529,0.464228935,0.464228935,0.464228935,0.558823529,0.558823529,0.558823529,0.109399076,0.109399076,0.109399076,0.001455604,0.001455604,0.001455604,0.211023622,0.211023622,0.211023622,,,,0.600719424,0.600719424,0.600719424,0.482758621,0.482758621,0.482758621,0.501811594,0.501811594,0.501811594
4611200,0.568852459,0.568852459,0.568852459,0.484652666,0.484652666,0.484652666,0.568852459,0.568852459,0.568852459,0.119515885,0.119515885,0.119515885,0.002902758,0.002902758,0.002902758,0.20754717,0.20754717,0.20754717,,,,0.5375,0.5375,0.5375,0.504258944,0.504258944,0.504258944,0.481216458,0.481216458,0.481216458
4614400,,,,,,,,,,,,,,,,,,,0,0,0,,,,,,,,,
4627200,0.552459016,0.552459016,0.552459016,0.496774194,0.496774194,0.496774194,0.552459016,0.552459016,0.552459016,0.123664122,0.123664122,0.123664122,0.001459854,0.001459854,0.001459854,0.215408805,0.215408805,0.215408805,,,,0.554561717,0.554561717,0.554561717,0.530647986,0.530647986,0.530647986,0.457142857,0.457142857,0.457142857
4643200,0.561996779,0.561996779,0.561996779,0.463022508,0.463022508,0.463022508,0.561996779,0.561996779,0.561996779,0.100456621,0.100456621,0.100456621,0.001466276,0.001466276,0.001466276,0.181533646,0.181533646,0.181533646,,,,0.576086957,0.576086957,0.576086957,0.553819444,0.553819444,0.553819444,0.483754513,0.483754513,0.483754513
4646400,,,,,,,,,,,,,,,,,,,0,0,0,,,,,,,,,
4659200,0.592833876,0.592833876,0.592833876,0.45659164,0.45659164,0.45659164,0.592833876,0.592833876,0.592833876,0.113496933,0.113496933,0.113496933,0.002906977,0.002906977,0.002906977,0.198113208,0.198113208,0.198113208,,,,0.602888087,0.602888087,0.602888087,0.514680484,0.514680484,0.514680484,0.471223022,0.471223022,0.471223022
4675200,0.546191248,0.546191248,0.546191248,0.467094703,0.467094703,0.467094703,0.546191248,0.546191248,0.546191248,0.127853881,0.127853881,0.127853881,0.002928258,0.002928258,0.002928258,0.206677266,0.206677266,0.206677266,,,,0.545454545,0.545454545,0.545454545,0.549469965,0.549469965,0.549469965,0.493624772,0.493624772,0.493624772
4678400,,,,,,,,,,,,,,,,,,,0,0,0,,,,,,,,,
4691200,0.609951846,0.609951846,0.609951846,0.473344103,0.473344103,0.473344103,0.609951846,0.609951846,0.609951846,0.137825421,0.137825421,0.137825421,0,0,0,0.157480315,0.157480315,0.157480315,,,,0.590990991,0.590990991,0.590990991,0.492227979,0.492227979,0.492227979,0.502702703,0.502702703,0.502702703
4707200,0.614516129,0.614516129,0.614516129,0.461172742,0.461172742,0.461172742,0.614516129,0.614516129,0.614516129,0.103500761,0.103500761,0.103500761,0.002911208,0.002911208,0.002911208,0.200626959,0.200626959,0.200626959,,,,0.578661844,0.578661844,0.578661844,0.494809689,0.494809689,0.494809689,0.452079566,0.452079566,0.452079566
4710400,,,,,,,,,,,,,,,,,,,0,0,0,,,,,,,,,
4723200,0.567479675,0.567479675,0.567479675,0.489566613,0.489566613,0.489566613,0.567479675,0.567479675,0.567479675,0.11882716,0.11882716,0.11882716,0.004405286,0.004405286,0.004405286,0.192789969,0.192789969,0.192789969,,,,0.561151079,0.561151079,0.561151079,0.587826087,0.587826087,0.587826087,0.461261261,0.461261261,0.461261261
4739200,0.592651757,0.592651757,0.592651757,0.477272727,0.477272727,0.477272727,0.592651757,0.592651757,0.592651757,0.135802469,0.135802469,0.135802469,0.004405286,0.004405286,0.004405286,0.195892575,0.195892575,0.195892575,,,,0.555357143,0.555357143,0.555357143,0.558464223,0.558464223,0.558464223,0.476449275,0.476449275,0.476449275
4742400,,,,,,,,,,,,,,,,,,,0,0,0,,,,,,,,,
4755200,0.600638978,0.600638978,0.600638978,0.494382022,0.494382022,0.494382022,0.600638978,0.600638978,0.600638978,0.140888208,0.140888208,0.140888208,0.002911208,0.002911208,0.002911208,0.1890625,0.1890625,0.1890625,,,,0.570127505,0.570127505,0.570127505,0.504317789,0.504317789,0.504317789,0.515370705,0.515370705,0.515370705
4771200,0.611821086,0.611821086,0.611821086,0.505709625,0.505709625,0.505709625,0.611821086,0.611821086,0.611821086,0.130568356,0.130568356,0.130568356,0.001457726,0.001457726,0.001457726,0.227629513,0.227629513,0.227629513,,,,0.589285714,0.589285714,0.589285714,0.531358885,0.531358885,0.531358885,0.518115942,0.518115942,0.518115942
4774400,,,,,,,,,,,,,,,,,,,0,0,0,,,,,,,,,
4787200,0.568218299,0.568218299,0.568218299,0.5,0.5,0.5,0.568218299,0.568218299,0.568218299,0.120556414,0.120556414,0.120556414,0.001453488,0.001453488,0.001453488,0.219626168,0.219626168,0.219626168,,,,0.550541516,0.550541516,0.550541516,0.541666667,0.541666667,0.541666667,0.486437613,0.486437613,0.486437613
4803200,0.598387097,0.598387097,0.598387097,0.537704918,0.537704918,0.537704918,0.598387097,0.598387097,0.598387097,0.106153846,0.106153846,0.106153846,0.004398827,0.004398827,0.004398827,0.2,0.2,0.2,,,,0.622302158,0.622302158,0.622302158,0.548442907,0.548442907,0.548442907,0.511796733,0.511796733,0.511796733
4806400,,,,,,,,,,,,,,,,,,,0,0,0,,,,,,,,,
4819200,0.565853659,0.565853659,0.565853659,0.480519481,0.480519481,0.480519481,0.565853659,0.565853659,0.565853659,0.147919877,0.147919877,0.147919877,0.002928258,0.002928258,0.002928258,0.220472441,0.220472441,0.220472441,,,,0.594202899,0.594202899,0.594202899,0.485470085,0.485470085,0.485470085,0.471014493,0.471014493,0.471014493
4835200,0.603864734,0.603864734,0.603864734,0.504065041,0.504065041,0.504065041,0.603864734,0.603864734,0.603864734,0.142414861,0.142414861,0.142414861,0.002911208,0.002911208,0.002911208,0.214173228,0.214173228,0.214173228,,,,0.590990991,0.590990991,0.590990991,0.526041667,0.526041667,0.526041667,0.527173913,0.527173913,0.527173913
4838400,,,,,,,,,,,,,,,,,,,0,0,0,,,,,,,,,
4851200,0.591869919,0.591869919,0.591869919,0.540849673,0.540849673,0.540849673,0.591869919,0.591869919,0.591869919,0.115740741,0.115740741,0.115740741,0.001453488,0.001453488,0.001453488,0.214849921,0.214849921,0.214849921,,,,0.532258065,0.532258065,0.532258065,0.506086957,0.506086957,0.506086957,0.490974729,0.490974729,0.490974729
4867200,0.614767255,0.614767255,0.614767255,0.530081301,0.530081301,0.530081301,0.614767255,0.614767255,0.614767255,0.119815668,0.119815668,0.119815668,0.001459854,0.001459854,0.001459854,0.201574803,0.201574803,0.201574803,,,,0.581227437,0.581227437,0.581227437,0.514680484,0.514680484,0.514680484,0.508166969,0.508166969,0.508166969
4870400,,,,,,,,,,,,,,,,,,,0,0,0,,,,,,,,,
4883200,0.55483871,0.55483871,0.55483871,0.540983607,0.540983607,0.540983607,0.55483871,0.55483871,0.55483871,0.121351767,0.121351767,0.121351767,0.002894356,0.002894356,0.002894356,0.204761905,0.204761905,0.204761905,,,,0.555357143,0.555357143,0.555357143,0.490566038,0.490566038,0.490566038,0.525362319,0.525362319,0.525362319
4899200,0.608064516,0.608064516,0.608064516,0.528455285,0.528455285,0.528455285,0.608064516,0.608064516,0.608064516,0.135877863,0.135877863,0.135877863,0.004366812,0.004366812,0.004366812,0.200310559,0.200310559,0.200310559,,,,0.559352518,0.559352518,0.559352518,0.519031142,0.519031142,0.519031142,0.474637681,0.474637681,0.474637681
4902400,,,,,,,,,,,,,,,,,,,0,0,0,,,,,,,,,
4915200,0.608064516,0.608064516,0.608064516,0.523577236,0.523577236,0.523577236,0.608064516,0.608064516,0.608064516,0.110599078,0.110599078,0.110599078,0,0,0,0.181818182,0.181818182,0.181818182,,,,0.539711191,0.539711191,0.539711191,0.545296167,0.545296167,0.545296167,0.527173913,0.527173913,0.527173913
4931200,0.593548387,0.593548387,0.593548387,0.530081301,0.530081301,0.530081301,0.593548387,0.593548387,0.593548387,0.103500761,0.103500761,0.103500761,0.002928258,0.002928258,0.002928258,0.205047319,0.205047319,0.205047319,,,,0.575812274,0.575812274,0.575812274,0.528795812,0.528795812,0.528795812,0.460854093,0.460854093,0.460854093
4934400,,,,,,,,,,,,,,,,,,,0,0,0,,,,,,,,,
4947200,0.603559871,0.603559871,0.603559871,0.531914894,0.531914894,0.531914894,0.603559871,0.603559871,0.603559871,0.132511556,0.132511556,0.132511556,0.002923977,0.002923977,0.002923977,0.231132075,0.231132075,0.231132075,,,,0.574239714,0.574239714,0.574239714,0.479166667,0.479166667,0.479166667,0.512681159,0.512681159,0.512681159
4963200,0.59516129,0.59516129,0.59516129,0.546492659,0.546492659,0.546492659,0.59516129,0.59516129,0.59516129,0.130568356,0.130568356,0.130568356,0.001457726,0.001457726,0.001457726,0.198748044,0.198748044,0.198748044,,,,0.517921147,0.517921147,0.517921147,0.493848858,0.493848858,0.493848858,0.467391304,0.467391304,0.467391304
4966400,,,,,,,,,,,,,,,,,,,0,0,0,,,,,,,,,
4979200,0.5648,0.5648,0.5648,0.524509804,0.524509804,0.524509804,0.5648,0.5648,0.5648,0.152647975,0.152647975,0.152647975,0,0,0,0.191759113,0.191759113,0.191759113,,,,0.53442029,0.53442029,0.53442029,0.501754386,0.501754386,0.501754386,0.539162113,0.539162113,0.539162113
4995200,0.625201939,0.625201939,0.625201939,0.575609756,0.575609756,0.575609756,0.625201939,0.625201939,0.625201939,0.116030534,0.116030534,0.116030534,0.001464129,0.001464129,0.001464129,0.220657277,0.220657277,0.220657277,,,,0.578378378,0.578378378,0.578378378,0.565371025,0.565371025,0.565371025,0.484573503,0.484573503,0.484573503
4998400,,,,,,,,,,,,,,,,,,,0,0,0,,,,,,,,,
5011200,0.576736672,0.576736672,0.576736672,0.515447154,0.515447154,0.515447154,0.576736672,0.576736672,0.576736672,0.10892587,0.10892587,0.10892587,0.005830904,0.005830904,0.005830904,0.200934579,0.200934579,0.200934579,,,,0.586956522,0.586956522,0.586956522,0.544014085,0.544014085,0.544014085,0.455696203,0.455696203,0.455696203
5027200,0.573268921,0.573268921,0.573268921,0.539215686,0.539215686,0.539215686,0.573268921,0.573268921,0.573268921,0.096036585,0.096036585,0.096036585,0.004392387,0.004392387,0.004392387,0.191522763,0.191522763,0.191522763,,,,0.542039356,0.542039356,0.542039356,0.515679443,0.515679443,0.515679443,0.490942029,0.490942029,0.490942029
5030400,,,,,,,,,,,,,,,,,,,0,0,0,,,,,,,,,
5043200,0.587096774,0.587096774,0.587096774,0.508038585,0.508038585,0.508038585,0.587096774,0.587096774,0.587096774,0.119010819,0.119010819,0.119010819,0.002911208,0.002911208,0.002911208,0.201257862,0.201257862,0.201257862,,,,0.556350626,0.556350626,0.556350626,0.45862069,0.45862069,0.45862069,0.508992806,0.508992806,0.508992806
5059200,0.588907015,0.588907015,0.588907015,0.518578352,0.518578352,0.518578352,0.588907015,0.588907015,0.588907015,0.131498471,0.131498471,0.131498471,0.001451379,0.001451379,0.001451379,0.15830721,0.15830721,0.15830721,,,,0.56529517,0.56529517,0.56529517,0.512195122,0.512195122,0.512195122,0.534296029,0.534296029,0.534296029
5062400,,,,,,,,,,,,,,,,,,,0,0,0,,,,,,,,,
5075200,0.617886179,0.617886179,0.617886179,0.552459016,0.552459016,0.552459016,0.617886179,0.617886179,0.617886179,0.122291022,0.122291022,0.122291022,0.001461988,0.001461988,0.001461988,0.1829653,0.1829653,0.1829653,,,,0.535714286,0.535714286,0.535714286,0.493031359,0.493031359,0.493031359,0.52688172,0.52688172,0.52688172
5091200,0.553017945,0.553017945,0.553017945,0.50726979,0.50726979,0.50726979,0.553017945,0.553017945,0.553017945,0.101978691,0.101978691,0.101978691,0.002936858,0.002936858,0.002936858,0.243630573,0.243630573,0.243630573,,,,0.540250447,0.540250447,0.540250447,0.510416667,0.510416667,0.510416667,0.525362319,0.525362319,0.525362319
5094400,,,,,,,,,,,,,,,,,,,0,0,0,,,,,,,,,
5107200,0.569078947,0.569078947,0.569078947,0.505654281,0.505654281,0.505654281,0.569078947,0.569078947,0.569078947,0.149691358,0.149691358,0.149691358,0.002906977,0.002906977,0.002906977,0.206896552,0.206896552,0.206896552,,,,0.543828265,0.543828265,0.543828265,0.505244755,0.505244755,0.505244755,0.510714286,0.510714286,0.510714286
5123200,0.56372549,0.56372549,0.56372549,0.511326861,0.511326861,0.511326861,0.56372549,0.56372549,0.56372549,0.103500761,0.103500761,0.103500761,0.001464129,0.001464129,0.001464129,0.160686427,0.160686427,0.160686427,,,,0.564516129,0.564516129,0.564516129,0.52,0.52,0.52,0.506306306,0.506306306,0.506306306
5126400,,,,,,,,,,,,,,,,,,,0,0,0,,,,,,,,,
5139200,0.505766063,0.505766063,0.505766063,0.524193548,0.524193548,0.524193548,0.505766063,0.505766063,0.505766063,0.12788906,0.12788906,0.12788906,0.001459854,0.001459854,0.001459854,0.201257862,0.201257862,0.201257862,,,,0.577617329,0.577617329,0.577617329,0.50174216,0.50174216,0.50174216,0.514545455,0.514545455,0.514545455
5155200,0.571194763,0.571194763,0.571194763,0.535483871,0.535483871,0.535483871,0.571194763,0.571194763,0.571194763,0.130168453,0.130168453,0.130168453,0.002902758,0.002902758,0.002902758,0.185534591,0.185534591,0.185534591,,,,0.569892473,0.569892473,0.569892473,0.506108202,0.506108202,0.506108202,0.463458111,0.463458111,0.463458111
5158400,,,,,,,,,,,,,,,,,,,0,0,0,,,,,,,,,
5171200,0.553366174,0.553366174,0.553366174,0.534510433,0.534510433,0.534510433,0.553366174,0.553366174,0.553366174,0.113846154,0.113846154,0.113846154,0.001459854,0.001459854,0.001459854,0.179407176,0.179407176,0.179407176,,,,0.557761733,0.557761733,0.557761733,0.540492958,0.540492958,0.540492958,0.525939177,0.525939177,0.525939177
5187200,0.545901639,0.545901639,0.545901639,0.524350649,0.524350649,0.524350649,0.545901639,0.545901639,0.545901639,0.128440367,0.128440367,0.128440367,0.004411765,0.004411765,0.004411765,0.177115987,0.177115987,0.177115987,,,,0.568100358,0.568100358,0.568100358,0.494736842,0.494736842,0.494736842,0.507168459,0.507168459,0.507168459
5190400,,,,,,,,,,,,,,,,,,,0,0,0,,,,,,,,,
5203200,0.530179445,0.530179445,0.530179445,0.50955414,0.50955414,0.50955414,0.530179445,0.530179445,0.530179445,0.111111111,0.111111111,0.111111111,0.004405286,0.004405286,0.004405286,0.206070288,0.206070288,0.206070288,,,,0.506283662,0.506283662,0.506283662,0.455985915,0.455985915,0.455985915,0.476534296,0.476534296,0.476534296
5219200,0.558292282,0.558292282,0.558292282,0.537459283,0.537459283,0.537459283,0.558292282,0.558292282,0.558292282,0.123664122,0.123664122,0.123664122,0.001468429,0.001468429,0.001468429,0.228706625,0.228706625,0.228706625,,,,0.537634409,0.537634409,0.537634409,0.509532062,0.509532062,0.509532062,0.511711712,0.511711712,0.511711712
5222400,,,,,,,,,,,,,,,,,,,0,0,0,,,,,,,,,
5235200,0.522801303,0.522801303,0.522801303,0.53634895,0.53634895,0.53634895,0.522801303,0.522801303,0.522801303,0.122887865,0.122887865,0.122887865,0.001459854,0.001459854,0.001459854,0.205974843,0.205974843,0.205974843,,,,0.573476703,0.573476703,0.573476703,0.519298246,0.519298246,0.519298246,0.465827338,0.465827338,0.465827338
5251200,0.584142395,0.584142395,0.584142395,0.526570048,0.526570048,0.526570048,0.584142395,0.584142395,0.584142395,0.116385911,0.116385911,0.116385911,0.004411765,0.004411765,0.004411765,0.191222571,0.191222571,0.191222571,,,,0.56529517,0.56529517,0.56529517,0.528795812,0.528795812,0.528795812,0.498201439,0.498201439,0.498201439
5254400,,,,,,,,,,,,,,,,,,,0,0,0,,,,,,,,,
5267200,0.558101473,0.558101473,0.558101473,0.521035599,0.521035599,0.521035599,0.558101473,0.558101473,0.558101473,0.133540373,0.133540373,0.133540373,0.00727802,0.00727802,0.00727802,0.206951027,0.206951027,0.206951027,,,,0.505357143,0.505357143,0.505357143,0.503496503,0.503496503,0.503496503,0.500894454,0.500894454,0.500894454
5283200,0.543230016,0.543230016,0.543230016,0.56097561,0.56097561,0.56097561,0.543230016,0.543230016,0.543230016,0.129032258,0.129032258,0.129032258,0.002941176,0.002941176,0.002941176,0.164576803,0.164576803,0.164576803,,,,0.56036036,0.56036036,0.56036036,0.495652174,0.495652174,0.495652174,0.462365591,0.462365591,0.462365591
5286400,,,,,,,,,,,,,,,,,,,0,0,0,,,,,,,,,
5299200,0.522022838,0.522022838,0.522022838,0.537964459,0.537964459,0.537964459,0.522022838,0.522022838,0.522022838,0.11882716,0.11882716,0.11882716,0.001453488,0.001453488,0.001453488,0.203149606,0.203149606,0.203149606,,,,0.519855596,0.519855596,0.519855596,0.455497382,0.455497382,0.455497382,0.514492754,0.514492754,0.514492754
5315200,0.582113821,0.582113821,0.582113821,0.501623377,0.501623377,0.501623377,0.582113821,0.582113821,0.582113821,0.145510836,0.145510836,0.145510836,0.002941176,0.002941176,0.002941176,0.221003135,0.221003135,0.221003135,,,,0.571428571,0.571428571,0.571428571,0.539130435,0.539130435,0.539130435,0.490875912,0.490875912,0.490875912
5318400,,,,,,,,,,,,,,,,,,,0,0,0,,,,,,,,,
5331200,0.583196046,0.583196046,0.583196046,0.498392283,0.498392283,0.498392283,0.583196046,0.583196046,0.583196046,0.134848485,0.134848485,0.134848485,0,0,0,0.172897196,0.172897196,0.172897196,,,,0.496428571,0.496428571,0.496428571,0.502608696,0.502608696,0.502608696,0.48540146,0.48540146,0.48540146
5347200,0.531147541,0.531147541,0.531147541,0.55088853,0.55088853,0.55088853,0.531147541,0.531147541,0.531147541,0.131498471,0.131498471,0.131498471,0.001464129,0.001464129,0.001464129,0.174326466,0.174326466,0.174326466,,,,0.550359712,0.550359712,0.550359712,0.461672474,0.461672474,0.461672474,0.494584838,0.494584838,0.494584838
5350400,,,,,,,,,,,,,,,,,,,0,0,0,,,,,,,,,
5363200,0.50660066,0.50660066,0.50660066,0.540983607,0.540983607,0.540983607,0.50660066,0.50660066,0.50660066,0.104938272,0.104938272,0.104938272,0.004424779,0.004424779,0.004424779,0.213728549,0.213728549,0.213728549,,,,0.53046595,0.53046595,0.53046595,0.455805893,0.455805893,0.455805893,0.482944345,0.482944345,0.482944345
5379200,0.514049587,0.514049587,0.514049587,0.556650246,0.556650246,0.556650246,0.514049587,0.514049587,0.514049587,0.140215716,0.140215716,0.140215716,0.004418262,0.004418262,0.004418262,0.207606973,0.207606973,0.207606973,,,,0.536804309,0.536804309,0.536804309,0.4991274,0.4991274,0.4991274,0.47920434,0.47920434,0.47920434
5382400,,,,,,,,,,,,,,,,,,,0,0,0,,,,,,,,,
5395200,0.544570502,0.544570502,0.544570502,0.560855263,0.560855263,0.560855263,0.544570502,0.544570502,0.544570502,0.112804878,0.112804878,0.112804878,0.001457726,0.001457726,0.001457726,0.194357367,0.194357367,0.194357367,,,,0.509057971,0.509057971,0.509057971,0.455184534,0.455184534,0.455184534,0.463063063,0.463063063,0.463063063
5411200,0.522094926,0.522094926,0.522094926,0.552117264,0.552117264,0.552117264,0.522094926,0.522094926,0.522094926,0.124233129,0.124233129,0.124233129,0.004373178,0.004373178,0.004373178,0.1875,0.1875,0.1875,,,,0.557168784,0.557168784,0.557168784,0.493055556,0.493055556,0.493055556,0.516994633,0.516994633,0.516994633
5414400,,,,,,,,,,,,,,,,,,,0,0,0,,,,,,,,,
5427200,0.551894563,0.551894563,0.551894563,0.557755776,0.557755776,0.557755776,0.551894563,0.551894563,0.551894563,0.129770992,0.129770992,0.129770992,0.005873715,0.005873715,0.005873715,0.199052133,0.199052133,0.199052133,,,,0.5509839,0.5509839,0.5509839,0.452961672,0.452961672,0.452961672,0.466546112,0.466546112,0.466546112
5443200,0.559210526,0.559210526,0.559210526,0.527687296,0.527687296,0.527687296,0.559210526,0.559210526,0.559210526,0.149847095,0.149847095,0.149847095,0.001459854,0.001459854,0.001459854,0.192733017,0.192733017,0.192733017,,,,0.530685921,0.530685921,0.530685921,0.430313589,0.430313589,0.430313589,0.506329114,0.506329114,0.506329114
5446400,,,,,,,,,,,,,,,,,,,0,0,0,,,,,,,,,
5459200,0.570731707,0.570731707,0.570731707,0.524752475,0.524752475,0.524752475,0.570731707,0.570731707,0.570731707,0.119448698,0.119448698,0.119448698,0.001451379,0.001451379,0.001451379,0.205371248,0.205371248,0.205371248,,,,0.528776978,0.528776978,0.528776978,0.464347826,0.464347826,0.464347826,0.485714286,0.485714286,0.485714286
5475200,0.546666667,0.546666667,0.546666667,0.53495935,0.53495935,0.53495935,0.546666667,0.546666667,0.546666667,0.114854518,0.114854518,0.114854518,0,0,0,0.182677165,0.182677165,0.182677165,,,,0.541516245,0.541516245,0.541516245,0.472222222,0.472222222,0.472222222,0.501811594,0.501811594,0.501811594
5478400,,,,,,,,,,,,,,,,,,,0,0,0,,,,,,,,,
5491200,0.539215686,0.539215686,0.539215686,0.485436893,0.485436893,0.485436893,0.539215686,0.539215686,0.539215686,0.128834356,0.128834356,0.128834356,0.001464129,0.001464129,0.001464129,0.206624606,0.206624606,0.206624606,,,,0.514234875,0.514234875,0.514234875,0.436521739,0.436521739,0.436521739,0.47311828,0.47311828,0.47311828
5507200,0.54812398,0.54812398,0.54812398,0.526229508,0.526229508,0.526229508,0.54812398,0.54812398,0.54812398,0.121165644,0.121165644,0.121165644,0,0,0,0.181533646,0.181533646,0.181533646,,,,0.539568345,0.539568345,0.539568345,0.460207612,0.460207612,0.460207612,0.495479204,0.495479204,0.495479204
5510400,,,,,,,,,,,,,,,,,,,0,0,0,,,,,,,,,
5523200,0.541463415,0.541463415,0.541463415,0.52365416,0.52365416,0.52365416,0.541463415,0.541463415,0.541463415,0.128834356,0.128834356,0.128834356,0.001459854,0.001459854,0.001459854,0.190923318,0.190923318,0.190923318,,,,0.524150268,0.524150268,0.524150268,0.476683938,0.476683938,0.476683938,0.52079566,0.52079566,0.52079566
5539200,0.562706271,0.562706271,0.562706271,0.487725041,0.487725041,0.487725041,0.562706271,0.562706271,0.562706271,0.105504587,0.105504587,0.105504587,0.001461988,0.001461988,0.001461988,0.186228482,0.186228482,0.186228482,,,,0.543985637,0.543985637,0.543985637,0.453125,0.453125,0.453125,0.503610108,0.503610108,0.503610108
5542400,,,,,,,,,,,,,,,,,,,0,0,0,,,,,,,,,
5555200,0.534539474,0.534539474,0.534539474,0.495948136,0.495948136,0.495948136,0.534539474,0.534539474,0.534539474,0.120980092,0.120980092,0.120980092,0.004398827,0.004398827,0.004398827,0.220472441,0.220472441,0.220472441,,,,0.537769784,0.537769784,0.537769784,0.486818981,0.486818981,0.486818981,0.506283662,0.506283662,0.506283662
5571200,0.517799353,0.517799353,0.517799353,0.505672609,0.505672609,0.505672609,0.517799353,0.517799353,0.517799353,0.104134763,0.104134763,0.104134763,0.002936858,0.002936858,0.002936858,0.217665615,0.217665615,0.217665615,,,,0.514440433,0.514440433,0.514440433,0.445026178,0.445026178,0.445026178,0.523381295,0.523381295,0.523381295
5574400,,,,,,,,,,,,,,,,,,,0,0,0,,,,,,,,,
5587200,0.54796748,0.54796748,0.54796748,0.491143317,0.491143317,0.491143317,0.54796748,0.54796748,0.54796748,0.108396947,0.108396947,0.108396947,0,0,0,0.185534591,0.185534591,0.185534591,,,,0.555755396,0.555755396,0.555755396,0.496527778,0.496527778,0.496527778,0.508137432,0.508137432,0.508137432
5603200,0.504051864,0.504051864,0.504051864,0.501628664,0.501628664,0.501628664,0.504051864,0.504051864,0.504051864,0.125574273,0.125574273,0.125574273,0.002945508,0.002945508,0.002945508,0.202194357,0.202194357,0.202194357,,,,0.518783542,0.518783542,0.518783542,0.465034965,0.465034965,0.465034965,0.55353902,0.55353902,0.55353902
5606400,,,,,,,,,,,,,,,,,,,0,0,0,,,,,,,,,
5619200,0.520128824,0.520128824,0.520128824,0.518341308,0.518341308,0.518341308,0.520128824,0.520128824,0.520128824,0.103395062,0.103395062,0.103395062,0,0,0,0.169014085,0.169014085,0.169014085,,,,0.528880866,0.528880866,0.528880866,0.483478261,0.483478261,0.483478261,0.541666667,0.541666667,0.541666667
5635200,0.518760196,0.518760196,0.518760196,0.496763754,0.496763754,0.496763754,0.518760196,0.518760196,0.518760196,0.106382979,0.106382979,0.106382979,0.001470588,0.001470588,0.001470588,0.211690363,0.211690363,0.211690363,,,,0.544303797,0.544303797,0.544303797,0.430795848,0.430795848,0.430795848,0.500907441,0.500907441,0.500907441
5638400,,,,,,,,,,,,,,,,,,,0,0,0,,,,,,,,,
5651200,0.498376623,0.498376623,0.498376623,0.534313725,0.534313725,0.534313725,0.498376623,0.498376623,0.498376623,0.136434109,0.136434109,0.136434109,0.002919708,0.002919708,0.002919708,0.220125786,0.220125786,0.220125786,,,,0.533575318,0.533575318,0.533575318,0.482578397,0.482578397,0.482578397,0.467625899,0.467625899,0.467625899
5667200,0.566284779,0.566284779,0.566284779,0.5328,0.5328,0.5328,0.566284779,0.566284779,0.566284779,0.110599078,0.110599078,0.110599078,0.001472754,0.001472754,0.001472754,0.188087774,0.188087774,0.188087774,,,,0.52166065,0.52166065,0.52166065,0.485964912,0.485964912,0.485964912,0.451438849,0.451438849,0.451438849
5670400,,,,,,,,,,,,,,,,,,,0,0,0,,,,,,,,,
5683200,0.571428571,0.571428571,0.571428571,0.504901961,0.504901961,0.504901961,0.571428571,0.571428571,0.571428571,0.105182927,0.105182927,0.105182927,0,0,0,0.207874016,0.207874016,0.207874016,,,,0.503597122,0.503597122,0.503597122,0.494791667,0.494791667,0.494791667,0.492753623,0.492753623,0.492753623
5699200,0.51618123,0.51618123,0.51618123,0.512987013,0.512987013,0.512987013,0.51618123,0.51618123,0.51618123,0.131578947,0.131578947,0.131578947,0.007352941,0.007352941,0.007352941,0.186228482,0.186228482,0.186228482,,,,0.539568345,0.539568345,0.539568345,0.499124343,0.499124343,0.499124343,0.498175182,0.498175182,0.498175182
5702400,,,,,,,,,,,,,,,,,,,0,0,0,,,,,,,,,
5715200,0.535714286,0.535714286,0.535714286,0.55088853,0.55088853,0.55088853,0.535714286,0.535714286,0.535714286,0.124416796,0.124416796,0.124416796,0.002932551,0.002932551,0.002932551,0.199685535,0.199685535,0.199685535,,,,0.620437956,0.620437956,0.620437956,0.51675485,0.51675485,0.51675485,0.501824818,0.501824818,0.501824818
5731200,0.540322581,0.540322581,0.540322581,0.516339869,0.516339869,0.516339869,0.540322581,0.540322581,0.540322581,0.108562691,0.108562691,0.108562691,0.001468429,0.001468429,0.001468429,0.216981132,0.216981132,0.216981132,,,,0.559566787,0.559566787,0.559566787,0.5008726,0.5008726,0.5008726,0.517241379,0.517241379,0.517241379
5734400,,,,,,,,,,,,,,,,,,,0,0,0,,,,,,,,,
5747200,0.54796748,0.54796748,0.54796748,0.502454992,0.502454992,0.502454992,0.54796748,0.54796748,0.54796748,0.139751553,0.139751553,0.139751553,0.001459854,0.001459854,0.001459854,0.192125984,0.192125984,0.192125984,,,,0.572202166,0.572202166,0.572202166,0.49825784,0.49825784,0.49825784,0.487318841,0.487318841,0.487318841
5763200,0.552117264,0.552117264,0.552117264,0.463533225,0.463533225,0.463533225,0.552117264,0.552117264,0.552117264,0.119195046,0.119195046,0.119195046,0.001474926,0.001474926,0.001474926,0.187106918,0.187106918,0.187106918,,,,0.578661844,0.578661844,0.578661844,0.540069686,0.540069686,0.540069686,0.503636364,0.503636364,0.503636364
5766400,,,,,,,,,,,,,,,,,,,0,0,0,,,,,,,,,
5779200,0.556270096,0.556270096,0.556270096,0.526058632,0.526058632,0.526058632,0.556270096,0.556270096,0.556270096,0.101823708,0.101823708,0.101823708,0.004405286,0.004405286,0.004405286,0.203791469,0.203791469,0.203791469,,,,0.526220615,0.526220615,0.526220615,0.480701754,0.480701754,0.480701754,0.46835443,0.46835443,0.46835443
5795200,0.53125,0.53125,0.53125,0.486178862,0.486178862,0.486178862,0.53125,0.53125,0.53125,0.134052388,0.134052388,0.134052388,0.002928258,0.002928258,0.002928258,0.188180404,0.188180404,0.188180404,,,,0.567811935,0.567811935,0.567811935,0.527050611,0.527050611,0.527050611,0.482882883,0.482882883,0.482882883
5798400,,,,,,,,,,,,,,,,,,,0,0,0,,,,,,,,,
5811200,0.570261438,0.570261438,0.570261438,0.506493506,0.506493506,0.506493506,0.570261438,0.570261438,0.570261438,0.124615385,0.124615385,0.124615385,0.001472754,0.001472754,0.001472754,0.241653418,0.241653418,0.241653418,,,,0.555755396,0.555755396,0.555755396,0.526408451,0.526408451,0.526408451,0.459165154,0.459165154,0.459165154
5827200,0.544117647,0.544117647,0.544117647,0.53125,0.53125,0.53125,0.544117647,0.544117647,0.544117647,0.11827957,0.11827957,0.11827957,0,0,0,0.195892575,0.195892575,0.195892575,,,,0.569120287,0.569120287,0.569120287,0.538596491,0.538596491,0.538596491,0.482820976,0.482820976,0.482820976
5830400,,,,,,,,,,,,,,,,,,,0,0,0,,,,,,,,,
5843200,0.539708266,0.539708266,0.539708266,0.561174551,0.561174551,0.561174551,0.539708266,0.539708266,0.539708266,0.109422492,0.109422492,0.109422492,0.004464286,0.004464286,0.004464286,0.187106918,0.187106918,0.187106918,,,,0.524236984,0.524236984,0.524236984,0.556140351,0.556140351,0.556140351,0.497287523,0.497287523,0.497287523
5859200,0.570247934,0.570247934,0.570247934,0.545008183,0.545008183,0.545008183,0.570247934,0.570247934,0.570247934,0.124807396,0.124807396,0.124807396,0.002941176,0.002941176,0.002941176,0.191153239,0.191153239,0.191153239,,,,0.506329114,0.506329114,0.506329114,0.533333333,0.533333333,0.533333333,0.524412297,0.524412297,0.524412297
5862400,,,,,,,,,,,,,,,,,,,0,0,0,,,,,,,,,
5875200,0.535303777,0.535303777,0.535303777,0.538461538,0.538461538,0.538461538,0.535303777,0.535303777,0.535303777,0.129230769,0.129230769,0.129230769,0,0,0,0.196261682,0.196261682,0.196261682,,,,0.527927928,0.527927928,0.527927928,0.502590674,0.502590674,0.502590674,0.5,0.5,0.5
5891200,0.541118421,0.541118421,0.541118421,0.517241379,0.517241379,0.517241379,0.541118421,0.541118421,0.541118421,0.105828221,0.105828221,0.105828221,0.002932551,0.002932551,0.002932551,0.221003135,0.221003135,0.221003135,,,,0.591320072,0.591320072,0.591320072,0.53765324,0.53765324,0.53765324,0.488160291,0.488160291,0.488160291
5894400,,,,,,,,,,,,,,,,,,,0,0,0,,,,,,,,,
5907200,0.534090909,0.534090909,0.534090909,0.508223684,0.508223684,0.508223684,0.534090909,0.534090909,0.534090909,0.098918083,0.098918083,0.098918083,0.004392387,0.004392387,0.004392387,0.174454829,0.174454829,0.174454829,,,,0.557553957,0.557553957,0.557553957,0.53180212,0.53180212,0.53180212,0.52,0.52,0.52
5923200,0.577996716,0.577996716,0.577996716,0.536704731,0.536704731,0.536704731,0.577996716,0.577996716,0.577996716,0.121351767,0.121351767,0.121351767,0.001466276,0.001466276,0.001466276,0.205607477,0.205607477,0.205607477,,,,0.520572451,0.520572451,0.520572451,0.505244755,0.505244755,0.505244755,0.494584838,0.494584838,0.494584838
5926400,,,,,,,,,,,,,,,,,,,0,0,0,,,,,,,,,
5939200,0.553017945,0.553017945,0.553017945,0.551386623,0.551386623,0.551386623,0.553017945,0.553017945,0.553017945,0.150306748,0.150306748,0.150306748,0.002945508,0.002945508,0.002945508,0.194006309,0.194006309,0.194006309,,,,0.564516129,0.564516129,0.564516129,0.458041958,0.458041958,0.458041958,0.505415162,0.505415162,0.505415162
5955200,0.543831169,0.543831169,0.543831169,0.550488599,0.550488599,0.550488599,0.543831169,0.543831169,0.543831169,0.102918587,0.102918587,0.102918587,0.001459854,0.001459854,0.001459854,0.185826772,0.185826772,0.185826772,,,,0.529837251,0.529837251,0.529837251,0.472759227,0.472759227,0.472759227,0.517304189,0.517304189,0.517304189
5958400,,,,,,,,,,,,,,,,,,,0,0,0,,,,,,,,,
5971200,0.512195122,0.512195122,0.512195122,0.524429967,0.524429967,0.524429967,0.512195122,0.512195122,0.512195122,0.111455108,0.111455108,0.111455108,0.001470588,0.001470588,0.001470588,0.204049844,0.204049844,0.204049844,,,,0.562162162,0.562162162,0.562162162,0.463157895,0.463157895,0.463157895,0.518050542,0.518050542,0.518050542
5987200,0.530546624,0.530546624,0.530546624,0.504885993,0.504885993,0.504885993,0.530546624,0.530546624,0.530546624,0.12962963,0.12962963,0.12962963,0.002915452,0.002915452,0.002915452,0.204113924,0.204113924,0.204113924,,,,0.512455516,0.512455516,0.512455516,0.492119089,0.492119089,0.492119089,0.55234657,0.55234657,0.55234657
5990400,,,,,,,,,,,,,,,,,,,0,0,0,,,,,,,,,
6003200,0.511217949,0.511217949,0.511217949,0.567699837,0.567699837,0.567699837,0.511217949,0.511217949,0.511217949,0.137134052,0.137134052,0.137134052,0,0,0,0.251980983,0.251980983,0.251980983,,,,0.560798548,0.560798548,0.560798548,0.491289199,0.491289199,0.491289199,0.504504505,0.504504505,0.504504505
6019200,0.56514658,0.56514658,0.56514658,0.545751634,0.545751634,0.545751634,0.56514658,0.56514658,0.56514658,0.136923077,0.136923077,0.136923077,0.004398827,0.004398827,0.004398827,0.20977918,0.20977918,0.20977918,,,,0.544303797,0.544303797,0.544303797,0.51142355,0.51142355,0.51142355,0.513562387,0.513562387,0.513562387
6022400,,,,,,,,,,,,,,,,,,,0,0,0,,,,,,,,,
6035200,0.537720706,0.537720706,0.537720706,0.566068515,0.566068515,0.566068515,0.537720706,0.537720706,0.537720706,0.12654321,0.12654321,0.12654321,0.005822416,0.005822416,0.005822416,0.181528662,0.181528662,0.181528662,,,,0.534050179,0.534050179,0.534050179,0.493891798,0.493891798,0.493891798,0.479279279,0.479279279,0.479279279
6051200,0.528271405,0.528271405,0.528271405,0.539087948,0.539087948,0.539087948,0.528271405,0.528271405,0.528271405,0.134052388,0.134052388,0.134052388,0.005873715,0.005873715,0.005873715,0.215189873,0.215189873,0.215189873,,,,0.542190305,0.542190305,0.542190305,0.47027972,0.47027972,0.47027972,0.488288288,0.488288288,0.488288288
6054400,,,,,,,,,,,,,,,,,,,0,0,0,,,,,,,,,
6067200,0.546774194,0.546774194,0.546774194,0.564356436,0.564356436,0.564356436,0.546774194,0.546774194,0.546774194,0.145510836,0.145510836,0.145510836,0.002928258,0.002928258,0.002928258,0.20754717,0.20754717,0.20754717,,,,0.561151079,0.561151079,0.561151079,0.48245614,0.48245614,0.48245614,0.513464991,0.513464991,0.513464991
6083200,0.480519481,0.480519481,0.480519481,0.551053485,0.551053485,0.551053485,0.480519481,0.480519481,0.480519481,0.124615385,0.124615385,0.124615385,0.005865103,0.005865103,0.005865103,0.176190476,0.176190476,0.176190476,,,,0.568592058,0.568592058,0.568592058,0.514886165,0.514886165,0.514886165,0.514440433,0.514440433,0.514440433
6086400,,,,,,,,,,,,,,,,,,,0,0,0,,,,,,,,,
6099200,0.540584416,0.540584416,0.540584416,0.590834697,0.590834697,0.590834697,0.540584416,0.540584416,0.540584416,0.125574273,0.125574273,0.125574273,0.004379562,0.004379562,0.004379562,0.211111111,0.211111111,0.211111111,,,,0.564428312,0.564428312,0.564428312,0.52920354,0.52920354,0.52920354,0.518181818,0.518181818,0.518181818
6115200,0.520967742,0.520967742,0.520967742,0.546952224,0.546952224,0.546952224,0.520967742,0.520967742,0.520967742,0.112307692,0.112307692,0.112307692,0.004379562,0.004379562,0.004379562,0.189873418,0.189873418,0.189873418,,,,0.540394973,0.540394973,0.540394973,0.552631579,0.552631579,0.552631579,0.414721724,0.414721724,0.414721724
6118400,,,,,,,,,,,,,,,,,,,0,0,0,,,,,,,,,
6131200,0.511182109,0.511182109,0.511182109,0.580065359,0.580065359,0.580065359,0.511182109,0.511182109,0.511182109,0.123266564,0.123266564,0.123266564,0.001464129,0.001464129,0.001464129,0.192488263,0.192488263,0.192488263,,,,0.521505376,0.521505376,0.521505376,0.50877193,0.50877193,0.50877193,0.493670886,0.493670886,0.493670886
6147200,0.495961228,0.495961228,0.495961228,0.524509804,0.524509804,0.524509804,0.495961228,0.495961228,0.495961228,0.109399076,0.109399076,0.109399076,0.004398827,0.004398827,0.004398827,0.209191759,0.209191759,0.209191759,,,,0.508960573,0.508960573,0.508960573,0.525663717,0.525663717,0.525663717,0.493716338,0.493716338,0.493716338
6150400,,,,,,,,,,,,,,,,,,,0,0,0,,,,,,,,,
6163200,0.492753623,0.492753623,0.492753623,0.496721311,0.496721311,0.496721311,0.492753623,0.492753623,0.492753623,0.130769231,0.130769231,0.130769231,0.001474926,0.001474926,0.001474926,0.198113208,0.198113208,0.198113208,,,,0.553153153,0.553153153,0.553153153,0.582010582,0.582010582,0.582010582,0.5,0.5,0.5
6179200,0.495145631,0.495145631,0.495145631,0.543513957,0.543513957,0.543513957,0.495145631,0.495145631,0.495145631,0.118644068,0.118644068,0.118644068,0.001464129,0.001464129,0.001464129,0.207874016,0.207874016,0.207874016,,,,0.548387097,0.548387097,0.548387097,0.5,0.5,0.5,0.52688172,0.52688172,0.52688172
6182400,,,,,,,,,,,,,,,,,,,0,0,0,,,,,,,,,
6195200,0.47284345,0.47284345,0.47284345,0.510534846,0.510534846,0.510534846,0.47284345,0.47284345,0.47284345,0.152073733,0.152073733,0.152073733,0.001453488,0.001453488,0.001453488,0.204368175,0.204368175,0.204368175,,,,0.518783542,0.518783542,0.518783542,0.511343805,0.511343805,0.511343805,0.452727273,0.452727273,0.452727273
6211200,0.494345719,0.494345719,0.494345719,0.498355263,0.498355263,0.498355263,0.494345719,0.494345719,0.494345719,0.133435583,0.133435583,0.133435583,0.002945508,0.002945508,0.002945508,0.221350078,0.221350078,0.221350078,,,,0.516994633,0.516994633,0.516994633,0.513043478,0.513043478,0.513043478,0.499099099,0.499099099,0.499099099
6214400,,,,,,,,,,,,,,,,,,,0,0,0,,,,,,,,,
6227200,0.529032258,0.529032258,0.529032258,0.542622951,0.542622951,0.542622951,0.529032258,0.529032258,0.529032258,0.12788906,0.12788906,0.12788906,0.001470588,0.001470588,0.001470588,0.20221169,0.20221169,0.20221169,,,,0.506306306,0.506306306,0.506306306,0.483420593,0.483420593,0.483420593,0.493647913,0.493647913,0.493647913
6243200,0.426910299,0.426910299,0.426910299,0.491721854,0.491721854,0.491721854,0.453047776,0.453047776,0.453047776,0.105990783,0.105990783,0.105990783,0,0,0,0.200315457,0.200315457,0.200315457,,,,0.553345389,0.553345389,0.553345389,0.492146597,0.492146597,0.492146597,0.449820789,0.449820789,0.449820789
6246400,,,,,,,,,,,,,,,,,,,0,0,0,,,,,,,,,
6259200,0.477272727,0.477272727,0.477272727,0.468497577,0.468497577,0.468497577,0.544715447,0.544715447,0.544715447,0.127105666,0.127105666,0.127105666,0.002928258,0.002928258,0.002928258,0.187993681,0.187993681,0.187993681,,,,0.557761733,0.557761733,0.557761733,0.527972028,0.527972028,0.527972028,0.47037702,0.47037702,0.47037702
6275200,0.511437908,0.511437908,0.511437908,0.490291262,0.490291262,0.490291262,0.501618123,0.501618123,0.501618123,0.149001536,0.149001536,0.149001536,0.005882353,0.005882353,0.005882353,0.204081633,0.204081633,0.204081633,,,,0.532608696,0.532608696,0.532608696,0.465277778,0.465277778,0.465277778,0.47935368,0.47935368,0.47935368
6278400,,,,,,,,,,,,,,,,,,,0,0,0,,,,,,,,,
6291200,0.5089141,0.5089141,0.5089141,0.520193861,0.520193861,0.520193861,0.517017828,0.517017828,0.517017828,0.132921175,0.132921175,0.132921175,0.001472754,0.001472754,0.001472754,0.252365931,0.252365931,0.252365931,,,,0.53046595,0.53046595,0.53046595,0.50262697,0.50262697,0.50262697,0.499099099,0.499099099,0.499099099
6307200,0.503215434,0.503215434,0.503215434,0.503215434,0.503215434,0.503215434,0.492706645,0.492706645,0.492706645,0.150387597,0.150387597,0.150387597,0,0,0,0.210031348,0.210031348,0.210031348,,,,0.541666667,0.541666667,0.541666667,0.467826087,0.467826087,0.467826087,0.457657658,0.457657658,0.457657658
6310400,,,,,,,,,,,,,,,,,,,0,0,0,,,,,,,,,
6323200,0.496710526,0.496710526,0.496710526,0.503246753,0.503246753,0.503246753,0.51147541,0.51147541,0.51147541,0.116564417,0.116564417,0.116564417,0.00443787,0.00443787,0.00443787,0.191455696,0.191455696,0.191455696,,,,0.5433213,0.5433213,0.5433213,0.465849387,0.465849387,0.465849387,0.495479204,0.495479204,0.495479204
6339200,0.529886914,0.529886914,0.529886914,0.511363636,0.511363636,0.511363636,0.496774194,0.496774194,0.496774194,0.152777778,0.152777778,0.152777778,0.005882353,0.005882353,0.005882353,0.1828125,0.1828125,0.1828125,,,,0.54954955,0.54954955,0.54954955,0.522045855,0.522045855,0.522045855,0.495479204,0.495479204,0.495479204
6342400,,,,,,,,,,,,,,,,,,,0,0,0,,,,,,,,,
6355200,0.497568882,0.497568882,0.497568882,0.533661741,0.533661741,0.533661741,0.492038217,0.492038217,0.492038217,0.149460709,0.149460709,0.149460709,0.001474926,0.001474926,0.001474926,0.209191759,0.209191759,0.209191759,,,,0.569369369,0.569369369,0.569369369,0.473591549,0.473591549,0.473591549,0.474820144,0.474820144,0.474820144
6371200,0.516233766,0.516233766,0.516233766,0.526829268,0.526829268,0.526829268,0.492682927,0.492682927,0.492682927,0.132104455,0.132104455,0.132104455,0.005882353,0.005882353,0.005882353,0.192789969,0.192789969,0.192789969,,,,0.542342342,0.542342342,0.542342342,0.467713787,0.467713787,0.467713787,0.480144404,0.480144404,0.480144404
6374400,,,,,,,,,,,,,,,,,,,0,0,0,,,,,,,,,
6387200,0.529605263,0.529605263,0.529605263,0.530844156,0.530844156,0.530844156,0.473941368,0.473941368,0.473941368,0.112977099,0.112977099,0.112977099,0.004405286,0.004405286,0.004405286,0.1921875,0.1921875,0.1921875,,,,0.532258065,0.532258065,0.532258065,0.511504425,0.511504425,0.511504425,0.488288288,0.488288288,0.488288288
6403200,0.529508197,0.529508197,0.529508197,0.485996705,0.485996705,0.485996705,0.465266559,0.465266559,0.465266559,0.144615385,0.144615385,0.144615385,0.00443787,0.00443787,0.00443787,0.201892744,0.201892744,0.201892744,,,,0.578853047,0.578853047,0.578853047,0.497363796,0.497363796,0.497363796,0.477477477,0.477477477,0.477477477
6406400,,,,,,,,,,,,,,,,,,,0,0,0,,,,,,,,,
6419200,0.519672131,0.519672131,0.519672131,0.543513957,0.543513957,0.543513957,0.467532468,0.467532468,0.467532468,0.100303951,0.100303951,0.100303951,0.005873715,0.005873715,0.005873715,0.17535545,0.17535545,0.17535545,,,,0.548913043,0.548913043,0.548913043,0.50262697,0.50262697,0.50262697,0.486437613,0.486437613,0.486437613
6435200,0.50726979,0.50726979,0.50726979,0.513821138,0.513821138,0.513821138,0.474796748,0.474796748,0.474796748,0.121538462,0.121538462,0.121538462,0.007309942,0.007309942,0.007309942,0.190251572,0.190251572,0.190251572,,,,0.545780969,0.545780969,0.545780969,0.478947368,0.478947368,0.478947368,0.421621622,0.421621622,0.421621622
6438400,,,,,,,,,,,,,,,,,,,0,0,0,,,,,,,,,
6451200,0.490163934,0.490163934,0.490163934,0.487055016,0.487055016,0.487055016,0.469820555,0.469820555,0.469820555,0.135384615,0.135384615,0.135384615,0.002945508,0.002945508,0.002945508,0.221169036,0.221169036,0.221169036,,,,0.564981949,0.564981949,0.564981949,0.51675485,0.51675485,0.51675485,0.48,0.48,0.48
6467200,0.523577236,0.523577236,0.523577236,0.5,0.5,0.5,0.477124183,0.477124183,0.477124183,0.124416796,0.124416796,0.124416796,0.001470588,0.001470588,0.001470588,0.174528302,0.174528302,0.174528302,,,,0.552158273,0.552158273,0.552158273,0.501748252,0.501748252,0.501748252,0.488245931,0.488245931,0.488245931
6470400,,,,,,,,,,,,,,,,,,,0,0,0,,,,,,,,,
6483200,0.532679739,0.532679739,0.532679739,0.533884298,0.533884298,0.533884298,0.518821604,0.518821604,0.518821604,0.134052388,0.134052388,0.134052388,0.004385965,0.004385965,0.004385965,0.193650794,0.193650794,0.193650794,,,,0.53442029,0.53442029,0.53442029,0.456790123,0.456790123,0.456790123,0.473873874,0.473873874,0.473873874
6499200,0.52350081,0.52350081,0.52350081,0.524752475,0.524752475,0.524752475,0.518821604,0.518821604,0.518821604,0.13137558,0.13137558,0.13137558,0.007331378,0.007331378,0.007331378,0.22503962,0.22503962,0.22503962,,,,0.57323689,0.57323689,0.57323689,0.475438596,0.475438596,0.475438596,0.449275362,0.449275362,0.449275362
6502400,,,,,,,,,,,,,,,,,,,0,0,0,,,,,,,,,
6515200,0.501639344,0.501639344,0.501639344,0.501628664,0.501628664,0.501628664,0.462171053,0.462171053,0.462171053,0.122102009,0.122102009,0.122102009,0.001468429,0.001468429,0.001468429,0.18081761,0.18081761,0.18081761,,,,0.516934046,0.516934046,0.516934046,0.528998243,0.528998243,0.528998243,0.446236559,0.446236559,0.446236559
6531200,0.516447368,0.516447368,0.516447368,0.517184943,0.517184943,0.517184943,0.517412935,0.517412935,0.517412935,0.145736434,0.145736434,0.145736434,0.002941176,0.002941176,0.002941176,0.21875,0.21875,0.21875,,,,0.579136691,0.579136691,0.579136691,0.514084507,0.514084507,0.514084507,0.482820976,0.482820976,0.482820976
6534400,,,,,,,,,,,,,,,,,,,0,0,0,,,,,,,,,
6547200,0.496753247,0.496753247,0.496753247,0.529315961,0.529315961,0.529315961,0.490131579,0.490131579,0.490131579,0.12749616,0.12749616,0.12749616,0.005908419,0.005908419,0.005908419,0.200941915,0.200941915,0.200941915,,,,0.569120287,0.569120287,0.569120287,0.472759227,0.472759227,0.472759227,0.446654611,0.446654611,0.446654611
6563200,0.55954323,0.55954323,0.55954323,0.5400982,0.5400982,0.5400982,0.465153971,0.465153971,0.465153971,0.107033639,0.107033639,0.107033639,0.001464129,0.001464129,0.001464129,0.206349206,0.206349206,0.206349206,,,,0.512544803,0.512544803,0.512544803,0.528070175,0.528070175,0.528070175,0.504537205,0.504537205,0.504537205
6566400,,,,,,,,,,,,,,,,,,,0,0,0,,,,,,,,,
6579200,0.491830065,0.491830065,0.491830065,0.512274959,0.512274959,0.512274959,0.553366174,0.553366174,0.553366174,0.138931298,0.138931298,0.138931298,0.002915452,0.002915452,0.002915452,0.208137715,0.208137715,0.208137715,,,,0.598920863,0.598920863,0.598920863,0.499111901,0.499111901,0.499111901,0.503636364,0.503636364,0.503636364
6595200,0.499176277,0.499176277,0.499176277,0.511513158,0.511513158,0.511513158,0.522875817,0.522875817,0.522875817,0.128682171,0.128682171,0.128682171,0.002919708,0.002919708,0.002919708,0.209448819,0.209448819,0.209448819,,,,0.532608696,0.532608696,0.532608696,0.49382716,0.49382716,0.49382716,0.468864469,0.468864469,0.468864469
6598400,,,,,,,,,,,,,,,,,,,0,0,0,,,,,,,,,
6611200,0.493421053,0.493421053,0.493421053,0.532467532,0.532467532,0.532467532,0.501650165,0.501650165,0.501650165,0.139968896,0.139968896,0.139968896,0,0,0,0.221003135,0.221003135,0.221003135,,,,0.541666667,0.541666667,0.541666667,0.498233216,0.498233216,0.498233216,0.465116279,0.465116279,0.465116279
6627200,0.460784314,0.460784314,0.460784314,0.523026316,0.523026316,0.523026316,0.509868421,0.509868421,0.509868421,0.140432099,0.140432099,0.140432099,0.002906977,0.002906977,0.002906977,0.174528302,0.174528302,0.174528302,,,,0.518050542,0.518050542,0.518050542,0.509666081,0.509666081,0.509666081,0.45553539,0.45553539,0.45553539
6630400,,,,,,,,,,,,,,,,,,,0,0,0,,,,,,,,,
6643200,0.489291598,0.489291598,0.489291598,0.534090909,0.534090909,0.534090909,0.527093596,0.527093596,0.527093596,0.141975309,0.141975309,0.141975309,0.001468429,0.001468429,0.001468429,0.216088328,0.216088328,0.216088328,,,,0.508992806,0.508992806,0.508992806,0.499118166,0.499118166,0.499118166,0.479279279,0.479279279,0.479279279
6659200,0.455284553,0.455284553,0.455284553,0.49512987,0.49512987,0.49512987,0.52124183,0.52124183,0.52124183,0.143297381,0.143297381,0.143297381,0.001470588,0.001470588,0.001470588,0.188087774,0.188087774,0.188087774,,,,0.52688172,0.52688172,0.52688172,0.518453427,0.518453427,0.518453427,0.506398537,0.506398537,0.506398537
6662400,,,,,,,,,,,,,,,,,,,0,0,0,,,,,,,,,
6675200,0.506535948,0.506535948,0.506535948,0.519672131,0.519672131,0.519672131,0.48852459,0.48852459,0.48852459,0.126911315,0.126911315,0.126911315,0.00295421,0.00295421,0.00295421,0.196540881,0.196540881,0.196540881,,,,0.578661844,0.578661844,0.578661844,0.497345133,0.497345133,0.497345133,0.459312839,0.459312839,0.459312839
6691200,0.466774716,0.466774716,0.466774716,0.500813008,0.500813008,0.500813008,0.455138662,0.455138662,0.455138662,0.11809816,0.11809816,0.11809816,0.002936858,0.002936858,0.002936858,0.204724409,0.204724409,0.204724409,,,,0.590990991,0.590990991,0.590990991,0.449122807,0.449122807,0.449122807,0.460431655,0.460431655,0.460431655
6694400,,,,,,,,,,,,,,,,,,,0,0,0,,,,,,,,,
6707200,0.443719413,0.443719413,0.443719413,0.499194847,0.499194847,0.499194847,0.496732026,0.496732026,0.496732026,0.125382263,0.125382263,0.125382263,0,0,0,0.214173228,0.214173228,0.214173228,,,,0.55615942,0.55615942,0.55615942,0.492007105,0.492007105,0.492007105,0.509057971,0.509057971,0.509057971
6723200,0.498355263,0.498355263,0.498355263,0.521035599,0.521035599,0.521035599,0.50974026,0.50974026,0.50974026,0.12808642,0.12808642,0.12808642,0.004392387,0.004392387,0.004392387,0.218009479,0.218009479,0.218009479,,,,0.540687161,0.540687161,0.540687161,0.505319149,0.505319149,0.505319149,0.488160291,0.488160291,0.488160291
6726400,,,,,,,,,,,,,,,,,,,0,0,0,,,,,,,,,
6739200,0.510638298,0.510638298,0.510638298,0.46388443,0.46388443,0.46388443,0.531810767,0.531810767,0.531810767,0.099540582,0.099540582,0.099540582,0.00739645,0.00739645,0.00739645,0.21630094,0.21630094,0.21630094,,,,0.551724138,0.551724138,0.551724138,0.569911504,0.569911504,0.569911504,0.474820144,0.474820144,0.474820144
6755200,0.515599343,0.515599343,0.515599343,0.454983923,0.454983923,0.454983923,0.493464052,0.493464052,0.493464052,0.125193199,0.125193199,0.125193199,0.007385524,0.007385524,0.007385524,0.194620253,0.194620253,0.194620253,,,,0.51459854,0.51459854,0.51459854,0.500891266,0.500891266,0.500891266,0.480874317,0.480874317,0.480874317
6758400,,,,,,,,,,,,,,,,,,,0,0,0,,,,,,,,,
6771200,0.506514658,0.506514658,0.506514658,0.476725522,0.476725522,0.476725522,0.460784314,0.460784314,0.460784314,0.141321045,0.141321045,0.141321045,0.001481481,0.001481481,0.001481481,0.189655172,0.189655172,0.189655172,,,,0.5433213,0.5433213,0.5433213,0.510600707,0.510600707,0.510600707,0.497287523,0.497287523,0.497287523
6787200,0.482871126,0.482871126,0.482871126,0.479166667,0.479166667,0.479166667,0.475409836,0.475409836,0.475409836,0.119815668,0.119815668,0.119815668,0.001468429,0.001468429,0.001468429,0.2,0.2,0.2,,,,0.551912568,0.551912568,0.551912568,0.486772487,0.486772487,0.486772487,0.482820976,0.482820976,0.482820976
6790400,,,,,,,,,,,,,,,,,,,0,0,0,,,,,,,,,
6803200,0.518092105,0.518092105,0.518092105,0.449275362,0.449275362,0.449275362,0.444084279,0.444084279,0.444084279,0.127131783,0.127131783,0.127131783,0.004398827,0.004398827,0.004398827,0.182242991,0.182242991,0.182242991,,,,0.52079566,0.52079566,0.52079566,0.514938489,0.514938489,0.514938489,0.503649635,0.503649635,0.503649635
6819200,0.51223491,0.51223491,0.51223491,0.471636953,0.471636953,0.471636953,0.461165049,0.461165049,0.461165049,0.136923077,0.136923077,0.136923077,0.002962963,0.002962963,0.002962963,0.195859873,0.195859873,0.195859873,,,,0.493647913,0.493647913,0.493647913,0.536155203,0.536155203,0.536155203,0.469314079,0.469314079,0.469314079
6822400,,,,,,,,,,,,,,,,,,,0,0,0,,,,,,,,,
6835200,0.546052632,0.546052632,0.546052632,0.493589744,0.493589744,0.493589744,0.413398693,0.413398693,0.413398693,0.136923077,0.136923077,0.136923077,0.004405286,0.004405286,0.004405286,0.210110585,0.210110585,0.210110585,,,,0.518050542,0.518050542,0.518050542,0.530973451,0.530973451,0.530973451,0.50273224,0.50273224,0.50273224
6851200,0.537216828,0.537216828,0.537216828,0.472580645,0.472580645,0.472580645,0.493464052,0.493464052,0.493464052,0.129429892,0.129429892,0.129429892,0.005882353,0.005882353,0.005882353,0.211446741,0.211446741,0.211446741,,,,0.589836661,0.589836661,0.589836661,0.520282187,0.520282187,0.520282187,0.467625899,0.467625899,0.467625899
6854400,,,,,,,,,,,,,,,,,,,0,0,0,,,,,,,,,
6867200,0.46191248,0.46191248,0.46191248,0.459935897,0.459935897,0.459935897,0.426256078,0.426256078,0.426256078,0.118902439,0.118902439,0.118902439,0.002945508,0.002945508,0.002945508,0.252747253,0.252747253,0.252747253,,,,0.551094891,0.551094891,0.551094891,0.51675485,0.51675485,0.51675485,0.503649635,0.503649635,0.503649635
6883200,0.538714992,0.538714992,0.538714992,0.4752,0.4752,0.4752,0.482084691,0.482084691,0.482084691,0.13671275,0.13671275,0.13671275,0.00295858,0.00295858,0.00295858,0.211598746,0.211598746,0.211598746,,,,0.552727273,0.552727273,0.552727273,0.530973451,0.530973451,0.530973451,0.49270073,0.49270073,0.49270073
6886400,,,,,,,,,,,,,,,,,,,0,0,0,,,,,,,,,
6899200,0.531914894,0.531914894,0.531914894,0.483870968,0.483870968,0.483870968,0.544861338,0.544861338,0.544861338,0.120795107,0.120795107,0.120795107,0.001474926,0.001474926,0.001474926,0.19778481,0.19778481,0.19778481,,,,0.540394973,0.540394973,0.540394973,0.505319149,0.505319149,0.505319149,0.524590164,0.524590164,0.524590164
6915200,0.516286645,0.516286645,0.516286645,0.445324881,0.445324881,0.445324881,0.533661741,0.533661741,0.533661741,0.108728943,0.108728943,0.108728943,0.008862629,0.008862629,0.008862629,0.202194357,0.202194357,0.202194357,,,,0.582278481,0.582278481,0.582278481,0.518650089,0.518650089,0.518650089,0.483636364,0.483636364,0.483636364
6918400,,,,,,,,,,,,,,,,,,,0,0,0,,,,,,,,,
6931200,0.529411765,0.529411765,0.529411765,0.479166667,0.479166667,0.479166667,0.555194805,0.555194805,0.555194805,0.119631902,0.119631902,0.119631902,0.002962963,0.002962963,0.002962963,0.198425197,0.198425197,0.198425197,,,,0.577617329,0.577617329,0.577617329,0.519366197,0.519366197,0.519366197,0.511669659,0.511669659,0.511669659
6947200,0.520525452,0.520525452,0.520525452,0.484848485,0.484848485,0.484848485,0.529886914,0.529886914,0.529886914,0.135176651,0.135176651,0.135176651,0.001470588,0.001470588,0.001470588,0.187793427,0.187793427,0.187793427,,,,0.537477148,0.537477148,0.537477148,0.548845471,0.548845471,0.548845471,0.508166969,0.508166969,0.508166969
6950400,,,,,,,,,,,,,,,,,,,0,0,0,,,,,,,,,
6963200,0.541800643,0.541800643,0.541800643,0.51607717,0.51607717,0.51607717,0.52545156,0.52545156,0.52545156,0.145736434,0.145736434,0.145736434,0.004424779,0.004424779,0.004424779,0.204724409,0.204724409,0.204724409,,,,0.561938959,0.561938959,0.561938959,0.51754386,0.51754386,0.51754386,0.457350272,0.457350272,0.457350272
6979200,0.533442088,0.533442088,0.533442088,0.482084691,0.482084691,0.482084691,0.524350649,0.524350649,0.524350649,0.152777778,0.152777778,0.152777778,0.001470588,0.001470588,0.001470588,0.188291139,0.188291139,0.188291139,,,,0.551724138,0.551724138,0.551724138,0.505208333,0.505208333,0.505208333,0.489090909,0.489090909,0.489090909
6982400,,,,,,,,,,,,,,,,,,,0,0,0,,,,,,,,,
6995200,0.5400982,0.5400982,0.5400982,0.49273021,0.49273021,0.49273021,0.500810373,0.500810373,0.500810373,0.136503067,0.136503067,0.136503067,0.004431315,0.004431315,0.004431315,0.169014085,0.169014085,0.169014085,,,,0.598553345,0.598553345,0.598553345,0.490333919,0.490333919,0.490333919,0.471223022,0.471223022,0.471223022
7011200,0.511513158,0.511513158,0.511513158,0.48392283,0.48392283,0.48392283,0.532231405,0.532231405,0.532231405,0.127300613,0.127300613,0.127300613,0.001477105,0.001477105,0.001477105,0.196232339,0.196232339,0.196232339,,,,0.50990991,0.50990991,0.50990991,0.498233216,0.498233216,0.498233216,0.52285192,0.52285192,0.52285192
7014400,,,,,,,,,,,,,,,,,,,0,0,0,,,,,,,,,
7027200,0.541463415,0.541463415,0.541463415,0.469096672,0.469096672,0.469096672,0.574712644,0.574712644,0.574712644,0.12654321,0.12654321,0.12654321,0.005856515,0.005856515,0.005856515,0.214173228,0.214173228,0.214173228,,,,0.540540541,0.540540541,0.540540541,0.496491228,0.496491228,0.496491228,0.515482696,0.515482696,0.515482696
7043200,0.521880065,0.521880065,0.521880065,0.472,0.472,0.472,0.526570048,0.526570048,0.526570048,0.134351145,0.134351145,0.134351145,0.001470588,0.001470588,0.001470588,0.193343899,0.193343899,0.193343899,,,,0.525270758,0.525270758,0.525270758,0.511463845,0.511463845,0.511463845,0.487226277,0.487226277,0.487226277
7046400,,,,,,,,,,,,,,,,,,,0,0,0,,,,,,,,,
7059200,0.510569106,0.510569106,0.510569106,0.492776886,0.492776886,0.492776886,0.559349593,0.559349593,0.559349593,0.12962963,0.12962963,0.12962963,0.002962963,0.002962963,0.002962963,0.202531646,0.202531646,0.202531646,,,,0.533928571,0.533928571,0.533928571,0.486725664,0.486725664,0.486725664,0.563071298,0.563071298,0.563071298
7075200,0.474878444,0.474878444,0.474878444,0.460420032,0.460420032,0.460420032,0.505654281,0.505654281,0.505654281,0.11882716,0.11882716,0.11882716,0.005908419,0.005908419,0.005908419,0.232339089,0.232339089,0.232339089,,,,0.583482944,0.583482944,0.583482944,0.440140845,0.440140845,0.440140845,0.485559567,0.485559567,0.485559567
7078400,,,,,,,,,,,,,,,,,,,0,0,0,,,,,,,,,
7091200,0.513866232,0.513866232,0.513866232,0.493650794,0.493650794,0.493650794,0.525203252,0.525203252,0.525203252,0.129573171,0.129573171,0.129573171,0.008941878,0.008941878,0.008941878,0.231861199,0.231861199,0.231861199,,,,0.555956679,0.555956679,0.555956679,0.476274165,0.476274165,0.476274165,0.483695652,0.483695652,0.483695652
7107200,0.51223491,0.51223491,0.51223491,0.551779935,0.551779935,0.551779935,0.517128874,0.517128874,0.517128874,0.159442724,0.159442724,0.159442724,0.001466276,0.001466276,0.001466276,0.223974763,0.223974763,0.223974763,,,,0.561818182,0.561818182,0.561818182,0.462214411,0.462214411,0.462214411,0.476363636,0.476363636,0.476363636
7110400,,,,,,,,,,,,,,,,,,,0,0,0,,,,,,,,,
7123200,0.504901961,0.504901961,0.504901961,0.574638844,0.574638844,0.574638844,0.468292683,0.468292683,0.468292683,0.147919877,0.147919877,0.147919877,0.004405286,0.004405286,0.004405286,0.233438486,0.233438486,0.233438486,,,,0.52079566,0.52079566,0.52079566,0.492091388,0.492091388,0.492091388,0.480943739,0.480943739,0.480943739
7139200,0.506514658,0.506514658,0.506514658,0.4784,0.4784,0.4784,0.495921697,0.495921697,0.495921697,0.116385911,0.116385911,0.116385911,0.00295421,0.00295421,0.00295421,0.199059561,0.199059561,0.199059561,,,,0.55475763,0.55475763,0.55475763,0.524734982,0.524734982,0.524734982,0.466179159,0.466179159,0.466179159
7142400,,,,,,,,,,,,,,,,,,,0,0,0,,,,,,,,,
7155200,0.51465798,0.51465798,0.51465798,0.52365416,0.52365416,0.52365416,0.526229508,0.526229508,0.526229508,0.107858243,0.107858243,0.107858243,0.008849558,0.008849558,0.008849558,0.19375,0.19375,0.19375,,,,0.522522523,0.522522523,0.522522523,0.53180212,0.53180212,0.53180212,0.452252252,0.452252252,0.452252252
7171200,0.494252874,0.494252874,0.494252874,0.525806452,0.525806452,0.525806452,0.523424879,0.523424879,0.523424879,0.123266564,0.123266564,0.123266564,0.005891016,0.005891016,0.005891016,0.219242902,0.219242902,0.219242902,,,,0.548913043,0.548913043,0.548913043,0.498233216,0.498233216,0.498233216,0.499092559,0.499092559,0.499092559
7174400,,,,,,,,,,,,,,,,,,,0,0,0,,,,,,,,,
7187200,0.549019608,0.549019608,0.549019608,0.5089141,0.5089141,0.5089141,0.540983607,0.540983607,0.540983607,0.13190184,0.13190184,0.13190184,0.004424779,0.004424779,0.004424779,0.187993681,0.187993681,0.187993681,,,,0.556756757,0.556756757,0.556756757,0.524647887,0.524647887,0.524647887,0.511796733,0.511796733,0.511796733
7203200,0.529220779,0.529220779,0.529220779,0.513776337,0.513776337,0.513776337,0.516233766,0.516233766,0.516233766,0.112828439,0.112828439,0.112828439,0.008849558,0.008849558,0.008849558,0.226415094,0.226415094,0.226415094,,,,0.546931408,0.546931408,0.546931408,0.521891419,0.521891419,0.521891419,0.492727273,0.492727273,0.492727273
7206400,,,,,,,,,,,,,,,,,,,0,0,0,,,,,,,,,
7219200,0.486885246,0.486885246,0.486885246,0.488745981,0.488745981,0.488745981,0.506493506,0.506493506,0.506493506,0.104294479,0.104294479,0.104294479,0.004424779,0.004424779,0.004424779,0.222397476,0.222397476,0.222397476,,,,0.587073609,0.587073609,0.587073609,0.535211268,0.535211268,0.535211268,0.472627737,0.472627737,0.472627737
7235200,0.502454992,0.502454992,0.502454992,0.512,0.512,0.512,0.539215686,0.539215686,0.539215686,0.127300613,0.127300613,0.127300613,0.004431315,0.004431315,0.004431315,0.220472441,0.220472441,0.220472441,,,,0.581981982,0.581981982,0.581981982,0.549469965,0.549469965,0.549469965,0.477313975,0.477313975,0.477313975
7238400,,,,,,,,,,,,,,,,,,,0,0,0,,,,,,,,,
7251200,0.512987013,0.512987013,0.512987013,0.483974359,0.483974359,0.483974359,0.499184339,0.499184339,0.499184339,0.139103555,0.139103555,0.139103555,0.005882353,0.005882353,0.005882353,0.226771654,0.226771654,0.226771654,,,,0.583032491,0.583032491,0.583032491,0.557522124,0.557522124,0.557522124,0.473588342,0.473588342,0.473588342
7267200,0.527597403,0.527597403,0.527597403,0.478330658,0.478330658,0.478330658,0.524509804,0.524509804,0.524509804,0.127725857,0.127725857,0.127725857,0,0,0,0.190174326,0.190174326,0.190174326,,,,0.556962025,0.556962025,0.556962025,0.530647986,0.530647986,0.530647986,0.472172352,0.472172352,0.472172352
7270400,,,,,,,,,,,,,,,,,,,0,0,0,,,,,,,,,
7283200,0.544570502,0.544570502,0.544570502,0.503225806,0.503225806,0.503225806,0.51223491,0.51223491,0.51223491,0.11179173,0.11179173,0.11179173,0.004431315,0.004431315,0.004431315,0.211446741,0.211446741,0.211446741,,,,0.521978022,0.521978022,0.521978022,0.538869258,0.538869258,0.538869258,0.515653775,0.515653775,0.515653775
7299200,0.475649351,0.475649351,0.475649351,0.457006369,0.457006369,0.457006369,0.501618123,0.501618123,0.501618123,0.139103555,0.139103555,0.139103555,0.005908419,0.005908419,0.005908419,0.207874016,0.207874016,0.207874016,,,,0.576576577,0.576576577,0.576576577,0.502617801,0.502617801,0.502617801,0.470162749,0.470162749,0.470162749
7302400,,,,,,,,,,,,,,,,,,,0,0,0,,,,,,,,,
7315200,0.512944984,0.512944984,0.512944984,0.468699839,0.468699839,0.468699839,0.508143322,0.508143322,0.508143322,0.13622291,0.13622291,0.13622291,0.004424779,0.004424779,0.004424779,0.229329173,0.229329173,0.229329173,,,,0.52276867,0.52276867,0.52276867,0.542253521,0.542253521,0.542253521,0.513611615,0.513611615,0.513611615
7331200,0.517128874,0.517128874,0.517128874,0.49516129,0.49516129,0.49516129,0.514469453,0.514469453,0.514469453,0.122861586,0.122861586,0.122861586,0.005908419,0.005908419,0.005908419,0.222919937,0.222919937,0.222919937,,,,0.565217391,0.565217391,0.565217391,0.538461538,0.538461538,0.538461538,0.501805054,0.501805054,0.501805054
7334400,,,,,,,,,,,,,,,,,,,0,0,0,,,,,,,,,
7347200,0.510534846,0.510534846,0.510534846,0.46485623,0.46485623,0.46485623,0.527508091,0.527508091,0.527508091,0.123076923,0.123076923,0.123076923,0.001488095,0.001488095,0.001488095,0.221350078,0.221350078,0.221350078,,,,0.513562387,0.513562387,0.513562387,0.55026455,0.55026455,0.55026455,0.566727605,0.566727605,0.566727605
7363200,0.526916803,0.526916803,0.526916803,0.48635634,0.48635634,0.48635634,0.524193548,0.524193548,0.524193548,0.125766871,0.125766871,0.125766871,0.004431315,0.004431315,0.004431315,0.200941915,0.200941915,0.200941915,,,,0.55475763,0.55475763,0.55475763,0.542105263,0.542105263,0.542105263,0.511839709,0.511839709,0.511839709
7366400,,,,,,,,,,,,,,,,,,,0,0,0,,,,,,,,,
7379200,0.525121556,0.525121556,0.525121556,0.497615262,0.497615262,0.497615262,0.56372549,0.56372549,0.56372549,0.11179173,0.11179173,0.11179173,0.004431315,0.004431315,0.004431315,0.214733542,0.214733542,0.214733542,,,,0.528130672,0.528130672,0.528130672,0.520210896,0.520210896,0.520210896,0.427536232,0.427536232,0.427536232
7395200,0.522240527,0.522240527,0.522240527,0.477419355,0.477419355,0.477419355,0.502423263,0.502423263,0.502423263,0.12788906,0.12788906,0.12788906,0.001459854,0.001459854,0.001459854,0.197802198,0.197802198,0.197802198,,,,0.515370705,0.515370705,0.515370705,0.541300527,0.541300527,0.541300527,0.488160291,0.488160291,0.488160291
7398400,,,,,,,,,,,,,,,,,,,0,0,0,,,,,,,,,
7411200,0.517128874,0.517128874,0.517128874,0.474276527,0.474276527,0.474276527,0.508972268,0.508972268,0.508972268,0.105590062,0.105590062,0.105590062,0.00443787,0.00443787,0.00443787,0.194620253,0.194620253,0.194620253,,,,0.570652174,0.570652174,0.570652174,0.523560209,0.523560209,0.523560209,0.501824818,0.501824818,0.501824818
7427200,0.526058632,0.526058632,0.526058632,0.457142857,0.457142857,0.457142857,0.507293355,0.507293355,0.507293355,0.127300613,0.127300613,0.127300613,0.005873715,0.005873715,0.005873715,0.2074883,0.2074883,0.2074883,,,,0.520072993,0.520072993,0.520072993,0.521126761,0.521126761,0.521126761,0.507246377,0.507246377,0.507246377
7430400,,,,,,,,,,,,,,,,,,,0,0,0,,,,,,,,,
7443200,0.505709625,0.505709625,0.505709625,0.498392283,0.498392283,0.498392283,0.550561798,0.550561798,0.550561798,0.130568356,0.130568356,0.130568356,0.001472754,0.001472754,0.001472754,0.199362041,0.199362041,0.199362041,,,,0.510830325,0.510830325,0.510830325,0.522727273,0.522727273,0.522727273,0.435336976,0.435336976,0.435336976
7459200,0.499184339,0.499184339,0.499184339,0.519872814,0.519872814,0.519872814,0.518518519,0.518518519,0.518518519,0.133640553,0.133640553,0.133640553,0.002941176,0.002941176,0.002941176,0.202511774,0.202511774,0.202511774,,,,0.525179856,0.525179856,0.525179856,0.438045375,0.438045375,0.438045375,0.474545455,0.474545455,0.474545455
7462400,,,,,,,,,,,,,,,,,,,0,0,0,,,,,,,,,
7475200,0.514802632,0.514802632,0.514802632,0.488,0.488,0.488,0.534313725,0.534313725,0.534313725,0.159689922,0.159689922,0.159689922,0.004464286,0.004464286,0.004464286,0.22555205,0.22555205,0.22555205,,,,0.563734291,0.563734291,0.563734291,0.47826087,0.47826087,0.47826087,0.474545455,0.474545455,0.474545455
7491200,0.504934211,0.504934211,0.504934211,0.497607656,0.497607656,0.497607656,0.520967742,0.520967742,0.520967742,0.117917305,0.117917305,0.117917305,0.00443787,0.00443787,0.00443787,0.234645669,0.234645669,0.234645669,,,,0.540540541,0.540540541,0.540540541,0.493006993,0.493006993,0.493006993,0.483636364,0.483636364,0.483636364
7494400,,,,,,,,,,,,,,,,,,,0,0,0,,,,,,,,,
7507200,0.434710744,0.434710744,0.434710744,0.502431118,0.502431118,0.502431118,0.455284553,0.455284553,0.455284553,0.140432099,0.140432099,0.140432099,0.00295858,0.00295858,0.00295858,0.235759494,0.235759494,0.235759494,,,,0.543672014,0.543672014,0.543672014,0.454861111,0.454861111,0.454861111,0.451086957,0.451086957,0.451086957
7523200,0.459016393,0.459016393,0.459016393,0.506493506,0.506493506,0.506493506,0.465909091,0.465909091,0.465909091,0.133126935,0.133126935,0.133126935,0.007352941,0.007352941,0.007352941,0.181962025,0.181962025,0.181962025,,,,0.535971223,0.535971223,0.535971223,0.416083916,0.416083916,0.416083916,0.503623188,0.503623188,0.503623188
7526400,,,,,,,,,,,,,,,,,,,0,0,0,,,,,,,,,
7539200,0.472131148,0.472131148,0.472131148,0.432956381,0.432956381,0.432956381,0.47649919,0.47649919,0.47649919,0.106544901,0.106544901,0.106544901,0.00295858,0.00295858,0.00295858,0.194357367,0.194357367,0.194357367,,,,0.537769784,0.537769784,0.537769784,0.46366782,0.46366782,0.46366782,0.439781022,0.439781022,0.439781022
7555200,0.496732026,0.496732026,0.496732026,0.485530547,0.485530547,0.485530547,0.487804878,0.487804878,0.487804878,0.116923077,0.116923077,0.116923077,0,0,0,0.219047619,0.219047619,0.219047619,,,,0.524500907,0.524500907,0.524500907,0.461805556,0.461805556,0.461805556,0.491891892,0.491891892,0.491891892
7558400,,,,,,,,,,,,,,,,,,,0,0,0,,,,,,,,,
7571200,0.50990099,0.50990099,0.50990099,0.464811784,0.464811784,0.464811784,0.47649919,0.47649919,0.47649919,0.113496933,0.113496933,0.113496933,0.004477612,0.004477612,0.004477612,0.1890625,0.1890625,0.1890625,,,,0.536231884,0.536231884,0.536231884,0.456445993,0.456445993,0.456445993,0.501818182,0.501818182,0.501818182
7587200,0.506622517,0.506622517,0.506622517,0.519607843,0.519607843,0.519607843,0.509771987,0.509771987,0.509771987,0.127300613,0.127300613,0.127300613,0.004464286,0.004464286,0.004464286,0.204081633,0.204081633,0.204081633,,,,0.515370705,0.515370705,0.515370705,0.447552448,0.447552448,0.447552448,0.504537205,0.504537205,0.504537205
7590400,,,,,,,,,,,,,,,,,,,0,0,0,,,,,,,,,
7603200,0.52970297,0.52970297,0.52970297,0.514705882,0.514705882,0.514705882,0.487883683,0.487883683,0.487883683,0.136085627,0.136085627,0.136085627,0.005865103,0.005865103,0.005865103,0.221169036,0.221169036,0.221169036,,,,0.579234973,0.579234973,0.579234973,0.440350877,0.440350877,0.440350877,0.525454545,0.525454545,0.525454545
7619200,0.497545008,0.497545008,0.497545008,0.498392283,0.498392283,0.498392283,0.469155844,0.469155844,0.469155844,0.108895706,0.108895706,0.108895706,0.001470588,0.001470588,0.001470588,0.197160883,0.197160883,0.197160883,,,,0.565454545,0.565454545,0.565454545,0.495606327,0.495606327,0.495606327,0.495446266,0.495446266,0.495446266
7622400,,,,,,,,,,,,,,,,,,,0,0,0,,,,,,,,,
7635200,0.490939044,0.490939044,0.490939044,0.49512987,0.49512987,0.49512987,0.505636071,0.505636071,0.505636071,0.127853881,0.127853881,0.127853881,0.004451039,0.004451039,0.004451039,0.217115689,0.217115689,0.217115689,,,,0.525179856,0.525179856,0.525179856,0.425862069,0.425862069,0.425862069,0.511882998,0.511882998,0.511882998
7651200,0.515599343,0.515599343,0.515599343,0.512155592,0.512155592,0.512155592,0.538709677,0.538709677,0.538709677,0.128983308,0.128983308,0.128983308,0.00739645,0.00739645,0.00739645,0.216905901,0.216905901,0.216905901,,,,0.543165468,0.543165468,0.543165468,0.46875,0.46875,0.46875,0.447272727,0.447272727,0.447272727
7654400,,,,,,,,,,,,,,,,,,,0,0,0,,,,,,,,,
7667200,0.489291598,0.489291598,0.489291598,0.53257329,0.53257329,0.53257329,0.470967742,0.470967742,0.470967742,0.114854518,0.114854518,0.114854518,0.001492537,0.001492537,0.001492537,0.216981132,0.216981132,0.216981132,,,,0.544964029,0.544964029,0.544964029,0.472854641,0.472854641,0.472854641,0.478181818,0.478181818,0.478181818
7683200,0.495908347,0.495908347,0.495908347,0.503236246,0.503236246,0.503236246,0.451612903,0.451612903,0.451612903,0.140432099,0.140432099,0.140432099,0.002932551,0.002932551,0.002932551,0.22327044,0.22327044,0.22327044,,,,0.548913043,0.548913043,0.548913043,0.498245614,0.498245614,0.498245614,0.470054446,0.470054446,0.470054446
7686400,,,,,,,,,,,,,,,,,,,0,0,0,,,,,,,,,
7699200,0.480263158,0.480263158,0.480263158,0.545155993,0.545155993,0.545155993,0.495145631,0.495145631,0.495145631,0.127105666,0.127105666,0.127105666,0.007352941,0.007352941,0.007352941,0.235387046,0.235387046,0.235387046,,,,0.534671533,0.534671533,0.534671533,0.480565371,0.480565371,0.480565371,0.52189781,0.52189781,0.52189781
7715200,0.485996705,0.485996705,0.485996705,0.496784566,0.496784566,0.496784566,0.499192246,0.499192246,0.499192246,0.125581395,0.125581395,0.125581395,0.008849558,0.008849558,0.008849558,0.215530903,0.215530903,0.215530903,,,,0.514388489,0.514388489,0.514388489,0.485165794,0.485165794,0.485165794,0.482882883,0.482882883,0.482882883
7718400,,,,,,,,,,,,,,,,,,,0,0,0,,,,,,,,,
7731200,0.510673235,0.510673235,0.510673235,0.542071197,0.542071197,0.542071197,0.541062802,0.541062802,0.541062802,0.135802469,0.135802469,0.135802469,0,0,0,0.198748044,0.198748044,0.198748044,,,,0.533213645,0.533213645,0.533213645,0.499121265,0.499121265,0.499121265,0.445848375,0.445848375,0.445848375
7747200,0.490131579,0.490131579,0.490131579,0.508090615,0.508090615,0.508090615,0.547540984,0.547540984,0.547540984,0.163328197,0.163328197,0.163328197,0.005925926,0.005925926,0.005925926,0.246445498,0.246445498,0.246445498,,,,0.613430127,0.613430127,0.613430127,0.534513274,0.534513274,0.534513274,0.510018215,0.510018215,0.510018215
7750400,,,,,,,,,,,,,,,,,,,0,0,0,,,,,,,,,
7763200,0.508143322,0.508143322,0.508143322,0.494290375,0.494290375,0.494290375,0.502423263,0.502423263,0.502423263,0.124233129,0.124233129,0.124233129,0.004451039,0.004451039,0.004451039,0.207278481,0.207278481,0.207278481,,,,0.513513514,0.513513514,0.513513514,0.532627866,0.532627866,0.532627866,0.473021583,0.473021583,0.473021583
7779200,0.49589491,0.49589491,0.49589491,0.529126214,0.529126214,0.529126214,0.547811994,0.547811994,0.547811994,0.141756549,0.141756549,0.141756549,0.005925926,0.005925926,0.005925926,0.19873817,0.19873817,0.19873817,,,,0.524150268,0.524150268,0.524150268,0.528268551,0.528268551,0.528268551,0.518987342,0.518987342,0.518987342
7782400,,,,,,,,,,,,,,,,,,,0,0,0,,,,,,,,,
7795200,0.53553719,0.53553719,0.53553719,0.514516129,0.514516129,0.514516129,0.560777958,0.560777958,0.560777958,0.133748056,0.133748056,0.133748056,0,0,0,0.185534591,0.185534591,0.185534591,,,,0.518987342,0.518987342,0.518987342,0.470070423,0.470070423,0.470070423,0.482695811,0.482695811,0.482695811
7811200,0.477905074,0.477905074,0.477905074,0.47819063,0.47819063,0.47819063,0.511400651,0.511400651,0.511400651,0.136434109,0.136434109,0.136434109,0.001470588,0.001470588,0.001470588,0.204402516,0.204402516,0.204402516,,,,0.535135135,0.535135135,0.535135135,0.482517483,0.482517483,0.482517483,0.505434783,0.505434783,0.505434783
7814400,,,,,,,,,,,,,,,,,,,0,0,0,,,,,,,,,
7827200,0.51465798,0.51465798,0.51465798,0.543831169,0.543831169,0.543831169,0.543230016,0.543230016,0.543230016,0.115207373,0.115207373,0.115207373,0.005925926,0.005925926,0.005925926,0.2164297,0.2164297,0.2164297,,,,0.50994575,0.50994575,0.50994575,0.525573192,0.525573192,0.525573192,0.492779783,0.492779783,0.492779783
7843200,0.482644628,0.482644628,0.482644628,0.540322581,0.540322581,0.540322581,0.5089141,0.5089141,0.5089141,0.166153846,0.166153846,0.166153846,0.00147929,0.00147929,0.00147929,0.204368175,0.204368175,0.204368175,,,,0.528776978,0.528776978,0.528776978,0.495621716,0.495621716,0.495621716,0.509981851,0.509981851,0.509981851
7846400,,,,,,,,,,,,,,,,,,,0,0,0,,,,,,,,,
7859200,0.500823723,0.500823723,0.500823723,0.531400966,0.531400966,0.531400966,0.546042003,0.546042003,0.546042003,0.12652439,0.12652439,0.12652439,0.002967359,0.002967359,0.002967359,0.228706625,0.228706625,0.228706625,,,,0.565765766,0.565765766,0.565765766,0.492146597,0.492146597,0.492146597,0.499089253,0.499089253,0.499089253
7875200,0.486885246,0.486885246,0.486885246,0.534090909,0.534090909,0.534090909,0.5056,0.5056,0.5056,0.121351767,0.121351767,0.121351767,0.011816839,0.011816839,0.011816839,0.212598425,0.212598425,0.212598425,,,,0.531531532,0.531531532,0.531531532,0.50174216,0.50174216,0.50174216,0.502722323,0.502722323,0.502722323
7878400,,,,,,,,,,,,,,,,,,,0,0,0,,,,,,,,,
7891200,0.486842105,0.486842105,0.486842105,0.544570502,0.544570502,0.544570502,0.516233766,0.516233766,0.516233766,0.114197531,0.114197531,0.114197531,0.00736377,0.00736377,0.00736377,0.210691824,0.210691824,0.210691824,,,,0.501792115,0.501792115,0.501792115,0.473684211,0.473684211,0.473684211,0.496376812,0.496376812,0.496376812
7907200,0.514705882,0.514705882,0.514705882,0.526058632,0.526058632,0.526058632,0.512038523,0.512038523,0.512038523,0.117283951,0.117283951,0.117283951,0.004424779,0.004424779,0.004424779,0.200315457,0.200315457,0.200315457,,,,0.55234657,0.55234657,0.55234657,0.473043478,0.473043478,0.473043478,0.507246377,0.507246377,0.507246377
7910400,,,,,,,,,,,,,,,,,,,0,0,0,,,,,,,,,
7923200,0.427642276,0.427642276,0.427642276,0.53125,0.53125,0.53125,0.516286645,0.516286645,0.516286645,0.131578947,0.131578947,0.131578947,0.00739645,0.00739645,0.00739645,0.201892744,0.201892744,0.201892744,,,,0.541666667,0.541666667,0.541666667,0.485915493,0.485915493,0.485915493,0.507272727,0.507272727,0.507272727
7939200,0.492586491,0.492586491,0.492586491,0.556280587,0.556280587,0.556280587,0.469551282,0.469551282,0.469551282,0.115384615,0.115384615,0.115384615,0.007352941,0.007352941,0.007352941,0.216088328,0.216088328,0.216088328,,,,0.513611615,0.513611615,0.513611615,0.511343805,0.511343805,0.511343805,0.509090909,0.509090909,0.509090909
7942400,,,,,,,,,,,,,,,,,,,0,0,0,,,,,,,,,
7955200,0.464169381,0.464169381,0.464169381,0.54516129,0.54516129,0.54516129,0.480582524,0.480582524,0.480582524,0.121538462,0.121538462,0.121538462,0.001481481,0.001481481,0.001481481,0.180685358,0.180685358,0.180685358,,,,0.503584229,0.503584229,0.503584229,0.515679443,0.515679443,0.515679443,0.501824818,0.501824818,0.501824818
7971200,0.502446982,0.502446982,0.502446982,0.544570502,0.544570502,0.544570502,0.491961415,0.491961415,0.491961415,0.136434109,0.136434109,0.136434109,0.007462687,0.007462687,0.007462687,0.192789969,0.192789969,0.192789969,,,,0.500900901,0.500900901,0.500900901,0.52972028,0.52972028,0.52972028,0.526315789,0.526315789,0.526315789
7974400,,,,,,,,,,,,,,,,,,,0,0,0,,,,,,,,,
7987200,0.507293355,0.507293355,0.507293355,0.537337662,0.537337662,0.537337662,0.559485531,0.559485531,0.559485531,0.152307692,0.152307692,0.152307692,0.005899705,0.005899705,0.005899705,0.240506329,0.240506329,0.240506329,,,,0.51618705,0.51618705,0.51618705,0.49220104,0.49220104,0.49220104,0.521023766,0.521023766,0.521023766
8003200,0.498360656,0.498360656,0.498360656,0.531400966,0.531400966,0.531400966,0.511326861,0.511326861,0.511326861,0.120795107,0.120795107,0.120795107,0.004484305,0.004484305,0.004484305,0.221183801,0.221183801,0.221183801,,,,0.515260323,0.515260323,0.515260323,0.506108202,0.506108202,0.506108202,0.533697632,0.533697632,0.533697632
8006400,,,,,,,,,,,,,,,,,,,0,0,0,,,,,,,,,
8019200,0.508169935,0.508169935,0.508169935,0.485436893,0.485436893,0.485436893,0.518578352,0.518578352,0.518578352,0.15503876,0.15503876,0.15503876,0.008836524,0.008836524,0.008836524,0.205371248,0.205371248,0.205371248,,,,0.542342342,0.542342342,0.542342342,0.525217391,0.525217391,0.525217391,0.499089253,0.499089253,0.499089253
8035200,0.473344103,0.473344103,0.473344103,0.478896104,0.478896104,0.478896104,0.550488599,0.550488599,0.550488599,0.135384615,0.135384615,0.135384615,0.001481481,0.001481481,0.001481481,0.205047319,0.205047319,0.205047319,,,,0.510714286,0.510714286,0.510714286,0.512998267,0.512998267,0.512998267,0.534671533,0.534671533,0.534671533
8038400,,,,,,,,,,,,,,,,,,,0,0,0,,,,,,,,,
8051200,0.487603306,0.487603306,0.487603306,0.503225806,0.503225806,0.503225806,0.513866232,0.513866232,0.513866232,0.116743472,0.116743472,0.116743472,0.005961252,0.005961252,0.005961252,0.222047244,0.222047244,0.222047244,,,,0.524236984,0.524236984,0.524236984,0.480769231,0.480769231,0.480769231,0.52276867,0.52276867,0.52276867
8067200,0.518092105,0.518092105,0.518092105,0.494290375,0.494290375,0.494290375,0.507293355,0.507293355,0.507293355,0.098918083,0.098918083,0.098918083,0.004411765,0.004411765,0.004411765,0.206624606,0.206624606,0.206624606,,,,0.526032316,0.526032316,0.526032316,0.530647986,0.530647986,0.530647986,0.544789762,0.544789762,0.544789762
8070400,,,,,,,,,,,,,,,,,,,0,0,0,,,,,,,,,
8083200,0.46388443,0.46388443,0.46388443,0.476422764,0.476422764,0.476422764,0.518638574,0.518638574,0.518638574,0.141975309,0.141975309,0.141975309,0,0,0,0.194357367,0.194357367,0.194357367,,,,0.497307002,0.497307002,0.497307002,0.521815009,0.521815009,0.521815009,0.506329114,0.506329114,0.506329114
8099200,0.53442623,0.53442623,0.53442623,0.487922705,0.487922705,0.487922705,0.485483871,0.485483871,0.485483871,0.12,0.12,0.12,0.004444444,0.004444444,0.004444444,0.200949367,0.200949367,0.200949367,,,,0.52166065,0.52166065,0.52166065,0.532399299,0.532399299,0.532399299,0.472727273,0.472727273,0.472727273
8102400,,,,,,,,,,,,,,,,,,,0,0,0,,,,,,,,,
8115200,0.508223684,0.508223684,0.508223684,0.495145631,0.495145631,0.495145631,0.549432739,0.549432739,0.549432739,0.134674923,0.134674923,0.134674923,0.004424779,0.004424779,0.004424779,0.1859375,0.1859375,0.1859375,,,,0.554151625,0.554151625,0.554151625,0.508741259,0.508741259,0.508741259,0.493624772,0.493624772,0.493624772
8131200,0.501633987,0.501633987,0.501633987,0.498376623,0.498376623,0.498376623,0.506472492,0.506472492,0.506472492,0.130232558,0.130232558,0.130232558,0.002941176,0.002941176,0.002941176,0.205371248,0.205371248,0.205371248,,,,0.547747748,0.547747748,0.547747748,0.480769231,0.480769231,0.480769231,0.490942029,0.490942029,0.490942029
8134400,,,,,,,,,,,,,,,,,,,0,0,0,,,,,,,,,
8147200,0.521172638,0.521172638,0.521172638,0.460784314,0.460784314,0.460784314,0.49512987,0.49512987,0.49512987,0.116923077,0.116923077,0.116923077,0.004444444,0.004444444,0.004444444,0.207278481,0.207278481,0.207278481,,,,0.531305903,0.531305903,0.531305903,0.479094077,0.479094077,0.479094077,0.496376812,0.496376812,0.496376812
8163200,0.502446982,0.502446982,0.502446982,0.486178862,0.486178862,0.486178862,0.45203252,0.45203252,0.45203252,0.122511485,0.122511485,0.122511485,0.00295858,0.00295858,0.00295858,0.235387046,0.235387046,0.235387046,,,,0.541366906,0.541366906,0.541366906,0.444636678,0.444636678,0.444636678,0.486338798,0.486338798,0.486338798
8166400,,,,,,,,,,,,,,,,,,,0,0,0,,,,,,,,,
8179200,0.520325203,0.520325203,0.520325203,0.52733119,0.52733119,0.52733119,0.460063898,0.460063898,0.460063898,0.117647059,0.117647059,0.117647059,0.00739645,0.00739645,0.00739645,0.215070644,0.215070644,0.215070644,,,,0.567811935,0.567811935,0.567811935,0.472125436,0.472125436,0.472125436,0.440801457,0.440801457,0.440801457
8195200,0.473941368,0.473941368,0.473941368,0.527777778,0.527777778,0.527777778,0.443365696,0.443365696,0.443365696,0.105666156,0.105666156,0.105666156,0.001481481,0.001481481,0.001481481,0.198425197,0.198425197,0.198425197,,,,0.508078995,0.508078995,0.508078995,0.493006993,0.493006993,0.493006993,0.449275362,0.449275362,0.449275362
8198400,,,,,,,,,,,,,,,,,,,0,0,0,,,,,,,,,
8211200,0.518760196,0.518760196,0.518760196,0.491961415,0.491961415,0.491961415,0.427884615,0.427884615,0.427884615,0.132716049,0.132716049,0.132716049,0.004444444,0.004444444,0.004444444,0.20625,0.20625,0.20625,,,,0.561938959,0.561938959,0.561938959,0.520140105,0.520140105,0.520140105,0.468978102,0.468978102,0.468978102
8227200,0.54290429,0.54290429,0.54290429,0.517241379,0.517241379,0.517241379,0.442276423,0.442276423,0.442276423,0.115384615,0.115384615,0.115384615,0.004431315,0.004431315,0.004431315,0.231012658,0.231012658,0.231012658,,,,0.513562387,0.513562387,0.513562387,0.531578947,0.531578947,0.531578947,0.502722323,0.502722323,0.502722323
8230400,,,,,,,,,,,,,,,,,,,0,0,0,,,,,,,,,
8243200,0.508972268,0.508972268,0.508972268,0.51465798,0.51465798,0.51465798,0.383739837,0.383739837,0.383739837,0.110769231,0.110769231,0.110769231,0.007429421,0.007429421,0.007429421,0.184952978,0.184952978,0.184952978,,,,0.545126354,0.545126354,0.545126354,0.502636204,0.502636204,0.502636204,0.472727273,0.472727273,0.472727273
8259200,0.516393443,0.516393443,0.516393443,0.480582524,0.480582524,0.480582524,0.424679487,0.424679487,0.424679487,0.162287481,0.162287481,0.162287481,0.007440476,0.007440476,0.007440476,0.188291139,0.188291139,0.188291139,,,,0.575812274,0.575812274,0.575812274,0.514035088,0.514035088,0.514035088,0.494545455,0.494545455,0.494545455
8262400,,,,,,,,,,,,,,,,,,,0,0,0,,,,,,,,,
8275200,0.58456486,0.58456486,0.58456486,0.473429952,0.473429952,0.473429952,0.422829582,0.422829582,0.422829582,0.12749616,0.12749616,0.12749616,0.004457652,0.004457652,0.004457652,0.215408805,0.215408805,0.215408805,,,,0.527927928,0.527927928,0.527927928,0.472125436,0.472125436,0.472125436,0.480874317,0.480874317,0.480874317
8291200,0.471169687,0.471169687,0.471169687,0.466453674,0.466453674,0.466453674,0.460032626,0.460032626,0.460032626,0.126934985,0.126934985,0.126934985,0.002945508,0.002945508,0.002945508,0.169278997,0.169278997,0.169278997,,,,0.522522523,0.522522523,0.522522523,0.474870017,0.474870017,0.474870017,0.505474453,0.505474453,0.505474453
8294400,,,,,,,,,,,,,,,,,,,0,0,0,,,,,,,,,
8307200,0.531092437,0.531092437,0.531092437,0.512479201,0.512479201,0.512479201,0.477310924,0.477310924,0.477310924,0.116923077,0.116923077,0.116923077,0.002967359,0.002967359,0.002967359,0.209856916,0.209856916,0.209856916,,,,0.543636364,0.543636364,0.543636364,0.46234676,0.46234676,0.46234676,0.445454545,0.445454545,0.445454545
8323200,0.526058632,0.526058632,0.526058632,0.503987241,0.503987241,0.503987241,0.453376206,0.453376206,0.453376206,0.128482972,0.128482972,0.128482972,0.001477105,0.001477105,0.001477105,0.211111111,0.211111111,0.211111111,,,,0.519125683,0.519125683,0.519125683,0.466666667,0.466666667,0.466666667,0.478021978,0.478021978,0.478021978
8326400,,,,,,,,,,,,,,,,,,,0,0,0,,,,,,,,,
8339200,0.516393443,0.516393443,0.516393443,0.523274478,0.523274478,0.523274478,0.463414634,0.463414634,0.463414634,0.106317411,0.106317411,0.106317411,0.00443787,0.00443787,0.00443787,0.216772152,0.216772152,0.216772152,,,,0.548736462,0.548736462,0.548736462,0.503521127,0.503521127,0.503521127,0.477313975,0.477313975,0.477313975
8355200,0.530081301,0.530081301,0.530081301,0.523349436,0.523349436,0.523349436,0.479674797,0.479674797,0.479674797,0.138888889,0.138888889,0.138888889,0.00147929,0.00147929,0.00147929,0.220472441,0.220472441,0.220472441,,,,0.542495479,0.542495479,0.542495479,0.48951049,0.48951049,0.48951049,0.495429616,0.495429616,0.495429616
8358400,,,,,,,,,,,,,,,,,,,0,0,0,,,,,,,,,
8371200,0.519543974,0.519543974,0.519543974,0.518518519,0.518518519,0.518518519,0.525974026,0.525974026,0.525974026,0.121165644,0.121165644,0.121165644,0.002945508,0.002945508,0.002945508,0.209119497,0.209119497,0.209119497,,,,0.528776978,0.528776978,0.528776978,0.497382199,0.497382199,0.497382199,0.52173913,0.52173913,0.52173913
8387200,0.544570502,0.544570502,0.544570502,0.5216,0.5216,0.5216,0.471358429,0.471358429,0.471358429,0.136923077,0.136923077,0.136923077,0.004477612,0.004477612,0.004477612,0.219968799,0.219968799,0.219968799,,,,0.529837251,0.529837251,0.529837251,0.542253521,0.542253521,0.542253521,0.468239564,0.468239564,0.468239564
8390400,,,,,,,,,,,,,,,,,,,0,0,0,,,,,,,,,
8403200,0.561576355,0.561576355,0.561576355,0.480707395,0.480707395,0.480707395,0.470491803,0.470491803,0.470491803,0.122699387,0.122699387,0.122699387,0.005943536,0.005943536,0.005943536,0.216981132,0.216981132,0.216981132,,,,0.47920434,0.47920434,0.47920434,0.446771379,0.446771379,0.446771379,0.525547445,0.525547445,0.525547445
8419200,0.528180354,0.528180354,0.528180354,0.511254019,0.511254019,0.511254019,0.495934959,0.495934959,0.495934959,0.125193199,0.125193199,0.125193199,0.001488095,0.001488095,0.001488095,0.210031348,0.210031348,0.210031348,,,,0.502692998,0.502692998,0.502692998,0.499133449,0.499133449,0.499133449,0.461538462,0.461538462,0.461538462
8422400,,,,,,,,,,,,,,,,,,,0,0,0,,,,,,,,,
8435200,0.503246753,0.503246753,0.503246753,0.517684887,0.517684887,0.517684887,0.489430894,0.489430894,0.489430894,0.124223602,0.124223602,0.124223602,0.002941176,0.002941176,0.002941176,0.226265823,0.226265823,0.226265823,,,,0.502692998,0.502692998,0.502692998,0.463286713,0.463286713,0.463286713,0.454545455,0.454545455,0.454545455
8451200,0.526829268,0.526829268,0.526829268,0.540584416,0.540584416,0.540584416,0.513029316,0.513029316,0.513029316,0.122887865,0.122887865,0.122887865,0.004431315,0.004431315,0.004431315,0.206624606,0.206624606,0.206624606,,,,0.453887884,0.453887884,0.453887884,0.487804878,0.487804878,0.487804878,0.465703971,0.465703971,0.465703971
8454400,,,,,,,,,,,,,,,,,,,0,0,0,,,,,,,,,
8467200,0.533333333,0.533333333,0.533333333,0.525974026,0.525974026,0.525974026,0.506557377,0.506557377,0.506557377,0.110248447,0.110248447,0.110248447,0.00736377,0.00736377,0.00736377,0.222919937,0.222919937,0.222919937,,,,0.528130672,0.528130672,0.528130672,0.485113835,0.485113835,0.485113835,0.45620438,0.45620438,0.45620438
8483200,0.521035599,0.521035599,0.521035599,0.493548387,0.493548387,0.493548387,0.479608483,0.479608483,0.479608483,0.115562404,0.115562404,0.115562404,0.007418398,0.007418398,0.007418398,0.192125984,0.192125984,0.192125984,,,,0.494623656,0.494623656,0.494623656,0.504378284,0.504378284,0.504378284,0.491773309,0.491773309,0.491773309
8486400,,,,,,,,,,,,,,,,,,,0,0,0,,,,,,,,,
8499200,0.549918167,0.549918167,0.549918167,0.518578352,0.518578352,0.518578352,0.504885993,0.504885993,0.504885993,0.13117284,0.13117284,0.13117284,0.007374631,0.007374631,0.007374631,0.245696401,0.245696401,0.245696401,,,,0.524324324,0.524324324,0.524324324,0.532399299,0.532399299,0.532399299,0.445454545,0.445454545,0.445454545
8515200,0.527508091,0.527508091,0.527508091,0.532154341,0.532154341,0.532154341,0.468292683,0.468292683,0.468292683,0.147919877,0.147919877,0.147919877,0.00297619,0.00297619,0.00297619,0.227848101,0.227848101,0.227848101,,,,0.506352087,0.506352087,0.506352087,0.521815009,0.521815009,0.521815009,0.459854015,0.459854015,0.459854015
8518400,,,,,,,,,,,,,,,,,,,0,0,0,,,,,,,,,
8531200,0.510466989,0.510466989,0.510466989,0.491883117,0.491883117,0.491883117,0.512987013,0.512987013,0.512987013,0.132307692,0.132307692,0.132307692,0.00297619,0.00297619,0.00297619,0.22519685,0.22519685,0.22519685,,,,0.540145985,0.540145985,0.540145985,0.495606327,0.495606327,0.495606327,0.472627737,0.472627737,0.472627737
8547200,0.510500808,0.510500808,0.510500808,0.512077295,0.512077295,0.512077295,0.489499192,0.489499192,0.489499192,0.161290323,0.161290323,0.161290323,0.008902077,0.008902077,0.008902077,0.227272727,0.227272727,0.227272727,,,,0.510909091,0.510909091,0.510909091,0.560632689,0.560632689,0.560632689,0.484517304,0.484517304,0.484517304
8550400,,,,,,,,,,,,,,,,,,,0,0,0,,,,,,,,,
8563200,0.565008026,0.565008026,0.565008026,0.512195122,0.512195122,0.512195122,0.471264368,0.471264368,0.471264368,0.138888889,0.138888889,0.138888889,0.005925926,0.005925926,0.005925926,0.204724409,0.204724409,0.204724409,,,,0.524680073,0.524680073,0.524680073,0.49737303,0.49737303,0.49737303,0.462794918,0.462794918,0.462794918
8579200,0.525806452,0.525806452,0.525806452,0.5072,0.5072,0.5072,0.506514658,0.506514658,0.506514658,0.144615385,0.144615385,0.144615385,0.001485884,0.001485884,0.001485884,0.205371248,0.205371248,0.205371248,,,,0.511754069,0.511754069,0.511754069,0.496515679,0.496515679,0.496515679,0.458333333,0.458333333,0.458333333
8582400,,,,,,,,,,,,,,,,,,,0,0,0,,,,,,,,,
8595200,0.522727273,0.522727273,0.522727273,0.471061093,0.471061093,0.471061093,0.445880452,0.445880452,0.445880452,0.125766871,0.125766871,0.125766871,0.004518072,0.004518072,0.004518072,0.204081633,0.204081633,0.204081633,,,,0.498181818,0.498181818,0.498181818,0.520979021,0.520979021,0.520979021,0.456521739,0.456521739,0.456521739
8611200,0.55987055,0.55987055,0.55987055,0.46388443,0.46388443,0.46388443,0.45410628,0.45410628,0.45410628,0.142194745,0.142194745,0.142194745,0.004457652,0.004457652,0.004457652,0.185647426,0.185647426,0.185647426,,,,0.56284153,0.56284153,0.56284153,0.512237762,0.512237762,0.512237762,0.452380952,0.452380952,0.452380952
8614400,,,,,,,,,,,,,,,,,,,0,0,0,,,,,,,,,
8627200,0.555735057,0.555735057,0.555735057,0.487012987,0.487012987,0.487012987,0.485436893,0.485436893,0.485436893,0.152647975,0.152647975,0.152647975,0.00591716,0.00591716,0.00591716,0.206951027,0.206951027,0.206951027,,,,0.533453888,0.533453888,0.533453888,0.500866551,0.500866551,0.500866551,0.486288848,0.486288848,0.486288848
8643200,0.555555556,0.555555556,0.555555556,0.525121556,0.525121556,0.525121556,0.469622332,0.469622332,0.469622332,0.13190184,0.13190184,0.13190184,0.004431315,0.004431315,0.004431315,0.207936508,0.207936508,0.207936508,,,,0.52962298,0.52962298,0.52962298,0.494736842,0.494736842,0.494736842,0.450271248,0.450271248,0.450271248
8646400,,,,,,,,,,,,,,,,,,,0,0,0,,,,,,,,,
8659200,0.605177994,0.605177994,0.605177994,0.50882825,0.50882825,0.50882825,0.446945338,0.446945338,0.446945338,0.11882716,0.11882716,0.11882716,0.002971768,0.002971768,0.002971768,0.240063593,0.240063593,0.240063593,,,,0.515260323,0.515260323,0.515260323,0.528596187,0.528596187,0.528596187,0.434545455,0.434545455,0.434545455
8675200,0.587947883,0.587947883,0.587947883,0.44499179,0.44499179,0.44499179,0.490322581,0.490322581,0.490322581,0.120743034,0.120743034,0.120743034,0.004451039,0.004451039,0.004451039,0.2,0.2,0.2,,,,0.518987342,0.518987342,0.518987342,0.543859649,0.543859649,0.543859649,0.423636364,0.423636364,0.423636364
8678400,,,,,,,,,,,,,,,,,,,0,0,0,,,,,,,,,
8691200,0.566775244,0.566775244,0.566775244,0.521172638,0.521172638,0.521172638,0.491056911,0.491056911,0.491056911,0.141975309,0.141975309,0.141975309,0.008888889,0.008888889,0.008888889,0.184952978,0.184952978,0.184952978,,,,0.555755396,0.555755396,0.555755396,0.520069808,0.520069808,0.520069808,0.47080292,0.47080292,0.47080292
8707200,0.613376835,0.613376835,0.613376835,0.512195122,0.512195122,0.512195122,0.491883117,0.491883117,0.491883117,0.131097561,0.131097561,0.131097561,0.007407407,0.007407407,0.007407407,0.188679245,0.188679245,0.188679245,,,,0.547101449,0.547101449,0.547101449,0.559233449,0.559233449,0.559233449,0.454212454,0.454212454,0.454212454
8710400,,,,,,,,,,,,,,,,,,,0,0,0,,,,,,,,,
8723200,0.572123177,0.572123177,0.572123177,0.548701299,0.548701299,0.548701299,0.465153971,0.465153971,0.465153971,0.1561051,0.1561051,0.1561051,0.00295858,0.00295858,0.00295858,0.182389937,0.182389937,0.182389937,,,,0.534545455,0.534545455,0.534545455,0.528695652,0.528695652,0.528695652,0.435336976,0.435336976,0.435336976
8739200,0.512195122,0.512195122,0.512195122,0.543973941,0.543973941,0.543973941,0.511400651,0.511400651,0.511400651,0.141321045,0.141321045,0.141321045,0.002945508,0.002945508,0.002945508,0.207606973,0.207606973,0.207606973,,,,0.542495479,0.542495479,0.542495479,0.473229706,0.473229706,0.473229706,0.457875458,0.457875458,0.457875458
8742400,,,,,,,,,,,,,,,,,,,0,0,0,,,,,,,,,
8755200,0.562601626,0.562601626,0.562601626,0.529126214,0.529126214,0.529126214,0.52350081,0.52350081,0.52350081,0.124233129,0.124233129,0.124233129,0.007407407,0.007407407,0.007407407,0.214849921,0.214849921,0.214849921,,,,0.518115942,0.518115942,0.518115942,0.513793103,0.513793103,0.513793103,0.447897623,0.447897623,0.447897623
8771200,0.560855263,0.560855263,0.560855263,0.507293355,0.507293355,0.507293355,0.482258065,0.482258065,0.482258065,0.11882716,0.11882716,0.11882716,0.005961252,0.005961252,0.005961252,0.208791209,0.208791209,0.208791209,,,,0.493693694,0.493693694,0.493693694,0.520140105,0.520140105,0.520140105,0.462093863,0.462093863,0.462093863
8774400,,,,,,,,,,,,,,,,,,,0,0,0,,,,,,,,,
8787200,0.585924714,0.585924714,0.585924714,0.526570048,0.526570048,0.526570048,0.491830065,0.491830065,0.491830065,0.13755796,0.13755796,0.13755796,0.005997001,0.005997001,0.005997001,0.164037855,0.164037855,0.164037855,,,,0.483005367,0.483005367,0.483005367,0.512152778,0.512152778,0.512152778,0.425959781,0.425959781,0.425959781
8803200,0.528363047,0.528363047,0.528363047,0.543230016,0.543230016,0.543230016,0.500818331,0.500818331,0.500818331,0.119195046,0.119195046,0.119195046,0.004518072,0.004518072,0.004518072,0.196540881,0.196540881,0.196540881,,,,0.552727273,0.552727273,0.552727273,0.552816901,0.552816901,0.552816901,0.45553539,0.45553539,0.45553539
8806400,,,,,,,,,,,,,,,,,,,0,0,0,,,,,,,,,
8819200,0.533870968,0.533870968,0.533870968,0.486223663,0.486223663,0.486223663,0.526829268,0.526829268,0.526829268,0.105022831,0.105022831,0.105022831,0.004477612,0.004477612,0.004477612,0.238853503,0.238853503,0.238853503,,,,0.493670886,0.493670886,0.493670886,0.499124343,0.499124343,0.499124343,0.489945155,0.489945155,0.489945155
8835200,0.562091503,0.562091503,0.562091503,0.52350081,0.52350081,0.52350081,0.464630225,0.464630225,0.464630225,0.131987578,0.131987578,0.131987578,0.004424779,0.004424779,0.004424779,0.210191083,0.210191083,0.210191083,,,,0.532846715,0.532846715,0.532846715,0.530647986,0.530647986,0.530647986,0.446886447,0.446886447,0.446886447
8838400,,,,,,,,,,,,,,,,,,,0,0,0,,,,,,,,,
8851200,0.582524272,0.582524272,0.582524272,0.491856678,0.491856678,0.491856678,0.484451718,0.484451718,0.484451718,0.114374034,0.114374034,0.114374034,0,0,0,0.220125786,0.220125786,0.220125786,,,,0.499099099,0.499099099,0.499099099,0.511343805,0.511343805,0.511343805,0.509090909,0.509090909,0.509090909
8867200,0.55954323,0.55954323,0.55954323,0.508143322,0.508143322,0.508143322,0.46504065,0.46504065,0.46504065,0.131578947,0.131578947,0.131578947,0.004457652,0.004457652,0.004457652,0.206022187,0.206022187,0.206022187,,,,0.519855596,0.519855596,0.519855596,0.498251748,0.498251748,0.498251748,0.414855072,0.414855072,0.414855072
8870400,,,,,,,,,,,,,,,,,,,0,0,0,,,,,,,,,
8883200,0.580487805,0.580487805,0.580487805,0.527868852,0.527868852,0.527868852,0.466129032,0.466129032,0.466129032,0.138674884,0.138674884,0.138674884,0.011764706,0.011764706,0.011764706,0.224489796,0.224489796,0.224489796,,,,0.501811594,0.501811594,0.501811594,0.522727273,0.522727273,0.522727273,0.47714808,0.47714808,0.47714808
8899200,0.536065574,0.536065574,0.536065574,0.548440066,0.548440066,0.548440066,0.46742671,0.46742671,0.46742671,0.158295282,0.158295282,0.158295282,0.004457652,0.004457652,0.004457652,0.218152866,0.218152866,0.218152866,,,,0.500910747,0.500910747,0.500910747,0.498263889,0.498263889,0.498263889,0.438979964,0.438979964,0.438979964
8902400,,,,,,,,,,,,,,,,,,,0,0,0,,,,,,,,,
8915200,0.567387687,0.567387687,0.567387687,0.531914894,0.531914894,0.531914894,0.449675325,0.449675325,0.449675325,0.107692308,0.107692308,0.107692308,0.004464286,0.004464286,0.004464286,0.1859375,0.1859375,0.1859375,,,,0.493716338,0.493716338,0.493716338,0.514035088,0.514035088,0.514035088,0.441016334,0.441016334,0.441016334
8931200,0.572357724,0.572357724,0.572357724,0.491114701,0.491114701,0.491114701,0.525974026,0.525974026,0.525974026,0.12195122,0.12195122,0.12195122,0.007462687,0.007462687,0.007462687,0.213166144,0.213166144,0.213166144,,,,0.502722323,0.502722323,0.502722323,0.525483304,0.525483304,0.525483304,0.460144928,0.460144928,0.460144928
8934400,,,,,,,,,,,,,,,,,,,0,0,0,,,,,,,,,
8947200,0.571194763,0.571194763,0.571194763,0.456451613,0.456451613,0.456451613,0.437601297,0.437601297,0.437601297,0.12345679,0.12345679,0.12345679,0.013353116,0.013353116,0.013353116,0.219435737,0.219435737,0.219435737,,,,0.52079566,0.52079566,0.52079566,0.53602812,0.53602812,0.53602812,0.453068592,0.453068592,0.453068592
8963200,0.553366174,0.553366174,0.553366174,0.495934959,0.495934959,0.495934959,0.464630225,0.464630225,0.464630225,0.131498471,0.131498471,0.131498471,0.005925926,0.005925926,0.005925926,0.205696203,0.205696203,0.205696203,,,,0.535135135,0.535135135,0.535135135,0.554577465,0.554577465,0.554577465,0.44765343,0.44765343,0.44765343
8966400,,,,,,,,,,,,,,,,,,,0,0,0,,,,,,,,,
8979200,0.566775244,0.566775244,0.566775244,0.469155844,0.469155844,0.469155844,0.479541735,0.479541735,0.479541735,0.136923077,0.136923077,0.136923077,0.00443787,0.00443787,0.00443787,0.187207488,0.187207488,0.187207488,,,,0.566243194,0.566243194,0.566243194,0.525483304,0.525483304,0.525483304,0.411552347,0.411552347,0.411552347
8995200,0.52350081,0.52350081,0.52350081,0.505654281,0.505654281,0.505654281,0.493548387,0.493548387,0.493548387,0.133846154,0.133846154,0.133846154,0.005943536,0.005943536,0.005943536,0.211598746,0.211598746,0.211598746,,,,0.535971223,0.535971223,0.535971223,0.541958042,0.541958042,0.541958042,0.461818182,0.461818182,0.461818182
8998400,,,,,,,,,,,,,,,,,,,0,0,0,,,,,,,,,
9011200,0.540716612,0.540716612,0.540716612,0.48381877,0.48381877,0.48381877,0.46365105,0.46365105,0.46365105,0.136294028,0.136294028,0.136294028,0.007496252,0.007496252,0.007496252,0.20508744,0.20508744,0.20508744,,,,0.517179024,0.517179024,0.517179024,0.514084507,0.514084507,0.514084507,0.444646098,0.444646098,0.444646098
9027200,0.522580645,0.522580645,0.522580645,0.520325203,0.520325203,0.520325203,0.473170732,0.473170732,0.473170732,0.114197531,0.114197531,0.114197531,0.011904762,0.011904762,0.011904762,0.20221169,0.20221169,0.20221169,,,,0.526315789,0.526315789,0.526315789,0.533101045,0.533101045,0.533101045,0.436131387,0.436131387,0.436131387
9030400,,,,,,,,,,,,,,,,,,,0,0,0,,,,,,,,,
9043200,0.508012821,0.508012821,0.508012821,0.486928105,0.486928105,0.486928105,0.467532468,0.467532468,0.467532468,0.135670732,0.135670732,0.135670732,0.005961252,0.005961252,0.005961252,0.200626959,0.200626959,0.200626959,,,,0.528985507,0.528985507,0.528985507,0.528896673,0.528896673,0.528896673,0.460550459,0.460550459,0.460550459
9059200,0.515599343,0.515599343,0.515599343,0.556097561,0.556097561,0.556097561,0.477905074,0.477905074,0.477905074,0.136923077,0.136923077,0.136923077,0.011922504,0.011922504,0.011922504,0.235015773,0.235015773,0.235015773,,,,0.560798548,0.560798548,0.560798548,0.548330404,0.548330404,0.548330404,0.457875458,0.457875458,0.457875458
9062400,,,,,,,,,,,,,,,,,,,0,0,0,,,,,,,,,
9075200,0.541463415,0.541463415,0.541463415,0.52365416,0.52365416,0.52365416,0.464052288,0.464052288,0.464052288,0.126738794,0.126738794,0.126738794,0.00443787,0.00443787,0.00443787,0.233438486,0.233438486,0.233438486,,,,0.525270758,0.525270758,0.525270758,0.495636998,0.495636998,0.495636998,0.469835466,0.469835466,0.469835466
9091200,0.527508091,0.527508091,0.527508091,0.518699187,0.518699187,0.518699187,0.474796748,0.474796748,0.474796748,0.141975309,0.141975309,0.141975309,0.008823529,0.008823529,0.008823529,0.195892575,0.195892575,0.195892575,,,,0.551724138,0.551724138,0.551724138,0.530329289,0.530329289,0.530329289,0.388086643,0.388086643,0.388086643
9094400,,,,,,,,,,,,,,,,,,,0,0,0,,,,,,,,,
9107200,0.542207792,0.542207792,0.542207792,0.567699837,0.567699837,0.567699837,0.478964401,0.478964401,0.478964401,0.113846154,0.113846154,0.113846154,0.00887574,0.00887574,0.00887574,0.230769231,0.230769231,0.230769231,,,,0.549909256,0.549909256,0.549909256,0.51754386,0.51754386,0.51754386,0.453551913,0.453551913,0.453551913
9123200,0.566343042,0.566343042,0.566343042,0.531914894,0.531914894,0.531914894,0.506493506,0.506493506,0.506493506,0.127300613,0.127300613,0.127300613,0.002967359,0.002967359,0.002967359,0.228706625,0.228706625,0.228706625,,,,0.516304348,0.516304348,0.516304348,0.500869565,0.500869565,0.500869565,0.423913043,0.423913043,0.423913043
9126400,,,,,,,,,,,,,,,,,,,0,0,0,,,,,,,,,
9139200,0.564019449,0.564019449,0.564019449,0.538842975,0.538842975,0.538842975,0.511400651,0.511400651,0.511400651,0.1296875,0.1296875,0.1296875,0.002962963,0.002962963,0.002962963,0.218408736,0.218408736,0.218408736,,,,0.507220217,0.507220217,0.507220217,0.502608696,0.502608696,0.502608696,0.456521739,0.456521739,0.456521739
9155200,0.52350081,0.52350081,0.52350081,0.511437908,0.511437908,0.511437908,0.533551555,0.533551555,0.533551555,0.123266564,0.123266564,0.123266564,0.01490313,0.01490313,0.01490313,0.192733017,0.192733017,0.192733017,,,,0.489169675,0.489169675,0.489169675,0.550087873,0.550087873,0.550087873,0.465454545,0.465454545,0.465454545
9158400,,,,,,,,,,,,,,,,,,,0,0,0,,,,,,,,,
9171200,0.503278689,0.503278689,0.503278689,0.535303777,0.535303777,0.535303777,0.464696223,0.464696223,0.464696223,0.140215716,0.140215716,0.140215716,0.002994012,0.002994012,0.002994012,0.211690363,0.211690363,0.211690363,,,,0.5428051,0.5428051,0.5428051,0.46875,0.46875,0.46875,0.48,0.48,0.48
9187200,0.551948052,0.551948052,0.551948052,0.52700491,0.52700491,0.52700491,0.499186992,0.499186992,0.499186992,0.145510836,0.145510836,0.145510836,0.008941878,0.008941878,0.008941878,0.215070644,0.215070644,0.215070644,,,,0.548094374,0.548094374,0.548094374,0.541811847,0.541811847,0.541811847,0.445454545,0.445454545,0.445454545
9190400,,,,,,,,,,,,,,,,,,,0,0,0,,,,,,,,,
9203200,0.524429967,0.524429967,0.524429967,0.508972268,0.508972268,0.508972268,0.444084279,0.444084279,0.444084279,0.131699847,0.131699847,0.131699847,0.008941878,0.008941878,0.008941878,0.209119497,0.209119497,0.209119497,,,,0.549270073,0.549270073,0.549270073,0.501736111,0.501736111,0.501736111,0.44384058,0.44384058,0.44384058
9219200,0.503257329,0.503257329,0.503257329,0.449675325,0.449675325,0.449675325,0.501644737,0.501644737,0.501644737,0.151702786,0.151702786,0.151702786,0.007429421,0.007429421,0.007429421,0.206624606,0.206624606,0.206624606,,,,0.537340619,0.537340619,0.537340619,0.484375,0.484375,0.484375,0.438979964,0.438979964,0.438979964
9222400,,,,,,,,,,,,,,,,,,,0,0,0,,,,,,,,,
9235200,0.57096248,0.57096248,0.57096248,0.509060956,0.509060956,0.509060956,0.512315271,0.512315271,0.512315271,0.138674884,0.138674884,0.138674884,0.004451039,0.004451039,0.004451039,0.219589258,0.219589258,0.219589258,,,,0.506375228,0.506375228,0.506375228,0.460069444,0.460069444,0.460069444,0.457350272,0.457350272,0.457350272
9251200,0.539708266,0.539708266,0.539708266,0.498376623,0.498376623,0.498376623,0.487603306,0.487603306,0.487603306,0.135384615,0.135384615,0.135384615,0.005891016,0.005891016,0.005891016,0.21656051,0.21656051,0.21656051,,,,0.509157509,0.509157509,0.509157509,0.495652174,0.495652174,0.495652174,0.436464088,0.436464088,0.436464088
9254400,,,,,,,,,,,,,,,,,,,0,0,0,,,,,,,,,
9267200,0.562805873,0.562805873,0.562805873,0.514705882,0.514705882,0.514705882,0.482871126,0.482871126,0.482871126,0.114551084,0.114551084,0.114551084,0.006015038,0.006015038,0.006015038,0.234645669,0.234645669,0.234645669,,,,0.521023766,0.521023766,0.521023766,0.501724138,0.501724138,0.501724138,0.395264117,0.395264117,0.395264117
9283200,0.538461538,0.538461538,0.538461538,0.468954248,0.468954248,0.468954248,0.473170732,0.473170732,0.473170732,0.116564417,0.116564417,0.116564417,0.010401189,0.010401189,0.010401189,0.194968553,0.194968553,0.194968553,,,,0.528440367,0.528440367,0.528440367,0.452339688,0.452339688,0.452339688,0.50831793,0.50831793,0.50831793
9286400,,,,,,,,,,,,,,,,,,,0,0,0,,,,,,,,,
9299200,0.545155993,0.545155993,0.545155993,0.509771987,0.509771987,0.509771987,0.495033113,0.495033113,0.495033113,0.147692308,0.147692308,0.147692308,0.004497751,0.004497751,0.004497751,0.214511041,0.214511041,0.214511041,,,,0.46835443,0.46835443,0.46835443,0.478336222,0.478336222,0.478336222,0.426987061,0.426987061,0.426987061
9315200,0.506622517,0.506622517,0.506622517,0.504091653,0.504091653,0.504091653,0.43485342,0.43485342,0.43485342,0.144859813,0.144859813,0.144859813,0.002962963,0.002962963,0.002962963,0.233070866,0.233070866,0.233070866,,,,0.489945155,0.489945155,0.489945155,0.472508591,0.472508591,0.472508591,0.450184502,0.450184502,0.450184502
9318400,,,,,,,,,,,,,,,,,,,0,0,0,,,,,,,,,
9331200,0.497536946,0.497536946,0.497536946,0.493485342,0.493485342,0.493485342,0.47689769,0.47689769,0.47689769,0.141104294,0.141104294,0.141104294,0.001474926,0.001474926,0.001474926,0.198113208,0.198113208,0.198113208,,,,0.5,0.5,0.5,0.470383275,0.470383275,0.470383275,0.429097606,0.429097606,0.429097606
9347200,0.494252874,0.494252874,0.494252874,0.52350081,0.52350081,0.52350081,0.466666667,0.466666667,0.466666667,0.141965679,0.141965679,0.141965679,0.001506024,0.001506024,0.001506024,0.222748815,0.222748815,0.222748815,,,,0.504537205,0.504537205,0.504537205,0.456896552,0.456896552,0.456896552,0.438181818,0.438181818,0.438181818
9350400,,,,,,,,,,,,,,,,,,,0,0,0,,,,,,,,,
9363200,0.536423841,0.536423841,0.536423841,0.491056911,0.491056911,0.491056911,0.521594684,0.521594684,0.521594684,0.12519084,0.12519084,0.12519084,0.01035503,0.01035503,0.01035503,0.194053208,0.194053208,0.194053208,,,,0.493624772,0.493624772,0.493624772,0.451669596,0.451669596,0.451669596,0.440366972,0.440366972,0.440366972
9379200,0.535303777,0.535303777,0.535303777,0.49516129,0.49516129,0.49516129,0.522240527,0.522240527,0.522240527,0.125386997,0.125386997,0.125386997,0.005970149,0.005970149,0.005970149,0.2078125,0.2078125,0.2078125,,,,0.527272727,0.527272727,0.527272727,0.478184991,0.478184991,0.478184991,0.488929889,0.488929889,0.488929889
9382400,,,,,,,,,,,,,,,,,,,0,0,0,,,,,,,,,
9395200,0.54950495,0.54950495,0.54950495,0.45,0.45,0.45,0.504934211,0.504934211,0.504934211,0.130970724,0.130970724,0.130970724,0.002967359,0.002967359,0.002967359,0.214733542,0.214733542,0.214733542,,,,0.504553734,0.504553734,0.504553734,0.473776224,0.473776224,0.473776224,0.446265938,0.446265938,0.446265938
9411200,0.534539474,0.534539474,0.534539474,0.476725522,0.476725522,0.476725522,0.484349259,0.484349259,0.484349259,0.130232558,0.130232558,0.130232558,0.004431315,0.004431315,0.004431315,0.205007825,0.205007825,0.205007825,,,,0.554744526,0.554744526,0.554744526,0.503496503,0.503496503,0.503496503,0.427272727,0.427272727,0.427272727
9414400,,,,,,,,,,,,,,,,,,,0,0,0,,,,,,,,,
9427200,0.537953795,0.537953795,0.537953795,0.520259319,0.520259319,0.520259319,0.514003295,0.514003295,0.514003295,0.12519084,0.12519084,0.12519084,0.01037037,0.01037037,0.01037037,0.20124805,0.20124805,0.20124805,,,,0.607664234,0.607664234,0.607664234,0.549565217,0.549565217,0.549565217,0.470695971,0.470695971,0.470695971
9443200,0.558484349,0.558484349,0.558484349,0.520391517,0.520391517,0.520391517,0.45049505,0.45049505,0.45049505,0.119266055,0.119266055,0.119266055,0.004484305,0.004484305,0.004484305,0.203470032,0.203470032,0.203470032,,,,0.542649728,0.542649728,0.542649728,0.532173913,0.532173913,0.532173913,0.46,0.46,0.46
9446400,,,,,,,,,,,,,,,,,,,0,0,0,,,,,,,,,
9459200,0.546052632,0.546052632,0.546052632,0.496753247,0.496753247,0.496753247,0.508278146,0.508278146,0.508278146,0.11179173,0.11179173,0.11179173,0.005970149,0.005970149,0.005970149,0.215748031,0.215748031,0.215748031,,,,0.532608696,0.532608696,0.532608696,0.494845361,0.494845361,0.494845361,0.451553931,0.451553931,0.451553931
9475200,0.515447154,0.515447154,0.515447154,0.532786885,0.532786885,0.532786885,0.495049505,0.495049505,0.495049505,0.135303266,0.135303266,0.135303266,0.007462687,0.007462687,0.007462687,0.2265625,0.2265625,0.2265625,,,,0.572477064,0.572477064,0.572477064,0.498263889,0.498263889,0.498263889,0.410909091,0.410909091,0.410909091
9478400,,,,,,,,,,,,,,,,,,,0,0,0,,,,,,,,,
9491200,0.546341463,0.546341463,0.546341463,0.537953795,0.537953795,0.537953795,0.46179402,0.46179402,0.46179402,0.12808642,0.12808642,0.12808642,0.007473842,0.007473842,0.007473842,0.205007825,0.205007825,0.205007825,,,,0.544626594,0.544626594,0.544626594,0.470588235,0.470588235,0.470588235,0.47985348,0.47985348,0.47985348
9507200,0.541598695,0.541598695,0.541598695,0.476422764,0.476422764,0.476422764,0.475953566,0.475953566,0.475953566,0.136294028,0.136294028,0.136294028,0.005934718,0.005934718,0.005934718,0.19047619,0.19047619,0.19047619,,,,0.533697632,0.533697632,0.533697632,0.486111111,0.486111111,0.486111111,0.423853211,0.423853211,0.423853211
9510400,,,,,,,,,,,,,,,,,,,0,0,0,,,,,,,,,
9523200,0.550653595,0.550653595,0.550653595,0.509031199,0.509031199,0.509031199,0.451400329,0.451400329,0.451400329,0.116385911,0.116385911,0.116385911,0.005934718,0.005934718,0.005934718,0.217868339,0.217868339,0.217868339,,,,0.537477148,0.537477148,0.537477148,0.481802426,0.481802426,0.481802426,0.473491773,0.473491773,0.473491773
9539200,0.534313725,0.534313725,0.534313725,0.488562092,0.488562092,0.488562092,0.482644628,0.482644628,0.482644628,0.132307692,0.132307692,0.132307692,0.00147929,0.00147929,0.00147929,0.212933754,0.212933754,0.212933754,,,,0.490974729,0.490974729,0.490974729,0.507853403,0.507853403,0.507853403,0.488160291,0.488160291,0.488160291
9542400,,,,,,,,,,,,,,,,,,,0,0,0,,,,,,,,,
9555200,0.483091787,0.483091787,0.483091787,0.5,0.5,0.5,0.485903814,0.485903814,0.485903814,0.13671275,0.13671275,0.13671275,0.00591716,0.00591716,0.00591716,0.231378764,0.231378764,0.231378764,,,,0.513661202,0.513661202,0.513661202,0.457538995,0.457538995,0.457538995,0.482758621,0.482758621,0.482758621
9571200,0.500805153,0.500805153,0.500805153,0.486312399,0.486312399,0.486312399,0.269513991,0.269513991,0.269513991,0.121725732,0.121725732,0.121725732,0.00148368,0.00148368,0.00148368,0.212264151,0.212264151,0.212264151,,,,0.5,0.5,0.5,0.473958333,0.473958333,0.473958333,0.450090744,0.450090744,0.450090744
9574400,,,,,,,,,,,,,,,,,,,0,0,0,,,,,,,,,
9587200,0.5152,0.5152,0.5152,0.469155844,0.469155844,0.469155844,0,0,0,0.131987578,0.131987578,0.131987578,0.005934718,0.005934718,0.005934718,0.184542587,0.184542587,0.184542587,,,,0.500907441,0.500907441,0.500907441,0.481865285,0.481865285,0.481865285,0.482758621,0.482758621,0.482758621
9603200,0.512077295,0.512077295,0.512077295,0.494345719,0.494345719,0.494345719,0,0,0,0.104294479,0.104294479,0.104294479,0.011958146,0.011958146,0.011958146,0.208201893,0.208201893,0.208201893,,,,0.547920434,0.547920434,0.547920434,0.430292599,0.430292599,0.430292599,0.489090909,0.489090909,0.489090909
9606400,,,,,,,,,,,,,,,,,,,0,0,0,,,,,,,,,
9619200,0.533117932,0.533117932,0.533117932,0.451612903,0.451612903,0.451612903,0.001620746,0.001620746,0.001620746,0.130568356,0.130568356,0.130568356,0.007429421,0.007429421,0.007429421,0.261006289,0.261006289,0.261006289,,,,0.515370705,0.515370705,0.515370705,0.487931034,0.487931034,0.487931034,0.471014493,0.471014493,0.471014493
9635200,0.53236246,0.53236246,0.53236246,0.483146067,0.483146067,0.483146067,0.008064516,0.008064516,0.008064516,0.125386997,0.125386997,0.125386997,0.004464286,0.004464286,0.004464286,0.204724409,0.204724409,0.204724409,,,,0.574275362,0.574275362,0.574275362,0.493103448,0.493103448,0.493103448,0.461678832,0.461678832,0.461678832
9638400,,,,,,,,,,,,,,,,,,,0,0,0,,,,,,,,,
9651200,0.541329011,0.541329011,0.541329011,0.480645161,0.480645161,0.480645161,0,0,0,0.130568356,0.130568356,0.130568356,0.004451039,0.004451039,0.004451039,0.196202532,0.196202532,0.196202532,,,,0.570652174,0.570652174,0.570652174,0.493031359,0.493031359,0.493031359,0.452079566,0.452079566,0.452079566
9667200,0.510433387,0.510433387,0.510433387,0.456730769,0.456730769,0.456730769,0.016474465,0.016474465,0.016474465,0.126348228,0.126348228,0.126348228,0.008941878,0.008941878,0.008941878,0.204651163,0.204651163,0.204651163,,,,0.551724138,0.551724138,0.551724138,0.48173913,0.48173913,0.48173913,0.450271248,0.450271248,0.450271248
9670400,,,,,,,,,,,,,,,,,,,0,0,0,,,,,,,,,
9683200,0.519543974,0.519543974,0.519543974,0.482142857,0.482142857,0.482142857,0.008237232,0.008237232,0.008237232,0.136012365,0.136012365,0.136012365,0.007451565,0.007451565,0.007451565,0.219936709,0.219936709,0.219936709,,,,0.56238698,0.56238698,0.56238698,0.477351916,0.477351916,0.477351916,0.467391304,0.467391304,0.467391304
9699200,0.528271405,0.528271405,0.528271405,0.459069021,0.459069021,0.459069021,0.016339869,0.016339869,0.016339869,0.137195122,0.137195122,0.137195122,0.002945508,0.002945508,0.002945508,0.227848101,0.227848101,0.227848101,,,,0.573770492,0.573770492,0.573770492,0.499124343,0.499124343,0.499124343,0.480943739,0.480943739,0.480943739
9702400,,,,,,,,,,,,,,,,,,,0,0,0,,,,,,,,,
9715200,0.5089141,0.5089141,0.5089141,0.49512987,0.49512987,0.49512987,0.014827018,0.014827018,0.014827018,0.152542373,0.152542373,0.152542373,0.004457652,0.004457652,0.004457652,0.233070866,0.233070866,0.233070866,,,,0.563405797,0.563405797,0.563405797,0.490467938,0.490467938,0.490467938,0.386980108,0.386980108,0.386980108
9731200,0.530744337,0.530744337,0.530744337,0.5168,0.5168,0.5168,0.02124183,0.02124183,0.02124183,0.122324159,0.122324159,0.122324159,0.005934718,0.005934718,0.005934718,0.244094488,0.244094488,0.244094488,,,,0.574040219,0.574040219,0.574040219,0.450777202,0.450777202,0.450777202,0.444846293,0.444846293,0.444846293
9734400,,,,,,,,,,,,,,,,,,,0,0,0,,,,,,,,,
9747200,0.508064516,0.508064516,0.508064516,0.462540717,0.462540717,0.462540717,0.024232633,0.024232633,0.024232633,0.120426829,0.120426829,0.120426829,0.010447761,0.010447761,0.010447761,0.227848101,0.227848101,0.227848101,,,,0.538738739,0.538738739,0.538738739,0.477508651,0.477508651,0.477508651,0.472826087,0.472826087,0.472826087
9763200,0.507317073,0.507317073,0.507317073,0.477346278,0.477346278,0.477346278,0.046367852,0.046367852,0.046367852,0.11882716,0.11882716,0.11882716,0.005997001,0.005997001,0.005997001,0.169278997,0.169278997,0.169278997,,,,0.523465704,0.523465704,0.523465704,0.481865285,0.481865285,0.481865285,0.46835443,0.46835443,0.46835443
9766400,,,,,,,,,,,,,,,,,,,0,0,0,,,,,,,,,
9779200,0.500818331,0.500818331,0.500818331,0.537337662,0.537337662,0.537337662,0.032786885,0.032786885,0.032786885,0.143079316,0.143079316,0.143079316,0.002962963,0.002962963,0.002962963,0.236220472,0.236220472,0.236220472,,,,0.536231884,0.536231884,0.536231884,0.480836237,0.480836237,0.480836237,0.464480874,0.464480874,0.464480874
9795200,0.537216828,0.537216828,0.537216828,0.504025765,0.504025765,0.504025765,0.053811659,0.053811659,0.053811659,0.142638037,0.142638037,0.142638037,0.001477105,0.001477105,0.001477105,0.202531646,0.202531646,0.202531646,,,,0.522603978,0.522603978,0.522603978,0.455805893,0.455805893,0.455805893,0.431693989,0.431693989,0.431693989
9798400,,,,,,,,,,,,,,,,,,,0,0,0,,,,,,,,,
9811200,0.501623377,0.501623377,0.501623377,0.535073409,0.535073409,0.535073409,0.051622419,0.051622419,0.051622419,0.142857143,0.142857143,0.142857143,0.010416667,0.010416667,0.010416667,0.202531646,0.202531646,0.202531646,,,,0.526220615,0.526220615,0.526220615,0.465397924,0.465397924,0.465397924,0.474637681,0.474637681,0.474637681
9827200,0.493527508,0.493527508,0.493527508,0.536065574,0.536065574,0.536065574,0.065088757,0.065088757,0.065088757,0.11627907,0.11627907,0.11627907,0.005970149,0.005970149,0.005970149,0.210691824,0.210691824,0.210691824,,,,0.496376812,0.496376812,0.496376812,0.490533563,0.490533563,0.490533563,0.461956522,0.461956522,0.461956522
9830400,,,,,,,,,,,,,,,,,,,0,0,0,,,,,,,,,
9843200,0.487012987,0.487012987,0.487012987,0.530179445,0.530179445,0.530179445,0.078869048,0.078869048,0.078869048,0.144171779,0.144171779,0.144171779,0,0,0,0.191222571,0.191222571,0.191222571,,,,0.513562387,0.513562387,0.513562387,0.488773748,0.488773748,0.488773748,0.500904159,0.500904159,0.500904159
9859200,0.533225284,0.533225284,0.533225284,0.524509804,0.524509804,0.524509804,0.072592593,0.072592593,0.072592593,0.143297381,0.143297381,0.143297381,0.004511278,0.004511278,0.004511278,0.221350078,0.221350078,0.221350078,,,,0.53649635,0.53649635,0.53649635,0.5008726,0.5008726,0.5008726,0.439856373,0.439856373,0.439856373
9862400,,,,,,,,,,,,,,,,,,,0,0,0,,,,,,,,,
9875200,0.520193861,0.520193861,0.520193861,0.505728314,0.505728314,0.505728314,0.067647059,0.067647059,0.067647059,0.12863706,0.12863706,0.12863706,0.005997001,0.005997001,0.005997001,0.217806041,0.217806041,0.217806041,,,,0.511882998,0.511882998,0.511882998,0.495667244,0.495667244,0.495667244,0.420765027,0.420765027,0.420765027
9891200,0.519543974,0.519543974,0.519543974,0.533772652,0.533772652,0.533772652,0.073855244,0.073855244,0.073855244,0.137345679,0.137345679,0.137345679,0.005988024,0.005988024,0.005988024,0.217868339,0.217868339,0.217868339,,,,0.518987342,0.518987342,0.518987342,0.519930676,0.519930676,0.519930676,0.44524237,0.44524237,0.44524237
9894400,,,,,,,,,,,,,,,,,,,0,0,0,,,,,,,,,
9907200,0.502439024,0.502439024,0.502439024,0.530844156,0.530844156,0.530844156,0.087537092,0.087537092,0.087537092,0.13559322,0.13559322,0.13559322,0.010416667,0.010416667,0.010416667,0.190551181,0.190551181,0.190551181,,,,0.525270758,0.525270758,0.525270758,0.548951049,0.548951049,0.548951049,0.456989247,0.456989247,0.456989247
9923200,0.518518519,0.518518519,0.518518519,0.501628664,0.501628664,0.501628664,0.098802395,0.098802395,0.098802395,0.123664122,0.123664122,0.123664122,0.002989537,0.002989537,0.002989537,0.226624406,0.226624406,0.226624406,,,,0.507326007,0.507326007,0.507326007,0.514731369,0.514731369,0.514731369,0.427797834,0.427797834,0.427797834
9926400,,,,,,,,,,,,,,,,,,,0,0,0,,,,,,,,,
9939200,0.509708738,0.509708738,0.509708738,0.516962843,0.516962843,0.516962843,0.094311377,0.094311377,0.094311377,0.128284389,0.128284389,0.128284389,0.002980626,0.002980626,0.002980626,0.22943038,0.22943038,0.22943038,,,,0.480215827,0.480215827,0.480215827,0.541666667,0.541666667,0.541666667,0.473021583,0.473021583,0.473021583
9955200,0.491143317,0.491143317,0.491143317,0.537337662,0.537337662,0.537337662,0.090909091,0.090909091,0.090909091,0.135877863,0.135877863,0.135877863,0.011851852,0.011851852,0.011851852,0.211930926,0.211930926,0.211930926,,,,0.505415162,0.505415162,0.505415162,0.514731369,0.514731369,0.514731369,0.472924188,0.472924188,0.472924188
9958400,,,,,,,,,,,,,,,,,,,0,0,0,,,,,,,,,
9971200,0.491056911,0.491056911,0.491056911,0.517073171,0.517073171,0.517073171,0.103915663,0.103915663,0.103915663,0.121538462,0.121538462,0.121538462,0.008915305,0.008915305,0.008915305,0.24256651,0.24256651,0.24256651,,,,0.481751825,0.481751825,0.481751825,0.490500864,0.490500864,0.490500864,0.474729242,0.474729242,0.474729242
9987200,0.52365416,0.52365416,0.52365416,0.525974026,0.525974026,0.525974026,0.101644245,0.101644245,0.101644245,0.146788991,0.146788991,0.146788991,0.001497006,0.001497006,0.001497006,0.205696203,0.205696203,0.205696203,,,,0.526220615,0.526220615,0.526220615,0.537132988,0.537132988,0.537132988,0.470909091,0.470909091,0.470909091
