Step,commformer_MMM2_FC - incre_win_rate,commformer_MMM2_FC - incre_win_rate__MIN,commformer_MMM2_FC - incre_win_rate__MAX,commformer_MMM2_single_lf_seed3 - incre_win_rate,commformer_MMM2_single_lf_seed3 - incre_win_rate__MIN,commformer_MMM2_single_lf_seed3 - incre_win_rate__MAX,commformer_MMM2_single_lf_seed2 - incre_win_rate,commformer_MMM2_single_lf_seed2 - incre_win_rate__MIN,commformer_MMM2_single_lf_seed2 - incre_win_rate__MAX,commformer_MMM2_single_lf_seed1 - incre_win_rate,commformer_MMM2_single_lf_seed1 - incre_win_rate__MIN,commformer_MMM2_single_lf_seed1 - incre_win_rate__MAX,mappo_MMM2_10v10_seed1 - incre_win_rate,mappo_MMM2_10v10_seed2 - incre_win_rate,mappo_MMM2_10v10_seed3 - incre_win_rate,happo_MMM2_10v10_seed1 - incre_win_rate,happo_MMM2_10v10_seed3 - incre_win_rate
3200,0,0,0,0,0,0,0,0,0,0,0,0,0,0,0,0,0
19200,0,0,0,0,0,0,0,0,0,0,0,0,0,0,0,0,0
35200,0,0,0,0,0,0,0,0,0,0,0,0,0,0,0,0,0
51200,0,0,0,0,0,0,0,0,0,0,0,0,0,0,0,0,0
67200,0,0,0,0,0,0,0,0,0,0,0,0,0,0,0,0,0
83200,0,0,0,0,0,0,0,0,0,0,0,0,0,0,0,0,0
99200,0,0,0,0,0,0,0,0,0,0,0,0,0,0,0,0,0
115200,0,0,0,0,0,0,0,0,0,0,0,0,0,0,0,0,0
131200,0,0,0,0,0,0,0,0,0,0,0,0,0,0,0,0,0
147200,0,0,0,0,0,0,0,0,0,0,0,0,0,0,0,0,0
163200,0,0,0,0,0,0,0,0,0,0,0,0,0,0,0,0,0
179200,0,0,0,0,0,0,0,0,0,0,0,0,0,0,0,0,0
195200,0,0,0,0,0,0,0,0,0,0,0,0,0,0,0,0,0
211200,0,0,0,0,0,0,0,0,0,0,0,0,0,0,0,0,0
227200,0,0,0,0,0,0,0,0,0,0,0,0,0,0,0,0,0
243200,0,0,0,0,0,0,0,0,0,0,0,0,0,0,0,0,0
259200,0,0,0,0,0,0,0,0,0,0,0,0,0,0,0,0,0
275200,0,0,0,0,0,0,0,0,0,0,0,0,0,0,0,0,0
291200,0,0,0,0,0,0,0,0,0,0,0,0,0,0,0,0,0
307200,0,0,0,0,0,0,0,0,0,0,0,0,0,0,0,0,0
323200,0,0,0,0,0,0,0,0,0,0,0,0,0,0,0,0,0
339200,0,0,0,0,0,0,0,0,0,0,0,0,0,0,0,0,0
355200,0,0,0,0,0,0,0,0,0,0,0,0,0,0,0,0,0
371200,0,0,0,0,0,0,0,0,0,0,0,0,0,0,0,0,0
387200,0,0,0,0,0,0,0,0,0,0,0,0,0,0,0,0,0
403200,0,0,0,0,0,0,0,0,0,0,0,0,0,0,0,0,0
419200,0,0,0,0,0,0,0,0,0,0,0,0,0,0,0,0,0
435200,0,0,0,0,0,0,0,0,0,0,0,0,0,0,0,0,0
451200,0,0,0,0,0,0,0,0,0,0,0,0,0,0,0,0,0
467200,0,0,0,0,0,0,0,0,0,0,0,0,0,0,0,0,0
483200,0,0,0,0,0,0,0,0,0,0,0,0,0,0,0,0,0
499200,0,0,0,0,0,0,0,0,0,0,0,0,0,0,0,0,0
515200,0,0,0,0,0,0,0,0,0,0,0,0,0,0,0,0,0
531200,0,0,0,0,0,0,0,0,0,0,0,0,0,0,0,0,0
547200,0,0,0,0,0,0,0,0,0,0,0,0,0,0,0,0,0
563200,0,0,0,0,0,0,0,0,0,0,0,0,0,0,0,0,0
579200,0,0,0,0,0,0,0,0,0,0,0,0,0,0,0,0,0
595200,0,0,0,0,0,0,0,0,0,0,0,0,0,0,0,0,0
611200,0,0,0,0,0,0,0,0,0,0,0,0,0,0,0,0,0
627200,0,0,0,0,0,0,0,0,0,0,0,0,0,0,0,0,0
643200,0,0,0,0,0,0,0,0,0,0,0,0,0,0,0,0,0
659200,0,0,0,0,0,0,0,0,0,0,0,0,0,0,0.0036900369003690036,0,0
675200,0,0,0,0,0,0,0,0,0,0,0,0,0,0,0,0,0
691200,0,0,0,0,0,0,0,0,0,0,0,0,0,0,0.00749063670411985,0,0
707200,0,0,0,0,0,0,0,0,0,0,0,0,0,0,0.003861003861003861,0,0
723200,0,0,0,0,0,0,0,0,0,0,0,0,0,0,0.004,0,0
739200,0,0,0,0,0,0,0,0,0,0,0,0,0,0,0.011538461538461539,0,0
755200,0,0,0,0,0,0,0,0,0,0,0,0,0,0,0.01195219123505976,0,0
771200,0,0,0,0,0,0,0,0,0,0,0,0,0,0,0.023622047244094488,0,0
787200,0,0,0,0,0,0,0,0,0,0,0,0,0,0,0.012605042016806723,0,0
803200,0,0,0,0,0,0,0,0,0,0,0,0,0,0,0.00819672131147541,0,0
819200,0,0,0,0,0,0,0,0,0,0,0,0,0,0,0.03375527426160337,0,0
835200,0,0,0,0,0,0,0,0,0,0,0,0,0,0,0.038135593220338986,0,0
851200,0,0,0,0,0,0,0,0,0,0,0,0,0,0,0.04782608695652174,0,0
867200,0,0,0,0,0,0,0,0,0,0,0,0,0,0,0.06060606060606061,0,0
883200,0,0,0,0,0,0,0,0,0,0,0,0,0,0,0.0811965811965812,0,0
899200,0,0,0,0,0,0,0,0,0,0,0,0,0,0,0.08898305084745763,0,0
915200,0,0,0,0,0,0,0,0,0,0,0,0,0,0,0.05603448275862069,0,0
931200,0,0,0,0,0,0,0,0,0,0,0,0,0,0,0.06511627906976744,0,0
947200,0,0,0,0,0,0,0,0,0,0,0,0,0,0,0.09859154929577464,0,0
963200,0.006711409395973154,0.006711409395973154,0.006711409395973154,0,0,0,0,0,0,0,0,0,0,0,0.14027149321266968,0,0
979200,0,0,0,0,0,0,0,0,0,0,0,0,0,0,0.1588785046728972,0,0
995200,0,0,0,0,0,0,0,0,0,0,0,0,0,0,0.1388888888888889,0,0
1011200,0,0,0,0,0,0,0,0,0,0,0,0,0,0,0.12053571428571429,0,0
1027200,0,0,0,0,0,0,0,0,0,0,0,0,0,0,0.14691943127962084,0,0
1043200,0,0,0,0,0,0,0,0,0,0,0,0,0,0,0.2062780269058296,0,0
1059200,0,0,0,0,0,0,0,0,0,0,0,0,0,0,0.2,0,0
1075200,0,0,0,0,0,0,0,0,0,0,0,0,0,0,0.1761904761904762,0,0
1091200,0.006289308176100629,0.006289308176100629,0.006289308176100629,0,0,0,0,0,0,0,0,0,0,0,0.22972972972972974,0,0
1107200,0,0,0,0,0,0,0,0,0,0,0,0,0,0,0.24528301886792453,0,0
1123200,0,0,0,0,0,0,0,0,0,0,0,0,0,0,0.2831050228310502,0,0
1139200,0,0,0,0,0,0,0,0,0,0,0,0,0,0,0.27230046948356806,0,0
1155200,0,0,0,0.007692307692307693,0.007692307692307693,0.007692307692307693,0.007692307692307693,0.007692307692307693,0.007692307692307693,0.007692307692307693,0.007692307692307693,0.007692307692307693,0,0,0.2523809523809524,0,0
1171200,0,0,0,0.007692307692307693,0.007692307692307693,0.007692307692307693,0.007692307692307693,0.007692307692307693,0.007692307692307693,0.007692307692307693,0.007692307692307693,0.007692307692307693,0,0,0.3023255813953488,0,0
1187200,0,0,0,0,0,0,0,0,0,0,0,0,0,0,0.2796208530805687,0,0
1203200,0,0,0,0.007407407407407408,0.007407407407407408,0.007407407407407408,0.007407407407407408,0.007407407407407408,0.007407407407407408,0.007407407407407408,0.007407407407407408,0.007407407407407408,0,0,0.28640776699029125,0,0
1219200,0,0,0,0,0,0,0,0,0,0,0,0,0,0,0.2727272727272727,0,0
1235200,0,0,0,0,0,0,0,0,0,0,0,0,0,0,0.24401913875598086,0,0
1251200,0,0,0,0,0,0,0,0,0,0,0,0,0,0,0.2822966507177033,0,0
1267200,0,0,0,0,0,0,0,0,0,0,0,0,0,0,0.2714285714285714,0,0
1283200,0,0,0,0,0,0,0,0,0,0,0,0,0,0,0.21693121693121692,0,0
1299200,0,0,0,0,0,0,0,0,0,0,0,0,0,0,0.22857142857142856,0,0
1315200,0,0,0,0,0,0,0,0,0,0,0,0,0,0,0.2512315270935961,0,0
1331200,0,0,0,0,0,0,0,0,0,0,0,0,0,0,0.24401913875598086,0,0
1347200,0,0,0,0,0,0,0,0,0,0,0,0,0,0,0.325,0,0
1363200,0,0,0,0,0,0,0,0,0,0,0,0,0,0,0.285,0,0
1379200,0.0070921985815602835,0.0070921985815602835,0.0070921985815602835,0.007751937984496124,0.007751937984496124,0.007751937984496124,0.007751937984496124,0.007751937984496124,0.007751937984496124,0.007751937984496124,0.007751937984496124,0.007751937984496124,0.005076142131979695,0,0.24509803921568626,0,0
1395200,0,0,0,0.015873015873015872,0.015873015873015872,0.015873015873015872,0.015873015873015872,0.015873015873015872,0.015873015873015872,0.015873015873015872,0.015873015873015872,0.015873015873015872,0,0,0.305,0,0
1411200,0,0,0,0,0,0,0,0,0,0,0,0,0,0,0.3034825870646766,0,0
1427200,0,0,0,0.007352941176470588,0.007352941176470588,0.007352941176470588,0.007352941176470588,0.007352941176470588,0.007352941176470588,0.007352941176470588,0.007352941176470588,0.007352941176470588,0.005,0,0.3632075471698113,0,0
1443200,0.006896551724137931,0.006896551724137931,0.006896551724137931,0,0,0,0,0,0,0,0,0,0,0,0.3051643192488263,0,0
1459200,0,0,0,0,0,0,0,0,0,0,0,0,0,0,0.32057416267942584,0,0
1475200,0,0,0,0,0,0,0,0,0,0,0,0,0.00510204081632653,0,0.3444976076555024,0,0
1491200,0.006802721088435374,0.006802721088435374,0.006802721088435374,0,0,0,0,0,0,0,0,0,0.004878048780487805,0,0.391304347826087,0,0
1507200,0.005917159763313609,0.005917159763313609,0.005917159763313609,0,0,0,0,0,0,0,0,0,0,0,0.435,0,0
1523200,0,0,0,0.007042253521126761,0.007042253521126761,0.007042253521126761,0.007042253521126761,0.007042253521126761,0.007042253521126761,0.007042253521126761,0.007042253521126761,0.007042253521126761,0,0,0.3883495145631068,0,0
1539200,0.006024096385542169,0.006024096385542169,0.006024096385542169,0,0,0,0,0,0,0,0,0,0,0,0.41262135922330095,0,0
1555200,0.005952380952380952,0.005952380952380952,0.005952380952380952,0,0,0,0,0,0,0,0,0,0,0.006329113924050633,0.40404040404040403,0,0
1571200,0.006097560975609756,0.006097560975609756,0.006097560975609756,0.007633587786259542,0.007633587786259542,0.007633587786259542,0.007633587786259542,0.007633587786259542,0.007633587786259542,0.007633587786259542,0.007633587786259542,0.007633587786259542,0.004901960784313725,0,0.35348837209302325,0,0
1587200,0.005813953488372093,0.005813953488372093,0.005813953488372093,0.006896551724137931,0.006896551724137931,0.006896551724137931,0.006896551724137931,0.006896551724137931,0.006896551724137931,0.006896551724137931,0.006896551724137931,0.006896551724137931,0.005434782608695652,0,0.5,0,0
1603200,0.005988023952095809,0.005988023952095809,0.005988023952095809,0,0,0,0,0,0,0,0,0,0,0,0.37735849056603776,0,0
1619200,0,0,0,0,0,0,0,0,0,0,0,0,0.005376344086021506,0,0.3853658536585366,0,0
1635200,0.011904761904761904,0.011904761904761904,0.011904761904761904,0.00641025641025641,0.00641025641025641,0.00641025641025641,0.00641025641025641,0.00641025641025641,0.00641025641025641,0.00641025641025641,0.00641025641025641,0.00641025641025641,0.0056179775280898875,0,0.4187192118226601,0,0
1651200,0.006289308176100629,0.006289308176100629,0.006289308176100629,0.007407407407407408,0.007407407407407408,0.007407407407407408,0.007407407407407408,0.007407407407407408,0.007407407407407408,0.007407407407407408,0.007407407407407408,0.007407407407407408,0.004975124378109453,0,0.45410628019323673,0,0
1667200,0.01282051282051282,0.01282051282051282,0.01282051282051282,0,0,0,0,0,0,0,0,0,0.00980392156862745,0,0.4195121951219512,0,0
1683200,0.012422360248447204,0.012422360248447204,0.012422360248447204,0.006578947368421052,0.006578947368421052,0.006578947368421052,0.006578947368421052,0.006578947368421052,0.006578947368421052,0.006578947368421052,0.006578947368421052,0.006578947368421052,0.0049261083743842365,0,0.43781094527363185,0,0
1699200,0.011976047904191617,0.011976047904191617,0.011976047904191617,0,0,0,0,0,0,0,0,0,0.009523809523809525,0,0.4634146341463415,0,0
1715200,0.006535947712418301,0.006535947712418301,0.006535947712418301,0,0,0,0,0,0,0,0,0,0.009523809523809525,0,0.4215686274509804,0,0
1731200,0.029069767441860465,0.029069767441860465,0.029069767441860465,0.007194244604316547,0.007194244604316547,0.007194244604316547,0.007194244604316547,0.007194244604316547,0.007194244604316547,0.007194244604316547,0.007194244604316547,0.007194244604316547,0,0,0.40476190476190477,0,0
1747200,0.02564102564102564,0.02564102564102564,0.02564102564102564,0.013986013986013986,0.013986013986013986,0.013986013986013986,0.013986013986013986,0.013986013986013986,0.013986013986013986,0.013986013986013986,0.013986013986013986,0.013986013986013986,0.005154639175257732,0,0.391304347826087,0,0
1763200,0.013513513513513514,0.013513513513513514,0.013513513513513514,0.022727272727272728,0.022727272727272728,0.022727272727272728,0.022727272727272728,0.022727272727272728,0.022727272727272728,0.022727272727272728,0.022727272727272728,0.022727272727272728,0.005154639175257732,0,0.39705882352941174,0,0
1779200,0.030303030303030304,0.030303030303030304,0.030303030303030304,0.02142857142857143,0.02142857142857143,0.02142857142857143,0.02142857142857143,0.02142857142857143,0.02142857142857143,0.02142857142857143,0.02142857142857143,0.02142857142857143,0.005405405405405406,0,0.37799043062200954,0,0
1795200,0,0,0,0.020833333333333332,0.020833333333333332,0.020833333333333332,0.020833333333333332,0.020833333333333332,0.020833333333333332,0.020833333333333332,0.020833333333333332,0.020833333333333332,0,0.007407407407407408,0.41148325358851673,0,0
1811200,0.013157894736842105,0.013157894736842105,0.013157894736842105,0.031746031746031744,0.031746031746031744,0.031746031746031744,0.031746031746031744,0.031746031746031744,0.031746031746031744,0.031746031746031744,0.031746031746031744,0.031746031746031744,0,0,0.4057971014492754,0,0
1827200,0.029239766081871343,0.029239766081871343,0.029239766081871343,0.0078125,0.0078125,0.0078125,0.0078125,0.0078125,0.0078125,0.0078125,0.0078125,0.0078125,0.0182648401826484,0,0.4238095238095238,0,0
1843200,0.02666666666666667,0.02666666666666667,0.02666666666666667,0,0,0,0,0,0,0,0,0,0,0,0.42718446601941745,0,0
1859200,0.018518518518518517,0.018518518518518517,0.018518518518518517,0.013793103448275862,0.013793103448275862,0.013793103448275862,0.013793103448275862,0.013793103448275862,0.013793103448275862,0.013793103448275862,0.013793103448275862,0.013793103448275862,0.010362694300518135,0,0.4292929292929293,0,0
1875200,0.013071895424836602,0.013071895424836602,0.013071895424836602,0.006944444444444444,0.006944444444444444,0.006944444444444444,0.006944444444444444,0.006944444444444444,0.006944444444444444,0.006944444444444444,0.006944444444444444,0.006944444444444444,0.010309278350515464,0,0.42857142857142855,0,0
1891200,0.024844720496894408,0.024844720496894408,0.024844720496894408,0.006578947368421052,0.006578947368421052,0.006578947368421052,0.006578947368421052,0.006578947368421052,0.006578947368421052,0.006578947368421052,0.006578947368421052,0.006578947368421052,0.02666666666666667,0,0.4097560975609756,0,0
1907200,0,0,0,0.014084507042253521,0.014084507042253521,0.014084507042253521,0.014084507042253521,0.014084507042253521,0.014084507042253521,0.014084507042253521,0.014084507042253521,0.014084507042253521,0.009615384615384616,0,0.44660194174757284,0,0
1923200,0.018867924528301886,0.018867924528301886,0.018867924528301886,0,0,0,0,0,0,0,0,0,0.015873015873015872,0.007518796992481203,0.4563106796116505,0,0
1939200,0.01910828025477707,0.01910828025477707,0.01910828025477707,0.006756756756756757,0.006756756756756757,0.006756756756756757,0.006756756756756757,0.006756756756756757,0.006756756756756757,0.006756756756756757,0.006756756756756757,0.006756756756756757,0.014084507042253521,0,0.4182692307692308,0,0
1955200,0.05142857142857143,0.05142857142857143,0.05142857142857143,0.014285714285714285,0.014285714285714285,0.014285714285714285,0.014285714285714285,0.014285714285714285,0.014285714285714285,0.014285714285714285,0.014285714285714285,0.014285714285714285,0,0,0.44019138755980863,0,0
1971200,0.04516129032258064,0.04516129032258064,0.04516129032258064,0.008064516129032258,0.008064516129032258,0.008064516129032258,0.008064516129032258,0.008064516129032258,0.008064516129032258,0.008064516129032258,0.008064516129032258,0.008064516129032258,0,0.0072992700729927005,0.40487804878048783,0,0
1987200,0.05714285714285714,0.05714285714285714,0.05714285714285714,0.02877697841726619,0.02877697841726619,0.02877697841726619,0.02877697841726619,0.02877697841726619,0.02877697841726619,0.02877697841726619,0.02877697841726619,0.02877697841726619,0.010471204188481676,0,0.421875,0,0
2003200,0.07142857142857142,0.07142857142857142,0.07142857142857142,0.015151515151515152,0.015151515151515152,0.015151515151515152,0.015151515151515152,0.015151515151515152,0.015151515151515152,0.015151515151515152,0.015151515151515152,0.015151515151515152,0.00558659217877095,0,0.40487804878048783,0,0
2019200,0.043478260869565216,0.043478260869565216,0.043478260869565216,0.02877697841726619,0.02877697841726619,0.02877697841726619,0.02877697841726619,0.02877697841726619,0.02877697841726619,0.02877697841726619,0.02877697841726619,0.02877697841726619,0.021164021164021163,0,0.44,0,0
2035200,0.04736842105263158,0.04736842105263158,0.04736842105263158,0.015267175572519083,0.015267175572519083,0.015267175572519083,0.015267175572519083,0.015267175572519083,0.015267175572519083,0.015267175572519083,0.015267175572519083,0.015267175572519083,0.02857142857142857,0.02112676056338028,0.3632075471698113,0,0
2051200,0.062146892655367235,0.062146892655367235,0.062146892655367235,0.006993006993006993,0.006993006993006993,0.006993006993006993,0.006993006993006993,0.006993006993006993,0.006993006993006993,0.006993006993006993,0.006993006993006993,0.006993006993006993,0.02617801047120419,0,0.3923444976076555,0,0
2067200,0.06417112299465241,0.06417112299465241,0.06417112299465241,0.04054054054054054,0.04054054054054054,0.04054054054054054,0.04054054054054054,0.04054054054054054,0.04054054054054054,0.04054054054054054,0.04054054054054054,0.04054054054054054,0.010256410256410256,0.007518796992481203,0.39800995024875624,0,0
2083200,0.05472636815920398,0.05472636815920398,0.05472636815920398,0.013333333333333334,0.013333333333333334,0.013333333333333334,0.013333333333333334,0.013333333333333334,0.013333333333333334,0.013333333333333334,0.013333333333333334,0.013333333333333334,0.024752475247524754,0.006756756756756757,0.38190954773869346,0,0
2099200,0.06315789473684211,0.06315789473684211,0.06315789473684211,0.02040816326530612,0.02040816326530612,0.02040816326530612,0.02040816326530612,0.02040816326530612,0.02040816326530612,0.020134228187919462,0.020134228187919462,0.020134228187919462,0.015384615384615385,0,0.3484848484848485,0,0
2115200,0.07547169811320754,0.07547169811320754,0.07547169811320754,0.014184397163120567,0.014184397163120567,0.014184397163120567,0.014184397163120567,0.014184397163120567,0.014184397163120567,0,0,0,0.04,0.012903225806451613,0.5077720207253886,0,0
2131200,0.1,0.1,0.1,0,0,0,0,0,0,0.007352941176470588,0.007352941176470588,0.007352941176470588,0.024875621890547265,0,0.4975369458128079,0,0
2147200,0.09278350515463918,0.09278350515463918,0.09278350515463918,0.014184397163120567,0.014184397163120567,0.014184397163120567,0.014184397163120567,0.014184397163120567,0.014184397163120567,0.02158273381294964,0.02158273381294964,0.02158273381294964,0.01020408163265306,0.0136986301369863,0.44776119402985076,0,0
2163200,0.08292682926829269,0.08292682926829269,0.08292682926829269,0.06716417910447761,0.06716417910447761,0.06716417910447761,0.06716417910447761,0.06716417910447761,0.06716417910447761,0.015267175572519083,0.015267175572519083,0.015267175572519083,0.03664921465968586,0,0.4801980198019802,0,0
2179200,0.06698564593301436,0.06698564593301436,0.06698564593301436,0.02877697841726619,0.02877697841726619,0.02877697841726619,0.02877697841726619,0.02877697841726619,0.02877697841726619,0.007633587786259542,0.007633587786259542,0.007633587786259542,0.03553299492385787,0,0.4595959595959596,0,0
2195200,0.0787037037037037,0.0787037037037037,0.0787037037037037,0.015151515151515152,0.015151515151515152,0.015151515151515152,0.015151515151515152,0.015151515151515152,0.015151515151515152,0.008064516129032258,0.008064516129032258,0.008064516129032258,0.025252525252525252,0.007246376811594203,0.4635416666666667,0,0
2211200,0.08520179372197309,0.08520179372197309,0.08520179372197309,0.02702702702702703,0.02702702702702703,0.02702702702702703,0.02702702702702703,0.02702702702702703,0.02702702702702703,0.014925373134328358,0.014925373134328358,0.014925373134328358,0.015789473684210527,0.007042253521126761,0.42857142857142855,0,0
2227200,0.12558139534883722,0.12558139534883722,0.12558139534883722,0.030303030303030304,0.030303030303030304,0.030303030303030304,0.030303030303030304,0.030303030303030304,0.030303030303030304,0.007194244604316547,0.007194244604316547,0.007194244604316547,0.03076923076923077,0.007407407407407408,0.44554455445544555,0,0
2243200,0.07692307692307693,0.07692307692307693,0.07692307692307693,0.03875968992248062,0.03875968992248062,0.03875968992248062,0.03875968992248062,0.03875968992248062,0.03875968992248062,0.007575757575757576,0.007575757575757576,0.007575757575757576,0.031746031746031744,0.007246376811594203,0.4603960396039604,0,0
2259200,0.11637931034482758,0.11637931034482758,0.11637931034482758,0.07547169811320754,0.07547169811320754,0.07547169811320754,0.07547169811320754,0.07547169811320754,0.07547169811320754,0.015151515151515152,0.015151515151515152,0.015151515151515152,0.03153153153153153,0,0.37745098039215685,0,0
2275200,0.09482758620689655,0.09482758620689655,0.09482758620689655,0.02702702702702703,0.02702702702702703,0.02702702702702703,0.02702702702702703,0.02702702702702703,0.02702702702702703,0.02962962962962963,0.02962962962962963,0.02962962962962963,0.04405286343612335,0.007518796992481203,0.37745098039215685,0,0
2291200,0.12236286919831224,0.12236286919831224,0.12236286919831224,0.037037037037037035,0.037037037037037035,0.037037037037037035,0.037037037037037035,0.037037037037037035,0.037037037037037035,0,0,0,0.024752475247524754,0.006578947368421052,0.4975369458128079,0,0
2307200,0.08641975308641975,0.08641975308641975,0.08641975308641975,0.015037593984962405,0.015037593984962405,0.015037593984962405,0.015037593984962405,0.015037593984962405,0.015037593984962405,0.02857142857142857,0.02857142857142857,0.02857142857142857,0.024752475247524754,0,0.44878048780487806,0,0
2323200,0.10317460317460317,0.10317460317460317,0.10317460317460317,0.015384615384615385,0.015384615384615385,0.015384615384615385,0.015384615384615385,0.015384615384615385,0.015384615384615385,0.05223880597014925,0.05223880597014925,0.05223880597014925,0.023148148148148147,0.007633587786259542,0.43455497382198954,0,0
2339200,0.10714285714285714,0.10714285714285714,0.10714285714285714,0.008333333333333333,0.008333333333333333,0.008333333333333333,0.008333333333333333,0.008333333333333333,0.008333333333333333,0.023076923076923078,0.023076923076923078,0.023076923076923078,0.05128205128205128,0,0.41743119266055045,0,0
2355200,0.09361702127659574,0.09361702127659574,0.09361702127659574,0.007518796992481203,0.007518796992481203,0.007518796992481203,0.007518796992481203,0.007518796992481203,0.007518796992481203,0.027586206896551724,0.027586206896551724,0.027586206896551724,0.0430622009569378,0,0.3880597014925373,0,0
2371200,0.14285714285714285,0.14285714285714285,0.14285714285714285,0.027972027972027972,0.027972027972027972,0.027972027972027972,0.027972027972027972,0.027972027972027972,0.027972027972027972,0.007751937984496124,0.007751937984496124,0.007751937984496124,0.037209302325581395,0,0.42028985507246375,0,0
2387200,0.11848341232227488,0.11848341232227488,0.11848341232227488,0.0547945205479452,0.0547945205479452,0.0547945205479452,0.0547945205479452,0.0547945205479452,0.0547945205479452,0.02158273381294964,0.02158273381294964,0.02158273381294964,0.04504504504504504,0,0.455,0,0
2403200,0.10666666666666667,0.10666666666666667,0.10666666666666667,0.031007751937984496,0.031007751937984496,0.031007751937984496,0.031007751937984496,0.031007751937984496,0.031007751937984496,0.03571428571428571,0.03571428571428571,0.03571428571428571,0.02843601895734597,0,0.3613861386138614,0,0
2419200,0.13114754098360656,0.13114754098360656,0.13114754098360656,0.058823529411764705,0.058823529411764705,0.058823529411764705,0.058823529411764705,0.058823529411764705,0.058823529411764705,0.028985507246376812,0.028985507246376812,0.028985507246376812,0.03864734299516908,0.007518796992481203,0.3622448979591837,0,0
2435200,0.12272727272727273,0.12272727272727273,0.12272727272727273,0.033783783783783786,0.033783783783783786,0.033783783783783786,0.033783783783783786,0.033783783783783786,0.033783783783783786,0.06153846153846154,0.06153846153846154,0.06153846153846154,0.03626943005181347,0,0.3694581280788177,0,0
2451200,0.15486725663716813,0.15486725663716813,0.15486725663716813,0.022556390977443608,0.022556390977443608,0.022556390977443608,0.022556390977443608,0.022556390977443608,0.022556390977443608,0.02127659574468085,0.02127659574468085,0.02127659574468085,0.018779342723004695,0,0.40298507462686567,0,0
2467200,0.14342629482071714,0.14342629482071714,0.14342629482071714,0.07534246575342465,0.07534246575342465,0.07534246575342465,0.07534246575342465,0.07534246575342465,0.07534246575342465,0.05660377358490566,0.05660377358490566,0.05660377358490566,0.039603960396039604,0.007874015748031496,0.4270833333333333,0,0
2483200,0.12340425531914893,0.12340425531914893,0.12340425531914893,0.047619047619047616,0.047619047619047616,0.047619047619047616,0.047619047619047616,0.047619047619047616,0.047619047619047616,0.0718562874251497,0.0718562874251497,0.0718562874251497,0.06310679611650485,0,0.42780748663101603,0,0
2499200,0.15418502202643172,0.15418502202643172,0.15418502202643172,0.02666666666666667,0.02666666666666667,0.02666666666666667,0.02666666666666667,0.02666666666666667,0.02666666666666667,0.039735099337748346,0.039735099337748346,0.039735099337748346,0.046948356807511735,0,0.3865979381443299,0,0
2515200,0.15217391304347827,0.15217391304347827,0.15217391304347827,0.057692307692307696,0.057692307692307696,0.057692307692307696,0.057692307692307696,0.057692307692307696,0.057692307692307696,0.037267080745341616,0.037267080745341616,0.037267080745341616,0.06422018348623854,0,0.4010152284263959,0,0
2531200,0.13596491228070176,0.13596491228070176,0.13596491228070176,0.049079754601226995,0.049079754601226995,0.049079754601226995,0.049079754601226995,0.049079754601226995,0.049079754601226995,0.05405405405405406,0.05405405405405406,0.05405405405405406,0.05314009661835749,0,0.375,0,0
2547200,0.14912280701754385,0.14912280701754385,0.14912280701754385,0.04195804195804196,0.04195804195804196,0.04195804195804196,0.04195804195804196,0.04195804195804196,0.04195804195804196,0.056338028169014086,0.056338028169014086,0.056338028169014086,0.06103286384976526,0,0.3768844221105528,0,0
2563200,0.12875536480686695,0.12875536480686695,0.12875536480686695,0.0625,0.0625,0.0625,0.0625,0.0625,0.0625,0.06206896551724138,0.06206896551724138,0.06206896551724138,0.04932735426008968,0.007575757575757576,0.3787878787878788,0,0
2579200,0.18376068376068377,0.18376068376068377,0.18376068376068377,0.05161290322580645,0.05161290322580645,0.05161290322580645,0.05161290322580645,0.05161290322580645,0.05161290322580645,0.036231884057971016,0.036231884057971016,0.036231884057971016,0.11162790697674418,0,0.40512820512820513,0,0
2595200,0.13565891472868216,0.13565891472868216,0.13565891472868216,0.0650887573964497,0.0650887573964497,0.0650887573964497,0.0650887573964497,0.0650887573964497,0.0650887573964497,0.04054054054054054,0.04054054054054054,0.04054054054054054,0.09829059829059829,0.007142857142857143,0.2864321608040201,0,0
2611200,0.16299559471365638,0.16299559471365638,0.16299559471365638,0.05555555555555555,0.05555555555555555,0.05555555555555555,0.05555555555555555,0.05555555555555555,0.05555555555555555,0.057971014492753624,0.057971014492753624,0.057971014492753624,0.046948356807511735,0,0.3170731707317073,0,0
2627200,0.226890756302521,0.226890756302521,0.226890756302521,0.06578947368421052,0.06578947368421052,0.06578947368421052,0.06578947368421052,0.06578947368421052,0.06578947368421052,0.03676470588235294,0.03676470588235294,0.03676470588235294,0.06437768240343347,0,0.41237113402061853,0,0
2643200,0.1721311475409836,0.1721311475409836,0.1721311475409836,0.050955414012738856,0.050955414012738856,0.050955414012738856,0.050955414012738856,0.050955414012738856,0.050955414012738856,0.03816793893129771,0.03816793893129771,0.03816793893129771,0.06334841628959276,0,0.4467005076142132,0,0
2659200,0.18532818532818532,0.18532818532818532,0.18532818532818532,0.02962962962962963,0.02962962962962963,0.02962962962962963,0.02962962962962963,0.02962962962962963,0.02962962962962963,0.04697986577181208,0.04697986577181208,0.04697986577181208,0.08264462809917356,0,0.4223300970873786,0,0
2675200,0.18218623481781376,0.18218623481781376,0.18218623481781376,0.057971014492753624,0.057971014492753624,0.057971014492753624,0.057971014492753624,0.057971014492753624,0.057971014492753624,0.0661764705882353,0.0661764705882353,0.0661764705882353,0.07727272727272727,0,0.48258706467661694,0,0
2691200,0.17479674796747968,0.17479674796747968,0.17479674796747968,0.04225352112676056,0.04225352112676056,0.04225352112676056,0.04225352112676056,0.04225352112676056,0.04225352112676056,0.07947019867549669,0.07947019867549669,0.07947019867549669,0.1222707423580786,0,0.43,0,0
2707200,0.18473895582329317,0.18473895582329317,0.18473895582329317,0.12790697674418605,0.12790697674418605,0.12790697674418605,0.12790697674418605,0.12790697674418605,0.12790697674418605,0.06766917293233082,0.06766917293233082,0.06766917293233082,0.11353711790393013,0,0.38974358974358975,0,0
2723200,0.1634980988593156,0.1634980988593156,0.1634980988593156,0.06918238993710692,0.06918238993710692,0.06918238993710692,0.06918238993710692,0.06918238993710692,0.06918238993710692,0.044444444444444446,0.044444444444444446,0.044444444444444446,0.09012875536480687,0,0.38461538461538464,0,0
2739200,0.125,0.125,0.125,0.057692307692307696,0.057692307692307696,0.057692307692307696,0.057692307692307696,0.057692307692307696,0.057692307692307696,0.08391608391608392,0.08391608391608392,0.08391608391608392,0.09502262443438914,0.007751937984496124,0.4263959390862944,0,0
2755200,0.25096525096525096,0.25096525096525096,0.25096525096525096,0.057692307692307696,0.057692307692307696,0.057692307692307696,0.057692307692307696,0.057692307692307696,0.057692307692307696,0.07352941176470588,0.07352941176470588,0.07352941176470588,0.08823529411764706,0.008620689655172414,0.4,0,0
2771200,0.20392156862745098,0.20392156862745098,0.20392156862745098,0.04697986577181208,0.04697986577181208,0.04697986577181208,0.04697986577181208,0.04697986577181208,0.04697986577181208,0.021897810218978103,0.021897810218978103,0.021897810218978103,0.07531380753138076,0,0.4153846153846154,0,0
2787200,0.19391634980988592,0.19391634980988592,0.19391634980988592,0.09210526315789473,0.09210526315789473,0.09210526315789473,0.09210526315789473,0.09210526315789473,0.09210526315789473,0.0546875,0.0546875,0.0546875,0.08035714285714286,0,0.40816326530612246,0,0
2803200,0.15267175572519084,0.15267175572519084,0.15267175572519084,0.12650602409638553,0.12650602409638553,0.12650602409638553,0.12650602409638553,0.12650602409638553,0.12650602409638553,0.021897810218978103,0.021897810218978103,0.021897810218978103,0.06837606837606838,0,0.4020100502512563,0,0
2819200,0.19494584837545126,0.19494584837545126,0.19494584837545126,0.05263157894736842,0.05263157894736842,0.05263157894736842,0.05263157894736842,0.05263157894736842,0.05263157894736842,0.041379310344827586,0.041379310344827586,0.041379310344827586,0.07373271889400922,0,0.3383084577114428,0,0
2835200,0.19850187265917604,0.19850187265917604,0.19850187265917604,0.1,0.1,0.1,0.1,0.1,0.1,0.07142857142857142,0.07142857142857142,0.07142857142857142,0.06584362139917696,0,0.36180904522613067,0,0
2851200,0.23703703703703705,0.23703703703703705,0.23703703703703705,0.10179640718562874,0.10179640718562874,0.10179640718562874,0.10179640718562874,0.10179640718562874,0.10179640718562874,0.06,0.06,0.06,0.08296943231441048,0,0.3673469387755102,0,0
2867200,0.2028985507246377,0.2028985507246377,0.2028985507246377,0.08888888888888889,0.08888888888888889,0.08888888888888889,0.08888888888888889,0.08888888888888889,0.08888888888888889,0.0547945205479452,0.0547945205479452,0.0547945205479452,0.06437768240343347,0,0.39487179487179486,0,0
2883200,0.22743682310469315,0.22743682310469315,0.22743682310469315,0.0875,0.0875,0.0875,0.0875,0.0875,0.0875,0.05405405405405406,0.05405405405405406,0.05405405405405406,0.08823529411764706,0,0.3333333333333333,0,0
2899200,0.1958041958041958,0.1958041958041958,0.1958041958041958,0.10119047619047619,0.10119047619047619,0.10119047619047619,0.10119047619047619,0.10119047619047619,0.10119047619047619,0.04195804195804196,0.04195804195804196,0.04195804195804196,0.056910569105691054,0,0.36318407960199006,0,0
2915200,0.23049645390070922,0.23049645390070922,0.23049645390070922,0.07142857142857142,0.07142857142857142,0.07142857142857142,0.07142857142857142,0.07142857142857142,0.07142857142857142,0.046357615894039736,0.046357615894039736,0.046357615894039736,0.09170305676855896,0,0.41361256544502617,0,0
2931200,0.2527881040892193,0.2527881040892193,0.2527881040892193,0.10674157303370786,0.10674157303370786,0.10674157303370786,0.10674157303370786,0.10674157303370786,0.10674157303370786,0.028169014084507043,0.028169014084507043,0.028169014084507043,0.06896551724137931,0,0.37244897959183676,0,0
2947200,0.25089605734767023,0.25089605734767023,0.25089605734767023,0.14285714285714285,0.14285714285714285,0.14285714285714285,0.14285714285714285,0.14285714285714285,0.14285714285714285,0.1118421052631579,0.1118421052631579,0.1118421052631579,0.046218487394957986,0,0.3958333333333333,0,0
2963200,0.29310344827586204,0.29310344827586204,0.29310344827586204,0.11931818181818182,0.11931818181818182,0.11931818181818182,0.11931818181818182,0.11931818181818182,0.11931818181818182,0.05263157894736842,0.05263157894736842,0.05263157894736842,0.03162055335968379,0.008130081300813009,0.36180904522613067,0,0
2979200,0.2896551724137931,0.2896551724137931,0.2896551724137931,0.10179640718562874,0.10179640718562874,0.10179640718562874,0.10179640718562874,0.10179640718562874,0.10179640718562874,0.06428571428571428,0.06428571428571428,0.06428571428571428,0.08433734939759036,0,0.42408376963350786,0,0
2995200,0.25,0.25,0.25,0.10119047619047619,0.10119047619047619,0.10119047619047619,0.10119047619047619,0.10119047619047619,0.10119047619047619,0.05517241379310345,0.05517241379310345,0.05517241379310345,0.05106382978723404,0.016129032258064516,0.4739583333333333,0,0
3011200,0.2878787878787879,0.2878787878787879,0.2878787878787879,0.09836065573770492,0.09836065573770492,0.09836065573770492,0.09836065573770492,0.09836065573770492,0.09836065573770492,0.11258278145695365,0.11258278145695365,0.11258278145695365,0.054901960784313725,0.008,0.37628865979381443,0,0
3027200,0.3684210526315789,0.3684210526315789,0.3684210526315789,0.18902439024390244,0.18902439024390244,0.18902439024390244,0.18902439024390244,0.18902439024390244,0.18902439024390244,0.11486486486486487,0.11486486486486487,0.11486486486486487,0.04819277108433735,0,0.37244897959183676,0,0
3043200,0.2669039145907473,0.2669039145907473,0.2669039145907473,0.14634146341463414,0.14634146341463414,0.14634146341463414,0.14634146341463414,0.14634146341463414,0.14634146341463414,0.09032258064516129,0.09032258064516129,0.09032258064516129,0.05925925925925926,0,0.29949238578680204,0,0
3059200,0.4197080291970803,0.4197080291970803,0.4197080291970803,0.11731843575418995,0.11731843575418995,0.11731843575418995,0.11731843575418995,0.11731843575418995,0.11731843575418995,0.08187134502923976,0.08187134502923976,0.08187134502923976,0.06896551724137931,0.015625,0.37305699481865284,0,0
3075200,0.3271375464684015,0.3271375464684015,0.3271375464684015,0.10734463276836158,0.10734463276836158,0.10734463276836158,0.10734463276836158,0.10734463276836158,0.10734463276836158,0.15584415584415584,0.15584415584415584,0.15584415584415584,0.014925373134328358,0,0.42487046632124353,0,0
3091200,0.3272058823529412,0.3272058823529412,0.3272058823529412,0.11242603550295859,0.11242603550295859,0.11242603550295859,0.11242603550295859,0.11242603550295859,0.11242603550295859,0.08208955223880597,0.08208955223880597,0.08208955223880597,0.08745247148288973,0,0.34375,0,0
3107200,0.3285198555956679,0.3285198555956679,0.3285198555956679,0.10614525139664804,0.10614525139664804,0.10614525139664804,0.10614525139664804,0.10614525139664804,0.10614525139664804,0.04929577464788732,0.04929577464788732,0.04929577464788732,0.05747126436781609,0,0.271356783919598,0,0
3123200,0.39114391143911437,0.39114391143911437,0.39114391143911437,0.13432835820895522,0.13432835820895522,0.13432835820895522,0.13432835820895522,0.13432835820895522,0.13432835820895522,0.06622516556291391,0.06622516556291391,0.06622516556291391,0.10276679841897234,0,0.39285714285714285,0,0
3139200,0.40145985401459855,0.40145985401459855,0.40145985401459855,0.10674157303370786,0.10674157303370786,0.10674157303370786,0.10674157303370786,0.10674157303370786,0.10674157303370786,0.0979020979020979,0.0979020979020979,0.0979020979020979,0.13360323886639677,0,0.29533678756476683,0,0
3155200,0.41025641025641024,0.41025641025641024,0.41025641025641024,0.0851063829787234,0.0851063829787234,0.0851063829787234,0.0851063829787234,0.0851063829787234,0.0851063829787234,0.14285714285714285,0.14285714285714285,0.14285714285714285,0.07377049180327869,0,0.2538860103626943,0,0
3171200,0.4254545454545455,0.4254545454545455,0.4254545454545455,0.12972972972972974,0.12972972972972974,0.12972972972972974,0.12972972972972974,0.12972972972972974,0.12972972972972974,0.08053691275167785,0.08053691275167785,0.08053691275167785,0.125,0,0.2923076923076923,0,0
3187200,0.3633217993079585,0.3633217993079585,0.3633217993079585,0.11176470588235295,0.11176470588235295,0.11176470588235295,0.11176470588235295,0.11176470588235295,0.11176470588235295,0.06993006993006994,0.06993006993006994,0.06993006993006994,0.10756972111553785,0.00819672131147541,0.34183673469387754,0,0
3203200,0.31802120141342755,0.31802120141342755,0.31802120141342755,0.1270718232044199,0.1270718232044199,0.1270718232044199,0.1270718232044199,0.1270718232044199,0.1270718232044199,0.1069182389937107,0.1069182389937107,0.1069182389937107,0.1,0,0.34054054054054056,0,0
3219200,0.3948339483394834,0.3948339483394834,0.3948339483394834,0.1708542713567839,0.1708542713567839,0.1708542713567839,0.1708542713567839,0.1708542713567839,0.1708542713567839,0.18404907975460122,0.18404907975460122,0.18404907975460122,0.14107883817427386,0,0.32663316582914576,0,0
3235200,0.34572490706319703,0.34572490706319703,0.34572490706319703,0.13333333333333333,0.13333333333333333,0.13333333333333333,0.13333333333333333,0.13333333333333333,0.13333333333333333,0.12777777777777777,0.12777777777777777,0.12777777777777777,0.13253012048192772,0,0.36180904522613067,0,0
3251200,0.4344569288389513,0.4344569288389513,0.4344569288389513,0.13333333333333333,0.13333333333333333,0.13333333333333333,0.13333333333333333,0.13333333333333333,0.13333333333333333,0.2033898305084746,0.2033898305084746,0.2033898305084746,0.11507936507936507,0,0.358974358974359,0,0
3267200,0.4275092936802974,0.4275092936802974,0.4275092936802974,0.12972972972972974,0.12972972972972974,0.12972972972972974,0.12972972972972974,0.12972972972972974,0.12972972972972974,0.10650887573964497,0.10650887573964497,0.10650887573964497,0.14814814814814814,0,0.3553299492385787,0,0
3283200,0.4412811387900356,0.4412811387900356,0.4412811387900356,0.16042780748663102,0.16042780748663102,0.16042780748663102,0.16042780748663102,0.16042780748663102,0.16042780748663102,0.1524390243902439,0.1524390243902439,0.1524390243902439,0.10810810810810811,0,0.36097560975609755,0,0
3299200,0.4187725631768953,0.4187725631768953,0.4187725631768953,0.1,0.1,0.1,0.1,0.1,0.1,0.1411042944785276,0.1411042944785276,0.1411042944785276,0.13306451612903225,0,0.385,0,0
3315200,0.42379182156133827,0.42379182156133827,0.42379182156133827,0.1388888888888889,0.1388888888888889,0.1388888888888889,0.1388888888888889,0.1388888888888889,0.1388888888888889,0.13953488372093023,0.13953488372093023,0.13953488372093023,0.12653061224489795,0,0.31527093596059114,0,0
3331200,0.45925925925925926,0.45925925925925926,0.45925925925925926,0.10112359550561797,0.10112359550561797,0.10112359550561797,0.10112359550561797,0.10112359550561797,0.10112359550561797,0.2154696132596685,0.2154696132596685,0.2154696132596685,0.1511627906976744,0,0.35323383084577115,0,0
3347200,0.4647887323943662,0.4647887323943662,0.4647887323943662,0.13142857142857142,0.13142857142857142,0.13142857142857142,0.13142857142857142,0.13142857142857142,0.13142857142857142,0.11627906976744186,0.11627906976744186,0.11627906976744186,0.16964285714285715,0,0.38071065989847713,0,0
3363200,0.43478260869565216,0.43478260869565216,0.43478260869565216,0.09395973154362416,0.09395973154362416,0.09395973154362416,0.09395973154362416,0.09395973154362416,0.09395973154362416,0.13068181818181818,0.13068181818181818,0.13068181818181818,0.17842323651452283,0,0.3719806763285024,0,0
3379200,0.375886524822695,0.375886524822695,0.375886524822695,0.13714285714285715,0.13714285714285715,0.13714285714285715,0.13714285714285715,0.13714285714285715,0.13714285714285715,0.13855421686746988,0.13855421686746988,0.13855421686746988,0.19183673469387755,0.008,0.41836734693877553,0,0
3395200,0.4777777777777778,0.4777777777777778,0.4777777777777778,0.1657754010695187,0.1657754010695187,0.1657754010695187,0.1657754010695187,0.1657754010695187,0.1657754010695187,0.1791907514450867,0.1791907514450867,0.1791907514450867,0.2375,0,0.39690721649484534,0,0
3411200,0.467680608365019,0.467680608365019,0.467680608365019,0.14367816091954022,0.14367816091954022,0.14367816091954022,0.14367816091954022,0.14367816091954022,0.14367816091954022,0.15853658536585366,0.15853658536585366,0.15853658536585366,0.2125,0,0.4263959390862944,0,0
3427200,0.45018450184501846,0.45018450184501846,0.45018450184501846,0.1404494382022472,0.1404494382022472,0.1404494382022472,0.1404494382022472,0.1404494382022472,0.1404494382022472,0.1337579617834395,0.1337579617834395,0.1337579617834395,0.2217573221757322,0,0.40932642487046633,0,0
3443200,0.4945054945054945,0.4945054945054945,0.4945054945054945,0.15934065934065933,0.15934065934065933,0.15934065934065933,0.15934065934065933,0.15934065934065933,0.15934065934065933,0.16568047337278108,0.16568047337278108,0.16568047337278108,0.23333333333333334,0,0.3673469387755102,0,0
3459200,0.49280575539568344,0.49280575539568344,0.49280575539568344,0.13142857142857142,0.13142857142857142,0.13142857142857142,0.13142857142857142,0.13142857142857142,0.13142857142857142,0.15337423312883436,0.15337423312883436,0.15337423312883436,0.225531914893617,0,0.3811881188118812,0,0
3475200,0.5111111111111111,0.5111111111111111,0.5111111111111111,0.14507772020725387,0.14507772020725387,0.14507772020725387,0.14507772020725387,0.14507772020725387,0.14507772020725387,0.1951219512195122,0.1951219512195122,0.1951219512195122,0.25210084033613445,0,0.41116751269035534,0,0
3491200,0.5111111111111111,0.5111111111111111,0.5111111111111111,0.20103092783505155,0.20103092783505155,0.20103092783505155,0.20103092783505155,0.20103092783505155,0.20103092783505155,0.15584415584415584,0.15584415584415584,0.15584415584415584,0.2222222222222222,0.007575757575757576,0.39378238341968913,0,0
3507200,0.5836431226765799,0.5836431226765799,0.5836431226765799,0.16568047337278108,0.16568047337278108,0.16568047337278108,0.16568047337278108,0.16568047337278108,0.16568047337278108,0.11643835616438356,0.11643835616438356,0.11643835616438356,0.24390243902439024,0,0.3641025641025641,0,0
3523200,0.5923076923076923,0.5923076923076923,0.5923076923076923,0.18181818181818182,0.18181818181818182,0.18181818181818182,0.18181818181818182,0.18181818181818182,0.18181818181818182,0.14743589743589744,0.14743589743589744,0.14743589743589744,0.2682926829268293,0,0.3627450980392157,0,0
3539200,0.5492424242424242,0.5492424242424242,0.5492424242424242,0.18324607329842932,0.18324607329842932,0.18324607329842932,0.18324607329842932,0.18324607329842932,0.18324607329842932,0.17721518987341772,0.17721518987341772,0.17721518987341772,0.2581967213114754,0,0.41361256544502617,0,0
3555200,0.582089552238806,0.582089552238806,0.582089552238806,0.13612565445026178,0.13612565445026178,0.13612565445026178,0.13612565445026178,0.13612565445026178,0.13612565445026178,0.1342281879194631,0.1342281879194631,0.1342281879194631,0.2689075630252101,0.007518796992481203,0.38190954773869346,0,0
3571200,0.6356589147286822,0.6356589147286822,0.6356589147286822,0.15428571428571428,0.15428571428571428,0.15428571428571428,0.15428571428571428,0.15428571428571428,0.15428571428571428,0.0979020979020979,0.0979020979020979,0.0979020979020979,0.25203252032520324,0.024,0.4032258064516129,0,0
3587200,0.5787545787545788,0.5787545787545788,0.5787545787545788,0.18333333333333332,0.18333333333333332,0.18333333333333332,0.18333333333333332,0.18333333333333332,0.18333333333333332,0.19186046511627908,0.19186046511627908,0.19186046511627908,0.2589641434262948,0,0.35,0,0
3603200,0.6203007518796992,0.6203007518796992,0.6203007518796992,0.15517241379310345,0.15517241379310345,0.15517241379310345,0.15517241379310345,0.15517241379310345,0.15517241379310345,0.18181818181818182,0.18181818181818182,0.18181818181818182,0.3020408163265306,0,0.2562814070351759,0,0
3619200,0.6151079136690647,0.6151079136690647,0.6151079136690647,0.1834319526627219,0.1834319526627219,0.1834319526627219,0.1834319526627219,0.1834319526627219,0.1834319526627219,0.1554054054054054,0.1554054054054054,0.1554054054054054,0.24796747967479674,0,0.3015075376884422,0,0
3635200,0.5709219858156028,0.5709219858156028,0.5709219858156028,0.19895287958115182,0.19895287958115182,0.19895287958115182,0.19895287958115182,0.19895287958115182,0.19895287958115182,0.12582781456953643,0.12582781456953643,0.12582781456953643,0.3305785123966942,0,0.3383084577114428,0,0
3651200,0.6496350364963503,0.6496350364963503,0.6496350364963503,0.13071895424836602,0.13071895424836602,0.13071895424836602,0.13071895424836602,0.13071895424836602,0.13071895424836602,0.2111801242236025,0.2111801242236025,0.2111801242236025,0.2723735408560311,0.008064516129032258,0.30612244897959184,0,0
3667200,0.6223021582733813,0.6223021582733813,0.6223021582733813,0.23404255319148937,0.23404255319148937,0.23404255319148937,0.23404255319148937,0.23404255319148937,0.23404255319148937,0.14705882352941177,0.14705882352941177,0.14705882352941177,0.3130081300813008,0,0.35678391959798994,0,0
3683200,0.6142857142857143,0.6142857142857143,0.6142857142857143,0.2037037037037037,0.2037037037037037,0.2037037037037037,0.2037037037037037,0.2037037037037037,0.2037037037037037,0.1945945945945946,0.1945945945945946,0.1945945945945946,0.22950819672131148,0.01639344262295082,0.3247422680412371,0,0
3699200,0.5963636363636363,0.5963636363636363,0.5963636363636363,0.14857142857142858,0.14857142857142858,0.14857142857142858,0.14857142857142858,0.14857142857142858,0.14857142857142858,0.22404371584699453,0.22404371584699453,0.22404371584699453,0.2931726907630522,0,0.395,0,0
3715200,0.592057761732852,0.592057761732852,0.592057761732852,0.1232876712328767,0.1232876712328767,0.1232876712328767,0.1232876712328767,0.1232876712328767,0.1232876712328767,0.23834196891191708,0.23834196891191708,0.23834196891191708,0.2603305785123967,0.0078125,0.355,0,0
3731200,0.6268656716417911,0.6268656716417911,0.6268656716417911,0.175,0.175,0.175,0.175,0.175,0.175,0.24338624338624337,0.24338624338624337,0.24338624338624337,0.23481781376518218,0,0.36180904522613067,0,0
3747200,0.55,0.55,0.55,0.16759776536312848,0.16759776536312848,0.16759776536312848,0.16759776536312848,0.16759776536312848,0.16759776536312848,0.203125,0.203125,0.203125,0.2839506172839506,0,0.4228855721393035,0,0
3763200,0.6051660516605166,0.6051660516605166,0.6051660516605166,0.20652173913043478,0.20652173913043478,0.20652173913043478,0.20652173913043478,0.20652173913043478,0.20652173913043478,0.25,0.25,0.25,0.24380165289256198,0.008,0.42,0,0
3779200,0.5804195804195804,0.5804195804195804,0.5804195804195804,0.2388888888888889,0.2388888888888889,0.2388888888888889,0.2388888888888889,0.2388888888888889,0.2388888888888889,0.25365853658536586,0.25365853658536586,0.25365853658536586,0.32083333333333336,0,0.34,0,0
3795200,0.6120996441281139,0.6120996441281139,0.6120996441281139,0.17857142857142858,0.17857142857142858,0.17857142857142858,0.17857142857142858,0.17857142857142858,0.17857142857142858,0.1881720430107527,0.1881720430107527,0.1881720430107527,0.244,0,0.35609756097560974,0,0
3811200,0.6568265682656826,0.6568265682656826,0.6568265682656826,0.1411764705882353,0.1411764705882353,0.1411764705882353,0.1411764705882353,0.1411764705882353,0.1411764705882353,0.2594594594594595,0.2594594594594595,0.2594594594594595,0.21862348178137653,0,0.33497536945812806,0,0
3827200,0.6231884057971014,0.6231884057971014,0.6231884057971014,0.24277456647398843,0.24277456647398843,0.24277456647398843,0.24277456647398843,0.24277456647398843,0.24277456647398843,0.25257731958762886,0.25257731958762886,0.25257731958762886,0.2289156626506024,0.007692307692307693,0.36180904522613067,0,0
3843200,0.6151079136690647,0.6151079136690647,0.6151079136690647,0.20348837209302326,0.20348837209302326,0.20348837209302326,0.20348837209302326,0.20348837209302326,0.20348837209302326,0.23863636363636365,0.23863636363636365,0.23863636363636365,0.244,0,0.395,0,0
3859200,0.6431226765799256,0.6431226765799256,0.6431226765799256,0.23076923076923078,0.23076923076923078,0.23076923076923078,0.23076923076923078,0.23076923076923078,0.23076923076923078,0.21164021164021163,0.21164021164021163,0.21164021164021163,0.2791666666666667,0.008,0.32019704433497537,0,0
3875200,0.6513409961685823,0.6513409961685823,0.6513409961685823,0.21052631578947367,0.21052631578947367,0.21052631578947367,0.21052631578947367,0.21052631578947367,0.21052631578947367,0.18128654970760233,0.18128654970760233,0.18128654970760233,0.2948207171314741,0,0.328125,0,0
3891200,0.5978260869565217,0.5978260869565217,0.5978260869565217,0.22598870056497175,0.22598870056497175,0.22598870056497175,0.22598870056497175,0.22598870056497175,0.22598870056497175,0.15384615384615385,0.15384615384615385,0.15384615384615385,0.224,0.008547008547008548,0.3036649214659686,0,0
3907200,0.6870503597122302,0.6870503597122302,0.6870503597122302,0.19375,0.19375,0.19375,0.19375,0.19375,0.19375,0.2328042328042328,0.2328042328042328,0.2328042328042328,0.3386454183266932,0,0.32989690721649484,0,0
3923200,0.6137184115523465,0.6137184115523465,0.6137184115523465,0.19767441860465115,0.19767441860465115,0.19767441860465115,0.19767441860465115,0.19767441860465115,0.19767441860465115,0.2978723404255319,0.2978723404255319,0.2978723404255319,0.2839506172839506,0,0.3,0,0
3939200,0.6199261992619927,0.6199261992619927,0.6199261992619927,0.1592356687898089,0.1592356687898089,0.1592356687898089,0.1592356687898089,0.1592356687898089,0.1592356687898089,0.23497267759562843,0.23497267759562843,0.23497267759562843,0.27058823529411763,0.008928571428571428,0.40404040404040403,0,0
3955200,0.6765799256505576,0.6765799256505576,0.6765799256505576,0.21465968586387435,0.21465968586387435,0.21465968586387435,0.21465968586387435,0.21465968586387435,0.21465968586387435,0.27461139896373055,0.27461139896373055,0.27461139896373055,0.272,0,0.2955665024630542,0,0
3971200,0.6452830188679245,0.6452830188679245,0.6452830188679245,0.20418848167539266,0.20418848167539266,0.20418848167539266,0.20418848167539266,0.20418848167539266,0.20418848167539266,0.2731707317073171,0.2731707317073171,0.2731707317073171,0.2908366533864542,0,0.3604060913705584,0,0
3987200,0.6590909090909091,0.6590909090909091,0.6590909090909091,0.19883040935672514,0.19883040935672514,0.19883040935672514,0.19883040935672514,0.19883040935672514,0.19883040935672514,0.27835051546391754,0.27835051546391754,0.27835051546391754,0.23735408560311283,0,0.3622448979591837,0,0
4003200,0.688212927756654,0.688212927756654,0.688212927756654,0.2393617021276596,0.2393617021276596,0.2393617021276596,0.2393617021276596,0.2393617021276596,0.2393617021276596,0.2131979695431472,0.2131979695431472,0.2131979695431472,0.2845528455284553,0,0.40703517587939697,0,0
4019200,0.6728624535315985,0.6728624535315985,0.6728624535315985,0.2154696132596685,0.2154696132596685,0.2154696132596685,0.2154696132596685,0.2154696132596685,0.2154696132596685,0.24257425742574257,0.24257425742574257,0.24257425742574257,0.27309236947791166,0.007936507936507936,0.3010204081632653,0,0
4035200,0.7432950191570882,0.7432950191570882,0.7432950191570882,0.21666666666666667,0.21666666666666667,0.21666666666666667,0.21666666666666667,0.21666666666666667,0.21666666666666667,0.32286995515695066,0.32286995515695066,0.32286995515695066,0.26171875,0,0.3142857142857143,0,0
4051200,0.6879699248120301,0.6879699248120301,0.6879699248120301,0.26455026455026454,0.26455026455026454,0.26455026455026454,0.26455026455026454,0.26455026455026454,0.26455026455026454,0.2935323383084577,0.2935323383084577,0.2935323383084577,0.250996015936255,0,0.37628865979381443,0,0
4067200,0.6466165413533834,0.6466165413533834,0.6466165413533834,0.23684210526315788,0.23684210526315788,0.23684210526315788,0.23684210526315788,0.23684210526315788,0.23684210526315788,0.29493087557603687,0.29493087557603687,0.29493087557603687,0.2631578947368421,0,0.3415841584158416,0,0
4083200,0.6934306569343066,0.6934306569343066,0.6934306569343066,0.2553191489361702,0.2553191489361702,0.2553191489361702,0.2553191489361702,0.2553191489361702,0.2553191489361702,0.30392156862745096,0.30392156862745096,0.30392156862745096,0.3617886178861789,0,0.38,0,0
4099200,0.7547169811320755,0.7547169811320755,0.7547169811320755,0.18579234972677597,0.18579234972677597,0.18579234972677597,0.18579234972677597,0.18579234972677597,0.18579234972677597,0.27860696517412936,0.27860696517412936,0.27860696517412936,0.3117408906882591,0,0.358974358974359,0,0
4115200,0.676923076923077,0.676923076923077,0.676923076923077,0.23157894736842105,0.23157894736842105,0.23157894736842105,0.23157894736842105,0.23157894736842105,0.23157894736842105,0.3155339805825243,0.3155339805825243,0.3155339805825243,0.28451882845188287,0,0.458128078817734,0,0
4131200,0.7224334600760456,0.7224334600760456,0.7224334600760456,0.30198019801980197,0.30198019801980197,0.30198019801980197,0.30198019801980197,0.30198019801980197,0.30198019801980197,0.2182741116751269,0.2182741116751269,0.2182741116751269,0.272,0,0.42487046632124353,0,0
4147200,0.6640926640926641,0.6640926640926641,0.6640926640926641,0.2512820512820513,0.2512820512820513,0.2512820512820513,0.2512820512820513,0.2512820512820513,0.2512820512820513,0.3089005235602094,0.3089005235602094,0.3089005235602094,0.2768595041322314,0,0.41,0,0
4163200,0.6628787878787878,0.6628787878787878,0.6628787878787878,0.17791411042944785,0.17791411042944785,0.17791411042944785,0.17791411042944785,0.17791411042944785,0.17791411042944785,0.336734693877551,0.336734693877551,0.336734693877551,0.25,0,0.32160804020100503,0,0
4179200,0.64453125,0.64453125,0.64453125,0.16666666666666666,0.16666666666666666,0.16666666666666666,0.16666666666666666,0.16666666666666666,0.16666666666666666,0.3577981651376147,0.3577981651376147,0.3577981651376147,0.2976190476190476,0,0.42857142857142855,0,0
4195200,0.6422764227642277,0.6422764227642277,0.6422764227642277,0.24858757062146894,0.24858757062146894,0.24858757062146894,0.24858757062146894,0.24858757062146894,0.24858757062146894,0.2857142857142857,0.2857142857142857,0.2857142857142857,0.2532188841201717,0.021052631578947368,0.3149171270718232,0,0
4211200,0.6496062992125984,0.6496062992125984,0.6496062992125984,0.23684210526315788,0.23684210526315788,0.23684210526315788,0.23684210526315788,0.23684210526315788,0.23684210526315788,0.2835820895522388,0.2835820895522388,0.2835820895522388,0.23228346456692914,0,0.40096618357487923,0,0
4227200,0.7075098814229249,0.7075098814229249,0.7075098814229249,0.31868131868131866,0.31868131868131866,0.31868131868131866,0.31868131868131866,0.31868131868131866,0.31868131868131866,0.30837004405286345,0.30837004405286345,0.30837004405286345,0.23790322580645162,0,0.38974358974358975,0,0
4243200,0.6756756756756757,0.6756756756756757,0.6756756756756757,0.20359281437125748,0.20359281437125748,0.20359281437125748,0.20359281437125748,0.20359281437125748,0.20359281437125748,0.34951456310679613,0.34951456310679613,0.34951456310679613,0.2441860465116279,0,0.375,0,0
4259200,0.66015625,0.66015625,0.66015625,0.28426395939086296,0.28426395939086296,0.28426395939086296,0.28426395939086296,0.28426395939086296,0.28426395939086296,0.30927835051546393,0.30927835051546393,0.30927835051546393,0.35443037974683544,0,0.458128078817734,0,0
4275200,0.7,0.7,0.7,0.2,0.2,0.2,0.2,0.2,0.2,0.37185929648241206,0.37185929648241206,0.37185929648241206,0.3306122448979592,0,0.365,0,0
4291200,0.7131782945736435,0.7131782945736435,0.7131782945736435,0.30612244897959184,0.30612244897959184,0.30612244897959184,0.30612244897959184,0.30612244897959184,0.30612244897959184,0.3282051282051282,0.3282051282051282,0.3282051282051282,0.2896825396825397,0.043859649122807015,0.3526570048309179,0,0
4307200,0.6806083650190115,0.6806083650190115,0.6806083650190115,0.28426395939086296,0.28426395939086296,0.28426395939086296,0.28426395939086296,0.28426395939086296,0.28426395939086296,0.3350253807106599,0.3350253807106599,0.3350253807106599,0.325,0,0.4077669902912621,0,0
4323200,0.6653846153846154,0.6653846153846154,0.6653846153846154,0.30198019801980197,0.30198019801980197,0.30198019801980197,0.30198019801980197,0.30198019801980197,0.30198019801980197,0.3728813559322034,0.3728813559322034,0.3728813559322034,0.3305785123966942,0.008928571428571428,0.4925373134328358,0,0
4339200,0.6230769230769231,0.6230769230769231,0.6230769230769231,0.27488151658767773,0.27488151658767773,0.27488151658767773,0.27488151658767773,0.27488151658767773,0.27488151658767773,0.3853658536585366,0.3853658536585366,0.3853658536585366,0.32916666666666666,0,0.46,0,0
4355200,0.7072243346007605,0.7072243346007605,0.7072243346007605,0.26666666666666666,0.26666666666666666,0.26666666666666666,0.26666666666666666,0.26666666666666666,0.26666666666666666,0.3835616438356164,0.3835616438356164,0.3835616438356164,0.2857142857142857,0,0.4120603015075377,0,0
4371200,0.6814814814814815,0.6814814814814815,0.6814814814814815,0.2753623188405797,0.2753623188405797,0.2753623188405797,0.2753623188405797,0.2753623188405797,0.2753623188405797,0.45539906103286387,0.45539906103286387,0.45539906103286387,0.32793522267206476,0,0.4271356783919598,0,0
4387200,0.7258687258687259,0.7258687258687259,0.7258687258687259,0.3181818181818182,0.3181818181818182,0.3181818181818182,0.3181818181818182,0.3181818181818182,0.3181818181818182,0.4312796208530806,0.4312796208530806,0.4312796208530806,0.23829787234042554,0,0.4619289340101523,0,0
4403200,0.7309236947791165,0.7309236947791165,0.7309236947791165,0.22580645161290322,0.22580645161290322,0.22580645161290322,0.22580645161290322,0.22580645161290322,0.22580645161290322,0.41148325358851673,0.41148325358851673,0.41148325358851673,0.2874493927125506,0.017857142857142856,0.3641025641025641,0,0
4419200,0.6640926640926641,0.6640926640926641,0.6640926640926641,0.275,0.275,0.275,0.2878787878787879,0.2878787878787879,0.2878787878787879,0.4876847290640394,0.4876847290640394,0.4876847290640394,0.2886178861788618,0,0.3471502590673575,0,0
4435200,0.6765799256505576,0.6765799256505576,0.6765799256505576,0.2268041237113402,0.2268041237113402,0.2268041237113402,0.35051546391752575,0.35051546391752575,0.35051546391752575,0.42786069651741293,0.42786069651741293,0.42786069651741293,0.26422764227642276,0,0.3128205128205128,0,0
4451200,0.7170542635658915,0.7170542635658915,0.7170542635658915,0.2639593908629442,0.2639593908629442,0.2639593908629442,0.3316831683168317,0.3316831683168317,0.3316831683168317,0.4,0.4,0.4,0.2716049382716049,0,0.38578680203045684,0,0
4467200,0.6956521739130435,0.6956521739130435,0.6956521739130435,0.2890995260663507,0.2890995260663507,0.2890995260663507,0.275,0.275,0.275,0.47317073170731705,0.47317073170731705,0.47317073170731705,0.3333333333333333,0,0.37438423645320196,0,0
4483200,0.6627450980392157,0.6627450980392157,0.6627450980392157,0.23737373737373738,0.23737373737373738,0.23737373737373738,0.27586206896551724,0.27586206896551724,0.27586206896551724,0.4396135265700483,0.4396135265700483,0.4396135265700483,0.27310924369747897,0.008849557522123894,0.3487179487179487,0,0
4499200,0.7,0.7,0.7,0.271356783919598,0.271356783919598,0.271356783919598,0.24352331606217617,0.24352331606217617,0.24352331606217617,0.4956521739130435,0.4956521739130435,0.4956521739130435,0.35684647302904565,0,0.3076923076923077,0,0
4515200,0.7262357414448669,0.7262357414448669,0.7262357414448669,0.30319148936170215,0.30319148936170215,0.30319148936170215,0.2548076923076923,0.2548076923076923,0.2548076923076923,0.4954128440366973,0.4954128440366973,0.4954128440366973,0.3090128755364807,0,0.38095238095238093,0,0
4531200,0.6795366795366795,0.6795366795366795,0.6795366795366795,0.3063583815028902,0.3063583815028902,0.3063583815028902,0.35714285714285715,0.35714285714285715,0.35714285714285715,0.4312796208530806,0.4312796208530806,0.4312796208530806,0.30991735537190085,0,0.335,0,0
4547200,0.7518796992481203,0.7518796992481203,0.7518796992481203,0.3072916666666667,0.3072916666666667,0.3072916666666667,0.2569832402234637,0.2569832402234637,0.2569832402234637,0.5458715596330275,0.5458715596330275,0.5458715596330275,0.3050847457627119,0.015873015873015872,0.40512820512820513,0,0
4563200,0.7832699619771863,0.7832699619771863,0.7832699619771863,0.3316582914572864,0.3316582914572864,0.3316582914572864,0.3582887700534759,0.3582887700534759,0.3582887700534759,0.47345132743362833,0.47345132743362833,0.47345132743362833,0.3133047210300429,0,0.40404040404040403,0,0
4579200,0.7611940298507462,0.7611940298507462,0.7611940298507462,0.2978723404255319,0.2978723404255319,0.2978723404255319,0.3387096774193548,0.3387096774193548,0.3387096774193548,0.45662100456621,0.45662100456621,0.45662100456621,0.3080168776371308,0.008695652173913044,0.390625,0,0
4595200,0.769811320754717,0.769811320754717,0.769811320754717,0.287292817679558,0.287292817679558,0.287292817679558,0.33962264150943394,0.33962264150943394,0.33962264150943394,0.504424778761062,0.504424778761062,0.504424778761062,0.3728813559322034,0.007874015748031496,0.40298507462686567,0,0
4611200,0.7900763358778626,0.7900763358778626,0.7900763358778626,0.2808988764044944,0.2808988764044944,0.2808988764044944,0.30917874396135264,0.30917874396135264,0.30917874396135264,0.4675925925925926,0.4675925925925926,0.4675925925925926,0.3333333333333333,0.01694915254237288,0.4381443298969072,0,0
4627200,0.7519685039370079,0.7519685039370079,0.7519685039370079,0.32142857142857145,0.32142857142857145,0.32142857142857145,0.24742268041237114,0.24742268041237114,0.24742268041237114,0.48,0.48,0.48,0.2851063829787234,0.024793388429752067,0.41836734693877553,0,0
4643200,0.7669172932330827,0.7669172932330827,0.7669172932330827,0.345,0.345,0.345,0.3248730964467005,0.3248730964467005,0.3248730964467005,0.5233644859813084,0.5233644859813084,0.5233644859813084,0.31666666666666665,0.024793388429752067,0.36548223350253806,0,0
4659200,0.774074074074074,0.774074074074074,0.774074074074074,0.3018867924528302,0.3018867924528302,0.3018867924528302,0.43891402714932126,0.43891402714932126,0.43891402714932126,0.44907407407407407,0.44907407407407407,0.44907407407407407,0.3170731707317073,0.00847457627118644,0.37745098039215685,0,0
4675200,0.8223938223938224,0.8223938223938224,0.8223938223938224,0.24880382775119617,0.24880382775119617,0.24880382775119617,0.39378238341968913,0.39378238341968913,0.39378238341968913,0.555045871559633,0.555045871559633,0.555045871559633,0.34146341463414637,0,0.35467980295566504,0,0
4691200,0.7360594795539034,0.7360594795539034,0.7360594795539034,0.3482142857142857,0.3482142857142857,0.3482142857142857,0.32222222222222224,0.32222222222222224,0.32222222222222224,0.5106382978723404,0.5106382978723404,0.5106382978723404,0.2974137931034483,0.00819672131147541,0.35678391959798994,0,0
4707200,0.7537878787878788,0.7537878787878788,0.7537878787878788,0.3333333333333333,0.3333333333333333,0.3333333333333333,0.29891304347826086,0.29891304347826086,0.29891304347826086,0.5,0.5,0.5,0.29045643153526973,0.007936507936507936,0.33,0,0
4723200,0.8282442748091603,0.8282442748091603,0.8282442748091603,0.31216931216931215,0.31216931216931215,0.31216931216931215,0.34347826086956523,0.34347826086956523,0.34347826086956523,0.5384615384615384,0.5384615384615384,0.5384615384615384,0.30434782608695654,0.008403361344537815,0.36180904522613067,0,0
4739200,0.803088803088803,0.803088803088803,0.803088803088803,0.3967391304347826,0.3967391304347826,0.3967391304347826,0.37719298245614036,0.37719298245614036,0.37719298245614036,0.5265306122448979,0.5265306122448979,0.5265306122448979,0.34934497816593885,0,0.3333333333333333,0,0
4755200,0.8060836501901141,0.8060836501901141,0.8060836501901141,0.3443396226415094,0.3443396226415094,0.3443396226415094,0.3456221198156682,0.3456221198156682,0.3456221198156682,0.632183908045977,0.632183908045977,0.632183908045977,0.3236514522821577,0,0.32663316582914576,0,0
4771200,0.7946768060836502,0.7946768060836502,0.7946768060836502,0.3717277486910995,0.3717277486910995,0.3717277486910995,0.4195121951219512,0.4195121951219512,0.4195121951219512,0.602996254681648,0.602996254681648,0.602996254681648,0.31063829787234043,0,0.3088235294117647,0,0
4787200,0.7075098814229249,0.7075098814229249,0.7075098814229249,0.29444444444444445,0.29444444444444445,0.29444444444444445,0.35751295336787564,0.35751295336787564,0.35751295336787564,0.596078431372549,0.596078431372549,0.596078431372549,0.3512396694214876,0,0.3349282296650718,0,0
4803200,0.772,0.772,0.772,0.3602150537634409,0.3602150537634409,0.3602150537634409,0.3380952380952381,0.3380952380952381,0.3380952380952381,0.6136363636363636,0.6136363636363636,0.6136363636363636,0.39655172413793105,0,0.3058252427184466,0,0
4819200,0.8217054263565892,0.8217054263565892,0.8217054263565892,0.3314285714285714,0.3314285714285714,0.3314285714285714,0.3333333333333333,0.3333333333333333,0.3333333333333333,0.5674603174603174,0.5674603174603174,0.5674603174603174,0.49137931034482757,0,0.3811881188118812,0,0
4835200,0.8031496062992126,0.8031496062992126,0.8031496062992126,0.33519553072625696,0.33519553072625696,0.33519553072625696,0.42410714285714285,0.42410714285714285,0.42410714285714285,0.553030303030303,0.553030303030303,0.553030303030303,0.37280701754385964,0,0.46,0,0
4851200,0.7115384615384616,0.7115384615384616,0.7115384615384616,0.3802083333333333,0.3802083333333333,0.3802083333333333,0.4036697247706422,0.4036697247706422,0.4036697247706422,0.5632183908045977,0.5632183908045977,0.5632183908045977,0.38235294117647056,0,0.4321608040201005,0,0
4867200,0.78125,0.78125,0.78125,0.4105263157894737,0.4105263157894737,0.4105263157894737,0.4170403587443946,0.4170403587443946,0.4170403587443946,0.5542635658914729,0.5542635658914729,0.5542635658914729,0.3524229074889868,0,0.37373737373737376,0,0
4883200,0.7683397683397684,0.7683397683397684,0.7683397683397684,0.42021276595744683,0.42021276595744683,0.42021276595744683,0.37073170731707317,0.37073170731707317,0.37073170731707317,0.568,0.568,0.568,0.36363636363636365,0.035398230088495575,0.4484536082474227,0,0
4899200,0.75,0.75,0.75,0.3645320197044335,0.3645320197044335,0.3645320197044335,0.3739130434782609,0.3739130434782609,0.3739130434782609,0.5801526717557252,0.5801526717557252,0.5801526717557252,0.3807531380753138,0,0.38349514563106796,0,0
4915200,0.7613636363636364,0.7613636363636364,0.7613636363636364,0.35602094240837695,0.35602094240837695,0.35602094240837695,0.37037037037037035,0.37037037037037035,0.37037037037037035,0.6475095785440613,0.6475095785440613,0.6475095785440613,0.4,0,0.39487179487179486,0,0
4931200,0.7940074906367042,0.7940074906367042,0.7940074906367042,0.34285714285714286,0.34285714285714286,0.34285714285714286,0.35023041474654376,0.35023041474654376,0.35023041474654376,0.5603112840466926,0.5603112840466926,0.5603112840466926,0.3939393939393939,0.017241379310344827,0.44554455445544555,0,0
4947200,0.8544061302681992,0.8544061302681992,0.8544061302681992,0.3694581280788177,0.3694581280788177,0.3694581280788177,0.4246575342465753,0.4246575342465753,0.4246575342465753,0.6068702290076335,0.6068702290076335,0.6068702290076335,0.326271186440678,0.018018018018018018,0.3793103448275862,0,0
4963200,0.793233082706767,0.793233082706767,0.793233082706767,0.4117647058823529,0.4117647058823529,0.4117647058823529,0.4253393665158371,0.4253393665158371,0.4253393665158371,0.5934065934065934,0.5934065934065934,0.5934065934065934,0.3459915611814346,0,0.3811881188118812,0,0
4979200,0.7868217054263565,0.7868217054263565,0.7868217054263565,0.37799043062200954,0.37799043062200954,0.37799043062200954,0.4079601990049751,0.4079601990049751,0.4079601990049751,0.5833333333333334,0.5833333333333334,0.5833333333333334,0.39662447257383965,0.016129032258064516,0.3349282296650718,0,0
4995200,0.7840909090909091,0.7840909090909091,0.7840909090909091,0.4075829383886256,0.4075829383886256,0.4075829383886256,0.3781094527363184,0.3781094527363184,0.3781094527363184,0.6194331983805668,0.6194331983805668,0.6194331983805668,0.3138075313807531,0,0.37055837563451777,0,0
5011200,0.8084291187739464,0.8084291187739464,0.8084291187739464,0.3230769230769231,0.3230769230769231,0.3230769230769231,0.4107142857142857,0.4107142857142857,0.4107142857142857,0.6190476190476191,0.6190476190476191,0.6190476190476191,0.3076923076923077,0.027522935779816515,0.3520408163265306,0,0
5027200,0.7827715355805244,0.7827715355805244,0.7827715355805244,0.3515981735159817,0.3515981735159817,0.3515981735159817,0.43478260869565216,0.43478260869565216,0.43478260869565216,0.5317460317460317,0.5317460317460317,0.5317460317460317,0.3,0.007692307692307693,0.39285714285714285,0,0
5043200,0.78125,0.78125,0.78125,0.3285024154589372,0.3285024154589372,0.3285024154589372,0.41624365482233505,0.41624365482233505,0.41624365482233505,0.6048387096774194,0.6048387096774194,0.6048387096774194,0.38461538461538464,0.01639344262295082,0.44387755102040816,0,0
5059200,0.8150943396226416,0.8150943396226416,0.8150943396226416,0.3476190476190476,0.3476190476190476,0.3476190476190476,0.416289592760181,0.416289592760181,0.416289592760181,0.6171875,0.6171875,0.6171875,0.3898305084745763,0,0.42408376963350786,0,0
5075200,0.7955390334572491,0.7955390334572491,0.7955390334572491,0.375,0.375,0.375,0.375,0.375,0.375,0.626984126984127,0.626984126984127,0.626984126984127,0.33905579399141633,0,0.38578680203045684,0,0
5091200,0.8134328358208955,0.8134328358208955,0.8134328358208955,0.36363636363636365,0.36363636363636365,0.36363636363636365,0.47761194029850745,0.47761194029850745,0.47761194029850745,0.6150793650793651,0.6150793650793651,0.6150793650793651,0.3021276595744681,0,0.41836734693877553,0,0
5107200,0.8007518796992481,0.8007518796992481,0.8007518796992481,0.29743589743589743,0.29743589743589743,0.29743589743589743,0.41743119266055045,0.41743119266055045,0.41743119266055045,0.6,0.6,0.6,0.3855932203389831,0.024,0.37305699481865284,0,0
5123200,0.8007662835249042,0.8007662835249042,0.8007662835249042,0.375,0.375,0.375,0.34574468085106386,0.34574468085106386,0.34574468085106386,0.576,0.576,0.576,0.41452991452991456,0,0.4020100502512563,0,0
5139200,0.8165467625899281,0.8165467625899281,0.8165467625899281,0.42788461538461536,0.42788461538461536,0.42788461538461536,0.35714285714285715,0.35714285714285715,0.35714285714285715,0.6115384615384616,0.6115384615384616,0.6115384615384616,0.36554621848739494,0,0.42424242424242425,0,0
5155200,0.8157894736842105,0.8157894736842105,0.8157894736842105,0.3627450980392157,0.3627450980392157,0.3627450980392157,0.3711340206185567,0.3711340206185567,0.3711340206185567,0.5826771653543307,0.5826771653543307,0.5826771653543307,0.4051724137931034,0,0.4293193717277487,0,0
5171200,0.8014981273408239,0.8014981273408239,0.8014981273408239,0.35436893203883496,0.35436893203883496,0.35436893203883496,0.39593908629441626,0.39593908629441626,0.39593908629441626,0.6539923954372624,0.6539923954372624,0.6539923954372624,0.36929460580912865,0,0.3681592039800995,0,0
5187200,0.8029739776951673,0.8029739776951673,0.8029739776951673,0.40669856459330145,0.40669856459330145,0.40669856459330145,0.5137614678899083,0.5137614678899083,0.5137614678899083,0.6268656716417911,0.6268656716417911,0.6268656716417911,0.4017857142857143,0,0.3622448979591837,0,0
5203200,0.7881040892193308,0.7881040892193308,0.7881040892193308,0.4063926940639269,0.4063926940639269,0.4063926940639269,0.511520737327189,0.511520737327189,0.511520737327189,0.6169354838709677,0.6169354838709677,0.6169354838709677,0.4018264840182648,0,0.4362745098039216,0,0
5219200,0.8421052631578947,0.8421052631578947,0.8421052631578947,0.42424242424242425,0.42424242424242425,0.42424242424242425,0.4957627118644068,0.4957627118644068,0.4957627118644068,0.6178861788617886,0.6178861788617886,0.6178861788617886,0.37606837606837606,0,0.45408163265306123,0,0
5235200,0.8029739776951673,0.8029739776951673,0.8029739776951673,0.46078431372549017,0.46078431372549017,0.46078431372549017,0.5,0.5,0.5,0.6653992395437263,0.6653992395437263,0.6653992395437263,0.4266666666666667,0,0.3604060913705584,0,0
5251200,0.822463768115942,0.822463768115942,0.822463768115942,0.4146341463414634,0.4146341463414634,0.4146341463414634,0.4666666666666667,0.4666666666666667,0.4666666666666667,0.6118143459915611,0.6118143459915611,0.6118143459915611,0.42127659574468085,0,0.4467005076142132,0,0
5267200,0.8044280442804428,0.8044280442804428,0.8044280442804428,0.4626865671641791,0.4626865671641791,0.4626865671641791,0.45622119815668205,0.45622119815668205,0.45622119815668205,0.6790123456790124,0.6790123456790124,0.6790123456790124,0.44206008583690987,0.007575757575757576,0.4030612244897959,0,0
5283200,0.7680608365019012,0.7680608365019012,0.7680608365019012,0.4504950495049505,0.4504950495049505,0.4504950495049505,0.5023923444976076,0.5023923444976076,0.5023923444976076,0.69140625,0.69140625,0.69140625,0.47577092511013214,0,0.5051020408163265,0,0
5299200,0.7840909090909091,0.7840909090909091,0.7840909090909091,0.4298642533936652,0.4298642533936652,0.4298642533936652,0.46534653465346537,0.46534653465346537,0.46534653465346537,0.7131474103585658,0.7131474103585658,0.7131474103585658,0.3739495798319328,0,0.3744075829383886,0,0
5315200,0.8352059925093633,0.8352059925093633,0.8352059925093633,0.4245810055865922,0.4245810055865922,0.4245810055865922,0.46601941747572817,0.46601941747572817,0.46601941747572817,0.632,0.632,0.632,0.4585152838427948,0,0.4387755102040816,0,0
5331200,0.8111111111111111,0.8111111111111111,0.8111111111111111,0.4461538461538462,0.4461538461538462,0.4461538461538462,0.49282296650717705,0.49282296650717705,0.49282296650717705,0.6370967741935484,0.6370967741935484,0.6370967741935484,0.42127659574468085,0,0.47715736040609136,0,0
5347200,0.762962962962963,0.762962962962963,0.762962962962963,0.46766169154228854,0.46766169154228854,0.46766169154228854,0.4362745098039216,0.4362745098039216,0.4362745098039216,0.6748971193415638,0.6748971193415638,0.6748971193415638,0.405982905982906,0.0078125,0.417910447761194,0,0
5363200,0.8037735849056604,0.8037735849056604,0.8037735849056604,0.44660194174757284,0.44660194174757284,0.44660194174757284,0.42786069651741293,0.42786069651741293,0.42786069651741293,0.6532258064516129,0.6532258064516129,0.6532258064516129,0.4652173913043478,0.007042253521126761,0.3910891089108911,0,0
5379200,0.8145454545454546,0.8145454545454546,0.8145454545454546,0.39805825242718446,0.39805825242718446,0.39805825242718446,0.543859649122807,0.543859649122807,0.543859649122807,0.6390041493775933,0.6390041493775933,0.6390041493775933,0.43171806167400884,0,0.41,0,0
5395200,0.7781818181818182,0.7781818181818182,0.7781818181818182,0.4511627906976744,0.4511627906976744,0.4511627906976744,0.5843621399176955,0.5843621399176955,0.5843621399176955,0.61003861003861,0.61003861003861,0.61003861003861,0.4430379746835443,0.013333333333333334,0.43283582089552236,0,0
5411200,0.7508896797153025,0.7508896797153025,0.7508896797153025,0.5,0.5,0.5,0.5355648535564853,0.5355648535564853,0.5355648535564853,0.6224066390041494,0.6224066390041494,0.6224066390041494,0.41304347826086957,0.015625,0.45989304812834225,0,0
5427200,0.7821428571428571,0.7821428571428571,0.7821428571428571,0.44954128440366975,0.44954128440366975,0.44954128440366975,0.5148936170212766,0.5148936170212766,0.5148936170212766,0.6732283464566929,0.6732283464566929,0.6732283464566929,0.4222222222222222,0,0.49222797927461137,0,0
5443200,0.7904411764705882,0.7904411764705882,0.7904411764705882,0.463768115942029,0.463768115942029,0.463768115942029,0.4786729857819905,0.4786729857819905,0.4786729857819905,0.6097560975609756,0.6097560975609756,0.6097560975609756,0.4008810572687225,0,0.39896373056994816,0,0
5459200,0.7925925925925926,0.7925925925925926,0.7925925925925926,0.5110132158590308,0.5110132158590308,0.5110132158590308,0.5654008438818565,0.5654008438818565,0.5654008438818565,0.628099173553719,0.628099173553719,0.628099173553719,0.3782608695652174,0.007692307692307693,0.45,0,0
5475200,0.8158844765342961,0.8158844765342961,0.8158844765342961,0.4727272727272727,0.4727272727272727,0.4727272727272727,0.49056603773584906,0.49056603773584906,0.49056603773584906,0.5708333333333333,0.5708333333333333,0.5708333333333333,0.4199134199134199,0.016,0.49222797927461137,0,0
5491200,0.7773722627737226,0.7773722627737226,0.7773722627737226,0.5103734439834025,0.5103734439834025,0.5103734439834025,0.5622119815668203,0.5622119815668203,0.5622119815668203,0.6174242424242424,0.6174242424242424,0.6174242424242424,0.4342105263157895,0.015625,0.41919191919191917,0,0
5507200,0.8043478260869565,0.8043478260869565,0.8043478260869565,0.5258215962441315,0.5258215962441315,0.5258215962441315,0.5263157894736842,0.5263157894736842,0.5263157894736842,0.6577946768060836,0.6577946768060836,0.6577946768060836,0.4482758620689655,0,0.4623115577889447,0,0
5523200,0.8051470588235294,0.8051470588235294,0.8051470588235294,0.5113122171945701,0.5113122171945701,0.5113122171945701,0.5948275862068966,0.5948275862068966,0.5948275862068966,0.6423076923076924,0.6423076923076924,0.6423076923076924,0.3782608695652174,0.015503875968992248,0.417910447761194,0,0
5539200,0.7777777777777778,0.7777777777777778,0.7777777777777778,0.46938775510204084,0.46938775510204084,0.46938775510204084,0.5151515151515151,0.5151515151515151,0.5151515151515151,0.6654545454545454,0.6654545454545454,0.6654545454545454,0.4051724137931034,0.008130081300813009,0.3838383838383838,0,0
5555200,0.7781954887218046,0.7781954887218046,0.7781954887218046,0.49282296650717705,0.49282296650717705,0.49282296650717705,0.5342465753424658,0.5342465753424658,0.5342465753424658,0.6580882352941176,0.6580882352941176,0.6580882352941176,0.39148936170212767,0.030534351145038167,0.4375,0,0
5571200,0.7913669064748201,0.7913669064748201,0.7913669064748201,0.5622119815668203,0.5622119815668203,0.5622119815668203,0.509009009009009,0.509009009009009,0.509009009009009,0.6206896551724138,0.6206896551724138,0.6206896551724138,0.4080717488789238,0.007874015748031496,0.44919786096256686,0,0
5587200,0.7777777777777778,0.7777777777777778,0.7777777777777778,0.5112107623318386,0.5112107623318386,0.5112107623318386,0.55,0.55,0.55,0.6642857142857143,0.6642857142857143,0.6642857142857143,0.3905579399141631,0,0.3838383838383838,0,0
5603200,0.7095588235294118,0.7095588235294118,0.7095588235294118,0.47761194029850745,0.47761194029850745,0.47761194029850745,0.5278969957081545,0.5278969957081545,0.5278969957081545,0.62890625,0.62890625,0.62890625,0.3593073593073593,0.006666666666666667,0.425,0,0
5619200,0.7619047619047619,0.7619047619047619,0.7619047619047619,0.5095238095238095,0.5095238095238095,0.5095238095238095,0.6196581196581197,0.6196581196581197,0.6196581196581197,0.616600790513834,0.616600790513834,0.616600790513834,0.3333333333333333,0.007633587786259542,0.4020618556701031,0,0
5635200,0.7296296296296296,0.7296296296296296,0.7296296296296296,0.48497854077253216,0.48497854077253216,0.48497854077253216,0.5695652173913044,0.5695652173913044,0.5695652173913044,0.6728624535315985,0.6728624535315985,0.6728624535315985,0.4325581395348837,0,0.3880597014925373,0,0
5651200,0.7564575645756457,0.7564575645756457,0.7564575645756457,0.4759825327510917,0.4759825327510917,0.4759825327510917,0.5431034482758621,0.5431034482758621,0.5431034482758621,0.6690909090909091,0.6690909090909091,0.6690909090909091,0.4369369369369369,0.007751937984496124,0.41262135922330095,0,0
5667200,0.7735849056603774,0.7735849056603774,0.7735849056603774,0.4888888888888889,0.4888888888888889,0.4888888888888889,0.5110132158590308,0.5110132158590308,0.5110132158590308,0.6619217081850534,0.6619217081850534,0.6619217081850534,0.4,0.007751937984496124,0.4263959390862944,0,0
5683200,0.7279411764705882,0.7279411764705882,0.7279411764705882,0.5495867768595041,0.5495867768595041,0.5495867768595041,0.5117370892018779,0.5117370892018779,0.5117370892018779,0.6641221374045801,0.6641221374045801,0.6641221374045801,0.4017467248908297,0.015384615384615385,0.36683417085427134,0,0
5699200,0.6966292134831461,0.6966292134831461,0.6966292134831461,0.5089285714285714,0.5089285714285714,0.5089285714285714,0.6527196652719666,0.6527196652719666,0.6527196652719666,0.6617647058823529,0.6617647058823529,0.6617647058823529,0.42735042735042733,0.016260162601626018,0.4166666666666667,0,0
5715200,0.722007722007722,0.722007722007722,0.722007722007722,0.47596153846153844,0.47596153846153844,0.47596153846153844,0.6228813559322034,0.6228813559322034,0.6228813559322034,0.6554307116104869,0.6554307116104869,0.6554307116104869,0.4127659574468085,0.007751937984496124,0.413265306122449,0,0
5731200,0.7078651685393258,0.7078651685393258,0.7078651685393258,0.5135135135135135,0.5135135135135135,0.5135135135135135,0.5223214285714286,0.5223214285714286,0.5223214285714286,0.6717557251908397,0.6717557251908397,0.6717557251908397,0.47391304347826085,0.007874015748031496,0.47619047619047616,0,0
5747200,0.7153558052434457,0.7153558052434457,0.7153558052434457,0.5148936170212766,0.5148936170212766,0.5148936170212766,0.5414847161572053,0.5414847161572053,0.5414847161572053,0.6653992395437263,0.6653992395437263,0.6653992395437263,0.4434782608695652,0,0.44387755102040816,0,0
5763200,0.7586206896551724,0.7586206896551724,0.7586206896551724,0.5787037037037037,0.5787037037037037,0.5787037037037037,0.47619047619047616,0.47619047619047616,0.47619047619047616,0.7131474103585658,0.7131474103585658,0.7131474103585658,0.4692982456140351,0.007575757575757576,0.418848167539267,0,0
5779200,0.7653846153846153,0.7653846153846153,0.7653846153846153,0.5137614678899083,0.5137614678899083,0.5137614678899083,0.5333333333333333,0.5333333333333333,0.5333333333333333,0.6752767527675276,0.6752767527675276,0.6752767527675276,0.4782608695652174,0.023076923076923078,0.5105263157894737,0,0
5795200,0.6961538461538461,0.6961538461538461,0.6961538461538461,0.5614035087719298,0.5614035087719298,0.5614035087719298,0.5022421524663677,0.5022421524663677,0.5022421524663677,0.6728624535315985,0.6728624535315985,0.6728624535315985,0.4711111111111111,0.022727272727272728,0.4842105263157895,0,0
5811200,0.7472118959107806,0.7472118959107806,0.7472118959107806,0.5619834710743802,0.5619834710743802,0.5619834710743802,0.5609756097560976,0.5609756097560976,0.5609756097560976,0.6138996138996139,0.6138996138996139,0.6138996138996139,0.45652173913043476,0.038461538461538464,0.4619289340101523,0,0
5827200,0.7378277153558053,0.7378277153558053,0.7378277153558053,0.5764192139737991,0.5764192139737991,0.5764192139737991,0.5683760683760684,0.5683760683760684,0.5683760683760684,0.6579925650557621,0.6579925650557621,0.6579925650557621,0.4703196347031963,0.013986013986013986,0.4793814432989691,0,0
5843200,0.7153558052434457,0.7153558052434457,0.7153558052434457,0.5458333333333333,0.5458333333333333,0.5458333333333333,0.5301724137931034,0.5301724137931034,0.5301724137931034,0.7137546468401487,0.7137546468401487,0.7137546468401487,0.4247787610619469,0.014388489208633094,0.44385026737967914,0,0
5859200,0.6981818181818182,0.6981818181818182,0.6981818181818182,0.5732217573221757,0.5732217573221757,0.5732217573221757,0.5391304347826087,0.5391304347826087,0.5391304347826087,0.65234375,0.65234375,0.65234375,0.4533333333333333,0.029411764705882353,0.4473684210526316,0,0
5875200,0.7378277153558053,0.7378277153558053,0.7378277153558053,0.6627450980392157,0.6627450980392157,0.6627450980392157,0.5772727272727273,0.5772727272727273,0.5772727272727273,0.7111111111111111,0.7111111111111111,0.7111111111111111,0.42857142857142855,0.007575757575757576,0.5129533678756477,0,0
5891200,0.7378277153558053,0.7378277153558053,0.7378277153558053,0.5975103734439834,0.5975103734439834,0.5975103734439834,0.5782608695652174,0.5782608695652174,0.5782608695652174,0.7132352941176471,0.7132352941176471,0.7132352941176471,0.46017699115044247,0.006993006993006993,0.47474747474747475,0,0
5907200,0.7593984962406015,0.7593984962406015,0.7593984962406015,0.6153846153846154,0.6153846153846154,0.6153846153846154,0.5900900900900901,0.5900900900900901,0.5900900900900901,0.6766917293233082,0.6766917293233082,0.6766917293233082,0.4476987447698745,0.007633587786259542,0.5,0,0
5923200,0.7769516728624535,0.7769516728624535,0.7769516728624535,0.5175438596491229,0.5175438596491229,0.5175438596491229,0.6108597285067874,0.6108597285067874,0.6108597285067874,0.6486486486486487,0.6486486486486487,0.6486486486486487,0.4104803493449782,0.020134228187919462,0.45077720207253885,0,0
5939200,0.7509433962264151,0.7509433962264151,0.7509433962264151,0.521551724137931,0.521551724137931,0.521551724137931,0.6278026905829597,0.6278026905829597,0.6278026905829597,0.6616541353383458,0.6616541353383458,0.6616541353383458,0.42035398230088494,0.03007518796992481,0.453125,0,0
5955200,0.8,0.8,0.8,0.484304932735426,0.484304932735426,0.484304932735426,0.5991379310344828,0.5991379310344828,0.5991379310344828,0.6218181818181818,0.6218181818181818,0.6218181818181818,0.3723849372384937,0.030303030303030304,0.41414141414141414,0,0
5971200,0.821969696969697,0.821969696969697,0.821969696969697,0.5045045045045045,0.5045045045045045,0.5045045045045045,0.6103286384976526,0.6103286384976526,0.6103286384976526,0.6956521739130435,0.6956521739130435,0.6956521739130435,0.42358078602620086,0.007692307692307693,0.5078534031413613,0,0
5987200,0.7715355805243446,0.7715355805243446,0.7715355805243446,0.5132743362831859,0.5132743362831859,0.5132743362831859,0.6311475409836066,0.6311475409836066,0.6311475409836066,0.642023346303502,0.642023346303502,0.642023346303502,0.3805309734513274,0.041666666666666664,0.5025641025641026,0,0
6003200,0.7723880597014925,0.7723880597014925,0.7723880597014925,0.5840336134453782,0.5840336134453782,0.5840336134453782,0.625,0.625,0.625,0.650375939849624,0.650375939849624,0.650375939849624,0.39914163090128757,0.05,0.48947368421052634,0,0
6019200,0.8045112781954887,0.8045112781954887,0.8045112781954887,0.5570175438596491,0.5570175438596491,0.5570175438596491,0.6708860759493671,0.6708860759493671,0.6708860759493671,0.7261904761904762,0.7261904761904762,0.7261904761904762,0.3794642857142857,0.09929078014184398,0.5,0,0
6035200,0.7904411764705882,0.7904411764705882,0.7904411764705882,0.5833333333333334,0.5833333333333334,0.5833333333333334,0.6473214285714286,0.6473214285714286,0.6473214285714286,0.632183908045977,0.632183908045977,0.632183908045977,0.5,0.007575757575757576,0.48186528497409326,0,0
6051200,0.7752808988764045,0.7752808988764045,0.7752808988764045,0.5067264573991032,0.5067264573991032,0.5067264573991032,0.5948275862068966,0.5948275862068966,0.5948275862068966,0.6844106463878327,0.6844106463878327,0.6844106463878327,0.3793103448275862,0.043478260869565216,0.5373134328358209,0,0
6067200,0.7490636704119851,0.7490636704119851,0.7490636704119851,0.5491071428571429,0.5491071428571429,0.5491071428571429,0.6025641025641025,0.6025641025641025,0.6025641025641025,0.65625,0.65625,0.65625,0.43043478260869567,0.04878048780487805,0.44554455445544555,0,0
6083200,0.7689530685920578,0.7689530685920578,0.7689530685920578,0.49523809523809526,0.49523809523809526,0.49523809523809526,0.6563876651982379,0.6563876651982379,0.6563876651982379,0.6914498141263941,0.6914498141263941,0.6914498141263941,0.3684210526315789,0.03759398496240601,0.5051546391752577,0,0
6099200,0.7835820895522388,0.7835820895522388,0.7835820895522388,0.5409090909090909,0.5409090909090909,0.5409090909090909,0.6458333333333334,0.6458333333333334,0.6458333333333334,0.6360153256704981,0.6360153256704981,0.6360153256704981,0.3686440677966102,0.045454545454545456,0.546875,0,0
6115200,0.7854406130268199,0.7854406130268199,0.7854406130268199,0.5560538116591929,0.5560538116591929,0.5560538116591929,0.5972850678733032,0.5972850678733032,0.5972850678733032,0.6811023622047244,0.6811023622047244,0.6811023622047244,0.36796536796536794,0.03676470588235294,0.45685279187817257,0,0
6131200,0.806949806949807,0.806949806949807,0.806949806949807,0.5260663507109005,0.5260663507109005,0.5260663507109005,0.5708502024291497,0.5708502024291497,0.5708502024291497,0.6925925925925925,0.6925925925925925,0.6925925925925925,0.3963963963963964,0.024193548387096774,0.4494949494949495,0,0
6147200,0.7707509881422925,0.7707509881422925,0.7707509881422925,0.592964824120603,0.592964824120603,0.592964824120603,0.644,0.644,0.644,0.6428571428571429,0.6428571428571429,0.6428571428571429,0.3717948717948718,0.03676470588235294,0.48756218905472637,0,0
6163200,0.752895752895753,0.752895752895753,0.752895752895753,0.5045454545454545,0.5045454545454545,0.5045454545454545,0.5614035087719298,0.5614035087719298,0.5614035087719298,0.5752895752895753,0.5752895752895753,0.5752895752895753,0.46120689655172414,0.048,0.5729166666666666,0,0
6179200,0.749034749034749,0.749034749034749,0.749034749034749,0.5482456140350878,0.5482456140350878,0.5482456140350878,0.5111111111111111,0.5111111111111111,0.5111111111111111,0.5703422053231939,0.5703422053231939,0.5703422053231939,0.43243243243243246,0.07352941176470588,0.5477386934673367,0,0
6195200,0.7453183520599251,0.7453183520599251,0.7453183520599251,0.6228813559322034,0.6228813559322034,0.6228813559322034,0.5420560747663551,0.5420560747663551,0.5420560747663551,0.6525096525096525,0.6525096525096525,0.6525096525096525,0.41025641025641024,0.06428571428571428,0.45410628019323673,0,0
6211200,0.7859922178988327,0.7859922178988327,0.7859922178988327,0.6068376068376068,0.6068376068376068,0.6068376068376068,0.6118143459915611,0.6118143459915611,0.6118143459915611,0.6486486486486487,0.6486486486486487,0.6486486486486487,0.4125560538116592,0.06976744186046512,0.45918367346938777,0,0
6227200,0.7578125,0.7578125,0.7578125,0.6120689655172413,0.6120689655172413,0.6120689655172413,0.5683760683760684,0.5683760683760684,0.5683760683760684,0.5576923076923077,0.5576923076923077,0.5576923076923077,0.4304932735426009,0.06015037593984962,0.4405940594059406,0,0
6243200,0.7316176470588235,0.7316176470588235,0.7316176470588235,0.5714285714285714,0.5714285714285714,0.5714285714285714,0.5992217898832685,0.5992217898832685,0.5992217898832685,0.6169354838709677,0.6169354838709677,0.6169354838709677,0.38738738738738737,0.0859375,0.4852941176470588,0,0
6259200,0.7406015037593985,0.7406015037593985,0.7406015037593985,0.5799086757990868,0.5799086757990868,0.5799086757990868,0.6528925619834711,0.6528925619834711,0.6528925619834711,0.6270491803278688,0.6270491803278688,0.6270491803278688,0.44214876033057854,0.109375,0.4421052631578947,0,0
6275200,0.6360153256704981,0.6360153256704981,0.6360153256704981,0.6111111111111112,0.6111111111111112,0.6111111111111112,0.5333333333333333,0.5333333333333333,0.5333333333333333,0.5572519083969466,0.5572519083969466,0.5572519083969466,0.4158878504672897,0.06666666666666667,0.46195652173913043,0,0
6291200,0.6981818181818182,0.6981818181818182,0.6981818181818182,0.5084033613445378,0.5084033613445378,0.5084033613445378,0.5614035087719298,0.5614035087719298,0.5614035087719298,0.5725806451612904,0.5725806451612904,0.5725806451612904,0.3918918918918919,0.07142857142857142,0.4927536231884058,0,0
6307200,0.7022058823529411,0.7022058823529411,0.7022058823529411,0.5778688524590164,0.5778688524590164,0.5778688524590164,0.648068669527897,0.648068669527897,0.648068669527897,0.6082089552238806,0.6082089552238806,0.6082089552238806,0.4497816593886463,0.06818181818181818,0.4563106796116505,0,0
6323200,0.8007662835249042,0.8007662835249042,0.8007662835249042,0.6016597510373444,0.6016597510373444,0.6016597510373444,0.5454545454545454,0.5454545454545454,0.5454545454545454,0.6518518518518519,0.6518518518518519,0.6518518518518519,0.4780701754385965,0.05714285714285714,0.4563106796116505,0,0
6339200,0.7962962962962963,0.7962962962962963,0.7962962962962963,0.5875,0.5875,0.5875,0.6213991769547325,0.6213991769547325,0.6213991769547325,0.6413043478260869,0.6413043478260869,0.6413043478260869,0.4311111111111111,0.08633093525179857,0.43137254901960786,0,0
6355200,0.7824427480916031,0.7824427480916031,0.7824427480916031,0.6535433070866141,0.6535433070866141,0.6535433070866141,0.6431535269709544,0.6431535269709544,0.6431535269709544,0.6715328467153284,0.6715328467153284,0.6715328467153284,0.4658119658119658,0.0234375,0.5148514851485149,0,0
6371200,0.7424242424242424,0.7424242424242424,0.7424242424242424,0.6291666666666667,0.6291666666666667,0.6291666666666667,0.6411290322580645,0.6411290322580645,0.6411290322580645,0.628158844765343,0.628158844765343,0.628158844765343,0.4488888888888889,0.058394160583941604,0.49748743718592964,0,0
6387200,0.748062015503876,0.748062015503876,0.748062015503876,0.6371308016877637,0.6371308016877637,0.6371308016877637,0.616,0.616,0.616,0.6967509025270758,0.6967509025270758,0.6967509025270758,0.44396551724137934,0.061068702290076333,0.472636815920398,0,0
6403200,0.7611940298507462,0.7611940298507462,0.7611940298507462,0.6040816326530613,0.6040816326530613,0.6040816326530613,0.6882591093117408,0.6882591093117408,0.6882591093117408,0.6819787985865724,0.6819787985865724,0.6819787985865724,0.3620689655172414,0.05673758865248227,0.5490196078431373,0,0
6419200,0.8037735849056604,0.8037735849056604,0.8037735849056604,0.5783132530120482,0.5783132530120482,0.5783132530120482,0.6640625,0.6640625,0.6640625,0.6483516483516484,0.6483516483516484,0.6483516483516484,0.45021645021645024,0.047244094488188976,0.4564102564102564,0,0
6435200,0.7624521072796935,0.7624521072796935,0.7624521072796935,0.5892116182572614,0.5892116182572614,0.5892116182572614,0.7007575757575758,0.7007575757575758,0.7007575757575758,0.6531365313653137,0.6531365313653137,0.6531365313653137,0.41739130434782606,0.029197080291970802,0.44,0,0
6451200,0.7992424242424242,0.7992424242424242,0.7992424242424242,0.6597510373443983,0.6597510373443983,0.6597510373443983,0.6733870967741935,0.6733870967741935,0.6733870967741935,0.6691176470588235,0.6691176470588235,0.6691176470588235,0.5318181818181819,0.045112781954887216,0.47029702970297027,0,0
6467200,0.7802197802197802,0.7802197802197802,0.7802197802197802,0.6382113821138211,0.6382113821138211,0.6382113821138211,0.6902985074626866,0.6902985074626866,0.6902985074626866,0.7158671586715867,0.7158671586715867,0.7158671586715867,0.45021645021645024,0.06201550387596899,0.4504950495049505,0,0
6483200,0.8068181818181818,0.8068181818181818,0.8068181818181818,0.6585365853658537,0.6585365853658537,0.6585365853658537,0.7330827067669173,0.7330827067669173,0.7330827067669173,0.6464285714285715,0.6464285714285715,0.6464285714285715,0.4660633484162896,0.03225806451612903,0.49504950495049505,0,0
6499200,0.7822878228782287,0.7822878228782287,0.7822878228782287,0.5942622950819673,0.5942622950819673,0.5942622950819673,0.7116104868913857,0.7116104868913857,0.7116104868913857,0.6212121212121212,0.6212121212121212,0.6212121212121212,0.48660714285714285,0.05303030303030303,0.48514851485148514,0,0
6515200,0.7638376383763837,0.7638376383763837,0.7638376383763837,0.6204081632653061,0.6204081632653061,0.6204081632653061,0.732824427480916,0.732824427480916,0.732824427480916,0.6691176470588235,0.6691176470588235,0.6691176470588235,0.4711111111111111,0.06428571428571428,0.48292682926829267,0,0
6531200,0.8188679245283019,0.8188679245283019,0.8188679245283019,0.6536964980544747,0.6536964980544747,0.6536964980544747,0.6221374045801527,0.6221374045801527,0.6221374045801527,0.6808510638297872,0.6808510638297872,0.6808510638297872,0.4225352112676056,0.07874015748031496,0.48756218905472637,0,0
6547200,0.8157894736842105,0.8157894736842105,0.8157894736842105,0.608,0.608,0.608,0.7049808429118773,0.7049808429118773,0.7049808429118773,0.7180451127819549,0.7180451127819549,0.7180451127819549,0.4840182648401826,0.07692307692307693,0.5050505050505051,0,0
6563200,0.8248175182481752,0.8248175182481752,0.8248175182481752,0.6707317073170732,0.6707317073170732,0.6707317073170732,0.6108949416342413,0.6108949416342413,0.6108949416342413,0.6464285714285715,0.6464285714285715,0.6464285714285715,0.4690265486725664,0.08333333333333333,0.5,0,0
6579200,0.8296296296296296,0.8296296296296296,0.8296296296296296,0.6422764227642277,0.6422764227642277,0.6422764227642277,0.6707317073170732,0.6707317073170732,0.6707317073170732,0.6861313868613139,0.6861313868613139,0.6861313868613139,0.40930232558139534,0.09558823529411764,0.5025641025641026,0,0
6595200,0.8327137546468402,0.8327137546468402,0.8327137546468402,0.694980694980695,0.694980694980695,0.694980694980695,0.6720647773279352,0.6720647773279352,0.6720647773279352,0.6985294117647058,0.6985294117647058,0.6985294117647058,0.49327354260089684,0.09803921568627451,0.47,0,0
6611200,0.8492647058823529,0.8492647058823529,0.8492647058823529,0.6307692307692307,0.6307692307692307,0.6307692307692307,0.7007874015748031,0.7007874015748031,0.7007874015748031,0.6581818181818182,0.6581818181818182,0.6581818181818182,0.49321266968325794,0.06153846153846154,0.457286432160804,0,0
6627200,0.8333333333333334,0.8333333333333334,0.8333333333333334,0.7014925373134329,0.7014925373134329,0.7014925373134329,0.6374501992031872,0.6374501992031872,0.6374501992031872,0.7058823529411765,0.7058823529411765,0.7058823529411765,0.39461883408071746,0.0967741935483871,0.463768115942029,0,0
6643200,0.835820895522388,0.835820895522388,0.835820895522388,0.6901960784313725,0.6901960784313725,0.6901960784313725,0.7011494252873564,0.7011494252873564,0.7011494252873564,0.7428571428571429,0.7428571428571429,0.7428571428571429,0.44594594594594594,0.1232876712328767,0.5522388059701493,0,0
6659200,0.7992565055762082,0.7992565055762082,0.7992565055762082,0.7137254901960784,0.7137254901960784,0.7137254901960784,0.6977611940298507,0.6977611940298507,0.6977611940298507,0.7391304347826086,0.7391304347826086,0.7391304347826086,0.4434389140271493,0.10526315789473684,0.48205128205128206,0,0
6675200,0.8022388059701493,0.8022388059701493,0.8022388059701493,0.7099236641221374,0.7099236641221374,0.7099236641221374,0.6588235294117647,0.6588235294117647,0.6588235294117647,0.7028985507246377,0.7028985507246377,0.7028985507246377,0.4649122807017544,0.17307692307692307,0.5309278350515464,0,0
6691200,0.849624060150376,0.849624060150376,0.849624060150376,0.688,0.688,0.688,0.7061224489795919,0.7061224489795919,0.7061224489795919,0.7296296296296296,0.7296296296296296,0.7296296296296296,0.4166666666666667,0.06918238993710692,0.5153061224489796,0,0
6707200,0.7961538461538461,0.7961538461538461,0.7961538461538461,0.7109375,0.7109375,0.7109375,0.688,0.688,0.688,0.7299270072992701,0.7299270072992701,0.7299270072992701,0.47555555555555556,0.13071895424836602,0.5255102040816326,0,0
6723200,0.7896678966789668,0.7896678966789668,0.7896678966789668,0.7297297297297297,0.7297297297297297,0.7297297297297297,0.66,0.66,0.66,0.7446808510638298,0.7446808510638298,0.7446808510638298,0.4611872146118721,0.08333333333333333,0.5357142857142857,0,0
6739200,0.8070866141732284,0.8070866141732284,0.8070866141732284,0.6226415094339622,0.6226415094339622,0.6226415094339622,0.7088122605363985,0.7088122605363985,0.7088122605363985,0.7320754716981132,0.7320754716981132,0.7320754716981132,0.41150442477876104,0.09937888198757763,0.533678756476684,0,0
6755200,0.8301886792452831,0.8301886792452831,0.8301886792452831,0.728,0.728,0.728,0.6235294117647059,0.6235294117647059,0.6235294117647059,0.7805755395683454,0.7805755395683454,0.7805755395683454,0.4349775784753363,0.08783783783783784,0.5050505050505051,0,0
6771200,0.8307692307692308,0.8307692307692308,0.8307692307692308,0.69140625,0.69140625,0.69140625,0.6224899598393574,0.6224899598393574,0.6224899598393574,0.7598566308243727,0.7598566308243727,0.7598566308243727,0.4391304347826087,0.12903225806451613,0.413265306122449,0,0
6787200,0.7878787878787878,0.7878787878787878,0.7878787878787878,0.6640625,0.6640625,0.6640625,0.6439393939393939,0.6439393939393939,0.6439393939393939,0.7657992565055762,0.7657992565055762,0.7657992565055762,0.452914798206278,0.10135135135135136,0.41919191919191917,0,0
6803200,0.8097014925373134,0.8097014925373134,0.8097014925373134,0.7341269841269841,0.7341269841269841,0.7341269841269841,0.6884615384615385,0.6884615384615385,0.6884615384615385,0.7481481481481481,0.7481481481481481,0.7481481481481481,0.4711111111111111,0.12418300653594772,0.41919191919191917,0,0
6819200,0.7859922178988327,0.7859922178988327,0.7859922178988327,0.6984732824427481,0.6984732824427481,0.6984732824427481,0.6456692913385826,0.6456692913385826,0.6456692913385826,0.7169811320754716,0.7169811320754716,0.7169811320754716,0.41935483870967744,0.10828025477707007,0.4467005076142132,0,0
6835200,0.8199233716475096,0.8199233716475096,0.8199233716475096,0.7529880478087649,0.7529880478087649,0.7529880478087649,0.6245059288537549,0.6245059288537549,0.6245059288537549,0.7472118959107806,0.7472118959107806,0.7472118959107806,0.48660714285714285,0.12666666666666668,0.44387755102040816,0,0
6851200,0.84765625,0.84765625,0.84765625,0.701195219123506,0.701195219123506,0.701195219123506,0.689922480620155,0.689922480620155,0.689922480620155,0.7065217391304348,0.7065217391304348,0.7065217391304348,0.45132743362831856,0.10967741935483871,0.34183673469387754,0,0
6867200,0.8384615384615385,0.8384615384615385,0.8384615384615385,0.7215686274509804,0.7215686274509804,0.7215686274509804,0.7164750957854407,0.7164750957854407,0.7164750957854407,0.7335907335907336,0.7335907335907336,0.7335907335907336,0.4009009009009009,0.10457516339869281,0.400990099009901,0,0
6883200,0.7706766917293233,0.7706766917293233,0.7706766917293233,0.7854406130268199,0.7854406130268199,0.7854406130268199,0.631578947368421,0.631578947368421,0.631578947368421,0.6653992395437263,0.6653992395437263,0.6653992395437263,0.5288888888888889,0.1048951048951049,0.3877551020408163,0,0
6899200,0.8150943396226416,0.8150943396226416,0.8150943396226416,0.712,0.712,0.712,0.7058823529411765,0.7058823529411765,0.7058823529411765,0.7153284671532847,0.7153284671532847,0.7153284671532847,0.4434389140271493,0.18012422360248448,0.3520408163265306,0,0
6915200,0.7910447761194029,0.7910447761194029,0.7910447761194029,0.7419354838709677,0.7419354838709677,0.7419354838709677,0.7025089605734767,0.7025089605734767,0.7025089605734767,0.7265917602996255,0.7265917602996255,0.7265917602996255,0.41964285714285715,0.15757575757575756,0.37185929648241206,0,0
6931200,0.7961538461538461,0.7961538461538461,0.7961538461538461,0.6415094339622641,0.6415094339622641,0.6415094339622641,0.6666666666666666,0.6666666666666666,0.6666666666666666,0.7452471482889734,0.7452471482889734,0.7452471482889734,0.502283105022831,0.1056338028169014,0.35323383084577115,0,0
6947200,0.8022813688212928,0.8022813688212928,0.8022813688212928,0.7142857142857143,0.7142857142857143,0.7142857142857143,0.700374531835206,0.700374531835206,0.700374531835206,0.7885304659498208,0.7885304659498208,0.7885304659498208,0.4660633484162896,0.12903225806451613,0.4175257731958763,0,0
6963200,0.8443579766536965,0.8443579766536965,0.8443579766536965,0.7056603773584905,0.7056603773584905,0.7056603773584905,0.630188679245283,0.630188679245283,0.630188679245283,0.7455197132616488,0.7455197132616488,0.7455197132616488,0.5069124423963134,0.14743589743589744,0.39267015706806285,0,0
6979200,0.8582375478927203,0.8582375478927203,0.8582375478927203,0.66015625,0.66015625,0.66015625,0.6741573033707865,0.6741573033707865,0.6741573033707865,0.7222222222222222,0.7222222222222222,0.7222222222222222,0.4577777777777778,0.11333333333333333,0.335,0,0
6995200,0.8533834586466166,0.8533834586466166,0.8533834586466166,0.7142857142857143,0.7142857142857143,0.7142857142857143,0.6115384615384616,0.6115384615384616,0.6115384615384616,0.7330960854092526,0.7330960854092526,0.7330960854092526,0.5296803652968036,0.07534246575342465,0.36363636363636365,0,0
7011200,0.8403041825095057,0.8403041825095057,0.8403041825095057,0.7647058823529411,0.7647058823529411,0.7647058823529411,0.7303370786516854,0.7303370786516854,0.7303370786516854,0.7372262773722628,0.7372262773722628,0.7372262773722628,0.4590909090909091,0.1509433962264151,0.3681592039800995,0,0
7027200,0.8082706766917294,0.8082706766917294,0.8082706766917294,0.7292418772563177,0.7292418772563177,0.7292418772563177,0.7416974169741697,0.7416974169741697,0.7416974169741697,0.7877697841726619,0.7877697841726619,0.7877697841726619,0.4955357142857143,0.15337423312883436,0.4215686274509804,0,0
7043200,0.8264150943396227,0.8264150943396227,0.8264150943396227,0.7406015037593985,0.7406015037593985,0.7406015037593985,0.7924528301886793,0.7924528301886793,0.7924528301886793,0.8201438848920863,0.8201438848920863,0.8201438848920863,0.43171806167400884,0.14473684210526316,0.4187192118226601,0,0
7059200,0.8383458646616542,0.8383458646616542,0.8383458646616542,0.7272727272727273,0.7272727272727273,0.7272727272727273,0.7472527472527473,0.7472527472527473,0.7472527472527473,0.8111111111111111,0.8111111111111111,0.8111111111111111,0.4649122807017544,0.10625,0.42783505154639173,0,0
7075200,0.85,0.85,0.85,0.7052238805970149,0.7052238805970149,0.7052238805970149,0.7446043165467626,0.7446043165467626,0.7446043165467626,0.7509433962264151,0.7509433962264151,0.7509433962264151,0.4343891402714932,0.1377245508982036,0.398989898989899,0,0
7091200,0.846441947565543,0.846441947565543,0.846441947565543,0.6840148698884758,0.6840148698884758,0.6840148698884758,0.7326007326007326,0.7326007326007326,0.7326007326007326,0.7574626865671642,0.7574626865671642,0.7574626865671642,0.49099099099099097,0.12121212121212122,0.4158415841584158,0,0
7107200,0.875,0.875,0.875,0.7769516728624535,0.7769516728624535,0.7769516728624535,0.7410071942446043,0.7410071942446043,0.7410071942446043,0.8045977011494253,0.8045977011494253,0.8045977011494253,0.4845814977973568,0.12738853503184713,0.4088669950738916,0,0
7123200,0.8735632183908046,0.8735632183908046,0.8735632183908046,0.7563636363636363,0.7563636363636363,0.7563636363636363,0.7116788321167883,0.7116788321167883,0.7116788321167883,0.7962962962962963,0.7962962962962963,0.7962962962962963,0.41409691629955947,0.08391608391608392,0.4381443298969072,0,0
7139200,0.8333333333333334,0.8333333333333334,0.8333333333333334,0.7148148148148148,0.7148148148148148,0.7148148148148148,0.7238805970149254,0.7238805970149254,0.7238805970149254,0.7653429602888087,0.7653429602888087,0.7653429602888087,0.5462962962962963,0.11333333333333333,0.435,0,0
7155200,0.8674242424242424,0.8674242424242424,0.8674242424242424,0.7320754716981132,0.7320754716981132,0.7320754716981132,0.7164179104477612,0.7164179104477612,0.7164179104477612,0.8045977011494253,0.8045977011494253,0.8045977011494253,0.4722222222222222,0.12804878048780488,0.4166666666666667,0,0
7171200,0.8250950570342205,0.8250950570342205,0.8250950570342205,0.7275985663082437,0.7275985663082437,0.7275985663082437,0.6859205776173285,0.6859205776173285,0.6859205776173285,0.8363636363636363,0.8363636363636363,0.8363636363636363,0.49327354260089684,0.16568047337278108,0.31,0,0
7187200,0.8452830188679246,0.8452830188679246,0.8452830188679246,0.7397769516728625,0.7397769516728625,0.7397769516728625,0.7602996254681648,0.7602996254681648,0.7602996254681648,0.7916666666666666,0.7916666666666666,0.7916666666666666,0.509009009009009,0.13496932515337423,0.3383084577114428,0,0
7203200,0.8401486988847584,0.8401486988847584,0.8401486988847584,0.6981818181818182,0.6981818181818182,0.6981818181818182,0.7546468401486989,0.7546468401486989,0.7546468401486989,0.6879699248120301,0.6879699248120301,0.6879699248120301,0.504424778761062,0.15675675675675677,0.3417085427135678,0,0
7219200,0.8716981132075472,0.8716981132075472,0.8716981132075472,0.7159090909090909,0.7159090909090909,0.7159090909090909,0.7335766423357665,0.7335766423357665,0.7335766423357665,0.7556390977443609,0.7556390977443609,0.7556390977443609,0.4954128440366973,0.11976047904191617,0.38190954773869346,0,0
7235200,0.9127272727272727,0.9127272727272727,0.9127272727272727,0.7536231884057971,0.7536231884057971,0.7536231884057971,0.7472924187725631,0.7472924187725631,0.7472924187725631,0.7481481481481481,0.7481481481481481,0.7481481481481481,0.45248868778280543,0.21195652173913043,0.494949494949495,0,0
7251200,0.8679245283018868,0.8679245283018868,0.8679245283018868,0.7584905660377359,0.7584905660377359,0.7584905660377359,0.717948717948718,0.717948717948718,0.717948717948718,0.7692307692307693,0.7692307692307693,0.7692307692307693,0.5203619909502263,0.15873015873015872,0.494949494949495,0,0
7267200,0.832089552238806,0.832089552238806,0.832089552238806,0.7610294117647058,0.7610294117647058,0.7610294117647058,0.7121212121212122,0.7121212121212122,0.7121212121212122,0.7481481481481481,0.7481481481481481,0.7481481481481481,0.4864864864864865,0.18072289156626506,0.4336734693877551,0,0
7283200,0.8603773584905661,0.8603773584905661,0.8603773584905661,0.8029739776951673,0.8029739776951673,0.8029739776951673,0.7238805970149254,0.7238805970149254,0.7238805970149254,0.7657992565055762,0.7657992565055762,0.7657992565055762,0.49107142857142855,0.24861878453038674,0.39285714285714285,0,0
7299200,0.8636363636363636,0.8636363636363636,0.8636363636363636,0.7916666666666666,0.7916666666666666,0.7916666666666666,0.725925925925926,0.725925925925926,0.725925925925926,0.8118081180811808,0.8118081180811808,0.8118081180811808,0.41150442477876104,0.22702702702702704,0.36180904522613067,0,0
7315200,0.8226415094339623,0.8226415094339623,0.8226415094339623,0.7835820895522388,0.7835820895522388,0.7835820895522388,0.7201492537313433,0.7201492537313433,0.7201492537313433,0.7608695652173914,0.7608695652173914,0.7608695652173914,0.5327510917030568,0.20207253886010362,0.46534653465346537,0,0
7331200,0.844106463878327,0.844106463878327,0.844106463878327,0.7865168539325843,0.7865168539325843,0.7865168539325843,0.7340823970037453,0.7340823970037453,0.7340823970037453,0.7934782608695652,0.7934782608695652,0.7934782608695652,0.4798206278026906,0.1793478260869565,0.43434343434343436,0,0
7347200,0.8656716417910447,0.8656716417910447,0.8656716417910447,0.7320754716981132,0.7320754716981132,0.7320754716981132,0.7666666666666667,0.7666666666666667,0.7666666666666667,0.7907801418439716,0.7907801418439716,0.7907801418439716,0.41379310344827586,0.21195652173913043,0.3564356435643564,0,0
7363200,0.8522727272727273,0.8522727272727273,0.8522727272727273,0.8029739776951673,0.8029739776951673,0.8029739776951673,0.7286245353159851,0.7286245353159851,0.7286245353159851,0.7725631768953068,0.7725631768953068,0.7725631768953068,0.4017094017094017,0.23684210526315788,0.46113989637305697,0,0
7379200,0.8943396226415095,0.8943396226415095,0.8943396226415095,0.752895752895753,0.752895752895753,0.752895752895753,0.7269372693726938,0.7269372693726938,0.7269372693726938,0.8127208480565371,0.8127208480565371,0.8127208480565371,0.4247787610619469,0.22702702702702704,0.3793103448275862,0,0
7395200,0.7798507462686567,0.7798507462686567,0.7798507462686567,0.752851711026616,0.752851711026616,0.752851711026616,0.7773722627737226,0.7773722627737226,0.7773722627737226,0.8401486988847584,0.8401486988847584,0.8401486988847584,0.462882096069869,0.192090395480226,0.4827586206896552,0,0
7411200,0.8320610687022901,0.8320610687022901,0.8320610687022901,0.7686274509803922,0.7686274509803922,0.7686274509803922,0.7509025270758123,0.7509025270758123,0.7509025270758123,0.7757352941176471,0.7757352941176471,0.7757352941176471,0.47186147186147187,0.28061224489795916,0.4472361809045226,0,0
7427200,0.8277153558052435,0.8277153558052435,0.8277153558052435,0.7566539923954373,0.7566539923954373,0.7566539923954373,0.8,0.8,0.8,0.7727272727272727,0.7727272727272727,0.7727272727272727,0.46396396396396394,0.2931937172774869,0.4527363184079602,0,0
7443200,0.8416988416988417,0.8416988416988417,0.8416988416988417,0.7819548872180451,0.7819548872180451,0.7819548872180451,0.7289377289377289,0.7289377289377289,0.7289377289377289,0.753731343283582,0.753731343283582,0.753731343283582,0.5088495575221239,0.26436781609195403,0.395,0,0
7459200,0.8458646616541353,0.8458646616541353,0.8458646616541353,0.7857142857142857,0.7857142857142857,0.7857142857142857,0.7555555555555555,0.7555555555555555,0.7555555555555555,0.7942238267148014,0.7942238267148014,0.7942238267148014,0.4826086956521739,0.2388888888888889,0.405,0,0
7475200,0.8514492753623188,0.8514492753623188,0.8514492753623188,0.7642585551330798,0.7642585551330798,0.7642585551330798,0.7610294117647058,0.7610294117647058,0.7610294117647058,0.7655677655677655,0.7655677655677655,0.7655677655677655,0.5462555066079295,0.2737430167597765,0.5148514851485149,0,0
7491200,0.8754716981132076,0.8754716981132076,0.8754716981132076,0.7290076335877863,0.7290076335877863,0.7290076335877863,0.7204301075268817,0.7204301075268817,0.7204301075268817,0.7580071174377224,0.7580071174377224,0.7580071174377224,0.5089285714285714,0.20855614973262032,0.5049019607843137,0,0
7507200,0.8544061302681992,0.8544061302681992,0.8544061302681992,0.8089887640449438,0.8089887640449438,0.8089887640449438,0.7116788321167883,0.7116788321167883,0.7116788321167883,0.8161764705882353,0.8161764705882353,0.8161764705882353,0.5132743362831859,0.22277227722772278,0.5473684210526316,0,0
7523200,0.8244274809160306,0.8244274809160306,0.8244274809160306,0.762589928057554,0.762589928057554,0.762589928057554,0.7830882352941176,0.7830882352941176,0.7830882352941176,0.8302583025830258,0.8302583025830258,0.8302583025830258,0.43231441048034935,0.21465968586387435,0.5380710659898477,0,0
7539200,0.8265682656826568,0.8265682656826568,0.8265682656826568,0.8168498168498168,0.8168498168498168,0.8168498168498168,0.7292418772563177,0.7292418772563177,0.7292418772563177,0.8152173913043478,0.8152173913043478,0.8152173913043478,0.5,0.24064171122994651,0.535,0,0
7555200,0.8676470588235294,0.8676470588235294,0.8676470588235294,0.8174904942965779,0.8174904942965779,0.8174904942965779,0.7394366197183099,0.7394366197183099,0.7394366197183099,0.8452830188679246,0.8452830188679246,0.8452830188679246,0.4805194805194805,0.2631578947368421,0.45098039215686275,0,0
7571200,0.8716981132075472,0.8716981132075472,0.8716981132075472,0.7910447761194029,0.7910447761194029,0.7910447761194029,0.7402135231316725,0.7402135231316725,0.7402135231316725,0.8097014925373134,0.8097014925373134,0.8097014925373134,0.4889867841409692,0.25136612021857924,0.5297029702970297,0,0
7587200,0.8727272727272727,0.8727272727272727,0.8727272727272727,0.7224334600760456,0.7224334600760456,0.7224334600760456,0.737037037037037,0.737037037037037,0.737037037037037,0.8079710144927537,0.8079710144927537,0.8079710144927537,0.44635193133047213,0.266304347826087,0.49,0,0
7603200,0.8587360594795539,0.8587360594795539,0.8587360594795539,0.8250950570342205,0.8250950570342205,0.8250950570342205,0.7228070175438597,0.7228070175438597,0.7228070175438597,0.825925925925926,0.825925925925926,0.825925925925926,0.4824561403508772,0.2931937172774869,0.4623115577889447,0,0
7619200,0.9097472924187726,0.9097472924187726,0.9097472924187726,0.7859778597785978,0.7859778597785978,0.7859778597785978,0.6702127659574468,0.6702127659574468,0.6702127659574468,0.8014705882352942,0.8014705882352942,0.8014705882352942,0.44541484716157204,0.2937853107344633,0.44878048780487806,0,0
7635200,0.8571428571428571,0.8571428571428571,0.8571428571428571,0.779467680608365,0.779467680608365,0.779467680608365,0.7563636363636363,0.7563636363636363,0.7563636363636363,0.7902621722846442,0.7902621722846442,0.7902621722846442,0.4622222222222222,0.29292929292929293,0.527363184079602,0,0
7651200,0.8717948717948718,0.8717948717948718,0.8717948717948718,0.821969696969697,0.821969696969697,0.821969696969697,0.8028673835125448,0.8028673835125448,0.8028673835125448,0.8118081180811808,0.8118081180811808,0.8118081180811808,0.4669603524229075,0.2436548223350254,0.46153846153846156,0,0
7667200,0.8832116788321168,0.8832116788321168,0.8832116788321168,0.7509293680297398,0.7509293680297398,0.7509293680297398,0.7711267605633803,0.7711267605633803,0.7711267605633803,0.8148148148148148,0.8148148148148148,0.8148148148148148,0.5022222222222222,0.29949238578680204,0.4088669950738916,0,0
7683200,0.8514492753623188,0.8514492753623188,0.8514492753623188,0.7099236641221374,0.7099236641221374,0.7099236641221374,0.7447552447552448,0.7447552447552448,0.7447552447552448,0.8037735849056604,0.8037735849056604,0.8037735849056604,0.4017094017094017,0.2828282828282828,0.4292929292929293,0,0
7699200,0.849624060150376,0.849624060150376,0.849624060150376,0.7454545454545455,0.7454545454545455,0.7454545454545455,0.7174721189591078,0.7174721189591078,0.7174721189591078,0.7898550724637681,0.7898550724637681,0.7898550724637681,0.46396396396396394,0.3047619047619048,0.4292929292929293,0,0
7715200,0.8805970149253731,0.8805970149253731,0.8805970149253731,0.7192307692307692,0.7192307692307692,0.7192307692307692,0.7410071942446043,0.7410071942446043,0.7410071942446043,0.8185185185185185,0.8185185185185185,0.8185185185185185,0.4517543859649123,0.2926829268292683,0.4564102564102564,0,0
7731200,0.8581818181818182,0.8581818181818182,0.8581818181818182,0.8060836501901141,0.8060836501901141,0.8060836501901141,0.7168458781362007,0.7168458781362007,0.7168458781362007,0.8097014925373134,0.8097014925373134,0.8097014925373134,0.49130434782608695,0.3300970873786408,0.43523316062176165,0,0
7747200,0.8036363636363636,0.8036363636363636,0.8036363636363636,0.8333333333333334,0.8333333333333334,0.8333333333333334,0.7572463768115942,0.7572463768115942,0.7572463768115942,0.7669172932330827,0.7669172932330827,0.7669172932330827,0.4889867841409692,0.3177570093457944,0.42,0,0
7763200,0.8533834586466166,0.8533834586466166,0.8533834586466166,0.7873134328358209,0.7873134328358209,0.7873134328358209,0.7214285714285714,0.7214285714285714,0.7214285714285714,0.754863813229572,0.754863813229572,0.754863813229572,0.518348623853211,0.2789473684210526,0.42857142857142855,0,0
7779200,0.8444444444444444,0.8444444444444444,0.8444444444444444,0.8052434456928839,0.8052434456928839,0.8052434456928839,0.75,0.75,0.75,0.8264150943396227,0.8264150943396227,0.8264150943396227,0.4585152838427948,0.3484848484848485,0.494949494949495,0,0
7795200,0.8614232209737828,0.8614232209737828,0.8614232209737828,0.8081180811808119,0.8081180811808119,0.8081180811808119,0.7482014388489209,0.7482014388489209,0.7482014388489209,0.7760617760617761,0.7760617760617761,0.7760617760617761,0.4908256880733945,0.4187192118226601,0.36585365853658536,0,0
7811200,0.8120300751879699,0.8120300751879699,0.8120300751879699,0.7604562737642585,0.7604562737642585,0.7604562737642585,0.7985611510791367,0.7985611510791367,0.7985611510791367,0.7360594795539034,0.7360594795539034,0.7360594795539034,0.45622119815668205,0.32,0.517948717948718,0,0
7827200,0.850187265917603,0.850187265917603,0.850187265917603,0.7894736842105263,0.7894736842105263,0.7894736842105263,0.7517482517482518,0.7517482517482518,0.7517482517482518,0.7472118959107806,0.7472118959107806,0.7472118959107806,0.48878923766816146,0.3333333333333333,0.4873096446700508,0,0
7843200,0.8369565217391305,0.8369565217391305,0.8369565217391305,0.8171641791044776,0.8171641791044776,0.8171641791044776,0.7677902621722846,0.7677902621722846,0.7677902621722846,0.704119850187266,0.704119850187266,0.704119850187266,0.5633802816901409,0.3961352657004831,0.47,0,0
7859200,0.8308823529411765,0.8308823529411765,0.8308823529411765,0.7790262172284644,0.7790262172284644,0.7790262172284644,0.7669172932330827,0.7669172932330827,0.7669172932330827,0.732824427480916,0.732824427480916,0.732824427480916,0.5560538116591929,0.45622119815668205,0.47668393782383417,0,0
7875200,0.8432835820895522,0.8432835820895522,0.8432835820895522,0.8065693430656934,0.8065693430656934,0.8065693430656934,0.7582417582417582,0.7582417582417582,0.7582417582417582,0.7854406130268199,0.7854406130268199,0.7854406130268199,0.5497630331753555,0.3448275862068966,0.4236453201970443,0,0
7891200,0.8777777777777778,0.8777777777777778,0.8777777777777778,0.8097014925373134,0.8097014925373134,0.8097014925373134,0.7851851851851852,0.7851851851851852,0.7851851851851852,0.7777777777777778,0.7777777777777778,0.7777777777777778,0.5454545454545454,0.3671497584541063,0.45685279187817257,0,0
7907200,0.855595667870036,0.855595667870036,0.855595667870036,0.7992700729927007,0.7992700729927007,0.7992700729927007,0.7122302158273381,0.7122302158273381,0.7122302158273381,0.8277153558052435,0.8277153558052435,0.8277153558052435,0.5787037037037037,0.33004926108374383,0.46524064171123,0,0
7923200,0.8150943396226416,0.8150943396226416,0.8150943396226416,0.791970802919708,0.791970802919708,0.791970802919708,0.7364620938628159,0.7364620938628159,0.7364620938628159,0.8036363636363636,0.8036363636363636,0.8036363636363636,0.4976303317535545,0.34579439252336447,0.47150259067357514,0,0
7939200,0.8185185185185185,0.8185185185185185,0.8185185185185185,0.8634686346863468,0.8634686346863468,0.8634686346863468,0.75,0.75,0.75,0.8409090909090909,0.8409090909090909,0.8409090909090909,0.5069124423963134,0.3256880733944954,0.41919191919191917,0,0
7955200,0.8581818181818182,0.8581818181818182,0.8581818181818182,0.8308823529411765,0.8308823529411765,0.8308823529411765,0.6953405017921147,0.6953405017921147,0.6953405017921147,0.8228782287822878,0.8228782287822878,0.8228782287822878,0.5555555555555556,0.4337899543378995,0.4845360824742268,0,0
7971200,0.8674242424242424,0.8674242424242424,0.8674242424242424,0.7907801418439716,0.7907801418439716,0.7907801418439716,0.7846715328467153,0.7846715328467153,0.7846715328467153,0.8222222222222222,0.8222222222222222,0.8222222222222222,0.5046296296296297,0.33043478260869563,0.4,0,0
7987200,0.8198529411764706,0.8198529411764706,0.8198529411764706,0.8278388278388278,0.8278388278388278,0.8278388278388278,0.7921146953405018,0.7921146953405018,0.7921146953405018,0.8413284132841329,0.8413284132841329,0.8413284132841329,0.6136363636363636,0.3853211009174312,0.4205128205128205,0,0
8003200,0.8638132295719845,0.8638132295719845,0.8638132295719845,0.8142857142857143,0.8142857142857143,0.8142857142857143,0.7715355805243446,0.7715355805243446,0.7715355805243446,0.8241758241758241,0.8241758241758241,0.8241758241758241,0.5342465753424658,0.3870967741935484,0.4321608040201005,0,0
8019200,0.8764044943820225,0.8764044943820225,0.8764044943820225,0.8444444444444444,0.8444444444444444,0.8444444444444444,0.7963636363636364,0.7963636363636364,0.7963636363636364,0.7978339350180506,0.7978339350180506,0.7978339350180506,0.5555555555555556,0.3739130434782609,0.4473684210526316,0,0
8035200,0.8461538461538461,0.8461538461538461,0.8461538461538461,0.7722419928825622,0.7722419928825622,0.7722419928825622,0.7666666666666667,0.7666666666666667,0.7666666666666667,0.7963636363636364,0.7963636363636364,0.7963636363636364,0.5137614678899083,0.3173076923076923,0.47,0,0
8051200,0.8066914498141264,0.8066914498141264,0.8066914498141264,0.8424908424908425,0.8424908424908425,0.8424908424908425,0.8127340823970037,0.8127340823970037,0.8127340823970037,0.835820895522388,0.835820895522388,0.835820895522388,0.5324074074074074,0.3938053097345133,0.4897959183673469,0,0
8067200,0.8656716417910447,0.8656716417910447,0.8656716417910447,0.8375451263537906,0.8375451263537906,0.8375451263537906,0.762589928057554,0.762589928057554,0.762589928057554,0.850187265917603,0.850187265917603,0.850187265917603,0.5813953488372093,0.3791469194312796,0.40512820512820513,0,0
8083200,0.8518518518518519,0.8518518518518519,0.8518518518518519,0.875,0.875,0.875,0.7790262172284644,0.7790262172284644,0.7790262172284644,0.7890909090909091,0.7890909090909091,0.7890909090909091,0.5370370370370371,0.39819004524886875,0.417910447761194,0,0
8099200,0.7906137184115524,0.7906137184115524,0.7906137184115524,0.7943262411347518,0.7943262411347518,0.7943262411347518,0.7725631768953068,0.7725631768953068,0.7725631768953068,0.8065693430656934,0.8065693430656934,0.8065693430656934,0.5251141552511416,0.43478260869565216,0.46116504854368934,0,0
8115200,0.8,0.8,0.8,0.8140350877192982,0.8140350877192982,0.8140350877192982,0.7283018867924528,0.7283018867924528,0.7283018867924528,0.8741007194244604,0.8741007194244604,0.8741007194244604,0.5223214285714286,0.3242009132420091,0.4948453608247423,0,0
8131200,0.8235294117647058,0.8235294117647058,0.8235294117647058,0.7870036101083032,0.7870036101083032,0.7870036101083032,0.7345454545454545,0.7345454545454545,0.7345454545454545,0.797153024911032,0.797153024911032,0.797153024911032,0.515695067264574,0.3739130434782609,0.424390243902439,0,0
8147200,0.8218181818181818,0.8218181818181818,0.8218181818181818,0.8513011152416357,0.8513011152416357,0.8513011152416357,0.7672727272727272,0.7672727272727272,0.7672727272727272,0.8309352517985612,0.8309352517985612,0.8309352517985612,0.6111111111111112,0.32142857142857145,0.3285024154589372,0,0
8163200,0.8432835820895522,0.8432835820895522,0.8432835820895522,0.8113879003558719,0.8113879003558719,0.8113879003558719,0.7121771217712177,0.7121771217712177,0.7121771217712177,0.8211678832116789,0.8211678832116789,0.8211678832116789,0.4646017699115044,0.3,0.4088669950738916,0,0
8179200,0.8535714285714285,0.8535714285714285,0.8535714285714285,0.7801418439716312,0.7801418439716312,0.7801418439716312,0.7276119402985075,0.7276119402985075,0.7276119402985075,0.8028673835125448,0.8028673835125448,0.8028673835125448,0.543778801843318,0.4666666666666667,0.4371859296482412,0,0
8195200,0.8205128205128205,0.8205128205128205,0.8205128205128205,0.8321428571428572,0.8321428571428572,0.8321428571428572,0.6834532374100719,0.6834532374100719,0.6834532374100719,0.8105263157894737,0.8105263157894737,0.8105263157894737,0.6164383561643836,0.39823008849557523,0.395,0,0
8211200,0.8134328358208955,0.8134328358208955,0.8134328358208955,0.8042704626334519,0.8042704626334519,0.8042704626334519,0.753731343283582,0.753731343283582,0.753731343283582,0.8391608391608392,0.8391608391608392,0.8391608391608392,0.4719626168224299,0.3811659192825112,0.39408866995073893,0,0
8227200,0.8475836431226765,0.8475836431226765,0.8475836431226765,0.8483754512635379,0.8483754512635379,0.8483754512635379,0.7,0.7,0.7,0.8503649635036497,0.8503649635036497,0.8503649635036497,0.5203619909502263,0.3788546255506608,0.42,0,0
8243200,0.8327137546468402,0.8327137546468402,0.8327137546468402,0.8602150537634409,0.8602150537634409,0.8602150537634409,0.8208955223880597,0.8208955223880597,0.8208955223880597,0.7956989247311828,0.7956989247311828,0.7956989247311828,0.5458715596330275,0.34497816593886466,0.415,0,0
8259200,0.879245283018868,0.879245283018868,0.879245283018868,0.8125,0.8125,0.8125,0.7418181818181818,0.7418181818181818,0.7418181818181818,0.8290909090909091,0.8290909090909091,0.8290909090909091,0.5580357142857143,0.37272727272727274,0.5252525252525253,0,0
8275200,0.875,0.875,0.875,0.8218181818181818,0.8218181818181818,0.8218181818181818,0.7564575645756457,0.7564575645756457,0.7564575645756457,0.8327402135231317,0.8327402135231317,0.8327402135231317,0.47085201793721976,0.38596491228070173,0.4120603015075377,0,0
8291200,0.8629629629629629,0.8629629629629629,0.8629629629629629,0.8736462093862816,0.8736462093862816,0.8736462093862816,0.7198581560283688,0.7198581560283688,0.7198581560283688,0.8156028368794326,0.8156028368794326,0.8156028368794326,0.4823008849557522,0.36681222707423583,0.42788461538461536,0,0
8307200,0.8629629629629629,0.8629629629629629,0.8629629629629629,0.8404255319148937,0.8404255319148937,0.8404255319148937,0.7582417582417582,0.7582417582417582,0.7582417582417582,0.8129496402877698,0.8129496402877698,0.8129496402877698,0.4863636363636364,0.3624454148471616,0.3932038834951456,0,0
8323200,0.8634686346863468,0.8634686346863468,0.8634686346863468,0.8029197080291971,0.8029197080291971,0.8029197080291971,0.8072727272727273,0.8072727272727273,0.8072727272727273,0.8571428571428571,0.8571428571428571,0.8571428571428571,0.5302325581395348,0.35944700460829493,0.46766169154228854,0,0
8339200,0.8966789667896679,0.8966789667896679,0.8966789667896679,0.7711267605633803,0.7711267605633803,0.7711267605633803,0.8220640569395018,0.8220640569395018,0.8220640569395018,0.8237410071942446,0.8237410071942446,0.8237410071942446,0.5181818181818182,0.3879310344827586,0.5297029702970297,0,0
8355200,0.8943396226415095,0.8943396226415095,0.8943396226415095,0.7992831541218638,0.7992831541218638,0.7992831541218638,0.7927272727272727,0.7927272727272727,0.7927272727272727,0.8628158844765343,0.8628158844765343,0.8628158844765343,0.5067264573991032,0.38427947598253276,0.4925373134328358,0,0
8371200,0.7748091603053435,0.7748091603053435,0.7748091603053435,0.7884615384615384,0.7884615384615384,0.7884615384615384,0.7132075471698113,0.7132075471698113,0.7132075471698113,0.7832699619771863,0.7832699619771863,0.7832699619771863,0.49282296650717705,0.2571428571428571,0.453125,0,0
8387200,0.8419117647058824,0.8419117647058824,0.8419117647058824,0.7867647058823529,0.7867647058823529,0.7867647058823529,0.8273381294964028,0.8273381294964028,0.8273381294964028,0.8561151079136691,0.8561151079136691,0.8561151079136691,0.49099099099099097,0.32432432432432434,0.45714285714285713,0,0
8403200,0.8659003831417624,0.8659003831417624,0.8659003831417624,0.8043478260869565,0.8043478260869565,0.8043478260869565,0.8392857142857143,0.8392857142857143,0.8392857142857143,0.8222222222222222,0.8222222222222222,0.8222222222222222,0.46017699115044247,0.3776824034334764,0.42792792792792794,0,0
8419200,0.8651685393258427,0.8651685393258427,0.8651685393258427,0.8074074074074075,0.8074074074074075,0.8074074074074075,0.8374558303886925,0.8374558303886925,0.8374558303886925,0.8158844765342961,0.8158844765342961,0.8158844765342961,0.452914798206278,0.314410480349345,0.4852941176470588,0,0
8435200,0.8679245283018868,0.8679245283018868,0.8679245283018868,0.7653429602888087,0.7653429602888087,0.7653429602888087,0.8245614035087719,0.8245614035087719,0.8245614035087719,0.8122743682310469,0.8122743682310469,0.8122743682310469,0.43577981651376146,0.38666666666666666,0.4074074074074074,0,0
8451200,0.9053030303030303,0.9053030303030303,0.9053030303030303,0.8235294117647058,0.8235294117647058,0.8235294117647058,0.8194945848375451,0.8194945848375451,0.8194945848375451,0.8525179856115108,0.8525179856115108,0.8525179856115108,0.547945205479452,0.36199095022624433,0.39351851851851855,0,0
8467200,0.8700787401574803,0.8700787401574803,0.8700787401574803,0.8419117647058824,0.8419117647058824,0.8419117647058824,0.8602150537634409,0.8602150537634409,0.8602150537634409,0.8088235294117647,0.8088235294117647,0.8088235294117647,0.4444444444444444,0.34934497816593885,0.5023923444976076,0,0
8483200,0.8352941176470589,0.8352941176470589,0.8352941176470589,0.8376383763837638,0.8376383763837638,0.8376383763837638,0.8333333333333334,0.8333333333333334,0.8333333333333334,0.7992565055762082,0.7992565055762082,0.7992565055762082,0.5458715596330275,0.33043478260869563,0.41706161137440756,0,0
8499200,0.8571428571428571,0.8571428571428571,0.8571428571428571,0.7862595419847328,0.7862595419847328,0.7862595419847328,0.7703180212014135,0.7703180212014135,0.7703180212014135,0.8657243816254417,0.8657243816254417,0.8657243816254417,0.5203619909502263,0.4391304347826087,0.4511627906976744,0,0
8515200,0.8045977011494253,0.8045977011494253,0.8045977011494253,0.8333333333333334,0.8333333333333334,0.8333333333333334,0.8088235294117647,0.8088235294117647,0.8088235294117647,0.8419117647058824,0.8419117647058824,0.8419117647058824,0.5765765765765766,0.3991228070175439,0.5096153846153846,0,0
8531200,0.8846153846153846,0.8846153846153846,0.8846153846153846,0.8608058608058609,0.8608058608058609,0.8608058608058609,0.7883211678832117,0.7883211678832117,0.7883211678832117,0.8394160583941606,0.8394160583941606,0.8394160583941606,0.5707547169811321,0.3333333333333333,0.5339805825242718,0,0
8547200,0.8389513108614233,0.8389513108614233,0.8389513108614233,0.8489208633093526,0.8489208633093526,0.8489208633093526,0.8158844765342961,0.8158844765342961,0.8158844765342961,0.8148148148148148,0.8148148148148148,0.8148148148148148,0.49777777777777776,0.4050632911392405,0.529126213592233,0,0
8563200,0.8703703703703703,0.8703703703703703,0.8703703703703703,0.8079710144927537,0.8079710144927537,0.8079710144927537,0.843065693430657,0.843065693430657,0.843065693430657,0.7620817843866171,0.7620817843866171,0.7620817843866171,0.4581497797356828,0.3688888888888889,0.4834123222748815,0,0
8579200,0.7948717948717948,0.7948717948717948,0.7948717948717948,0.8102189781021898,0.8102189781021898,0.8102189781021898,0.7634408602150538,0.7634408602150538,0.7634408602150538,0.8438661710037175,0.8438661710037175,0.8438661710037175,0.5248868778280543,0.40969162995594716,0.5621890547263682,0,0
8595200,0.8314606741573034,0.8314606741573034,0.8314606741573034,0.8694029850746269,0.8694029850746269,0.8694029850746269,0.7934782608695652,0.7934782608695652,0.7934782608695652,0.8339483394833949,0.8339483394833949,0.8339483394833949,0.4840182648401826,0.4279475982532751,0.5265700483091788,0,0
8611200,0.875,0.875,0.875,0.784452296819788,0.784452296819788,0.784452296819788,0.8279569892473119,0.8279569892473119,0.8279569892473119,0.8074074074074075,0.8074074074074075,0.8074074074074075,0.5373831775700935,0.4520547945205479,0.5098039215686274,0,0
8627200,0.8759398496240601,0.8759398496240601,0.8759398496240601,0.7838827838827839,0.7838827838827839,0.7838827838827839,0.7877697841726619,0.7877697841726619,0.7877697841726619,0.8327137546468402,0.8327137546468402,0.8327137546468402,0.45652173913043476,0.3901345291479821,0.45714285714285713,0,0
8643200,0.8308270676691729,0.8308270676691729,0.8308270676691729,0.7854545454545454,0.7854545454545454,0.7854545454545454,0.8369565217391305,0.8369565217391305,0.8369565217391305,0.8239700374531835,0.8239700374531835,0.8239700374531835,0.48847926267281105,0.4497816593886463,0.52,0,0
8659200,0.8513011152416357,0.8513011152416357,0.8513011152416357,0.8161764705882353,0.8161764705882353,0.8161764705882353,0.7904411764705882,0.7904411764705882,0.7904411764705882,0.8284671532846716,0.8284671532846716,0.8284671532846716,0.48660714285714285,0.4444444444444444,0.5323383084577115,0,0
8675200,0.8302583025830258,0.8302583025830258,0.8302583025830258,0.8100358422939068,0.8100358422939068,0.8100358422939068,0.7822878228782287,0.7822878228782287,0.7822878228782287,0.8339350180505415,0.8339350180505415,0.8339350180505415,0.4642857142857143,0.43043478260869567,0.4511627906976744,0,0
8691200,0.8754578754578755,0.8754578754578755,0.8754578754578755,0.8175182481751825,0.8175182481751825,0.8175182481751825,0.7977941176470589,0.7977941176470589,0.7977941176470589,0.8248175182481752,0.8248175182481752,0.8248175182481752,0.4469026548672566,0.38626609442060084,0.5226130653266332,0,0
8707200,0.8498168498168498,0.8498168498168498,0.8498168498168498,0.7851851851851852,0.7851851851851852,0.7851851851851852,0.7896678966789668,0.7896678966789668,0.7896678966789668,0.8727272727272727,0.8727272727272727,0.8727272727272727,0.49767441860465117,0.4026548672566372,0.5656565656565656,0,0
8723200,0.843065693430657,0.843065693430657,0.843065693430657,0.7902621722846442,0.7902621722846442,0.7902621722846442,0.8333333333333334,0.8333333333333334,0.8333333333333334,0.7678571428571429,0.7678571428571429,0.7678571428571429,0.45089285714285715,0.358974358974359,0.5410628019323671,0,0
8739200,0.8498168498168498,0.8498168498168498,0.8498168498168498,0.8339483394833949,0.8339483394833949,0.8339483394833949,0.8036363636363636,0.8036363636363636,0.8036363636363636,0.8237410071942446,0.8237410071942446,0.8237410071942446,0.4166666666666667,0.4434389140271493,0.47029702970297027,0,0
8755200,0.8832116788321168,0.8832116788321168,0.8832116788321168,0.8,0.8,0.8,0.8273381294964028,0.8273381294964028,0.8273381294964028,0.8489208633093526,0.8489208633093526,0.8489208633093526,0.5045045045045045,0.38197424892703863,0.5948717948717949,0,0
8771200,0.8609022556390977,0.8609022556390977,0.8609022556390977,0.7785977859778598,0.7785977859778598,0.7785977859778598,0.8290909090909091,0.8290909090909091,0.8290909090909091,0.8461538461538461,0.8461538461538461,0.8461538461538461,0.4801762114537445,0.40425531914893614,0.5643564356435643,0,0
8787200,0.8021978021978022,0.8021978021978022,0.8021978021978022,0.8248175182481752,0.8248175182481752,0.8248175182481752,0.7711267605633803,0.7711267605633803,0.7711267605633803,0.8844765342960289,0.8844765342960289,0.8844765342960289,0.49777777777777776,0.43555555555555553,0.49743589743589745,0,0
8803200,0.8053435114503816,0.8053435114503816,0.8053435114503816,0.8022813688212928,0.8022813688212928,0.8022813688212928,0.8309859154929577,0.8309859154929577,0.8309859154929577,0.8458781362007168,0.8458781362007168,0.8458781362007168,0.4977168949771689,0.4155844155844156,0.49504950495049505,0,0
8819200,0.8222222222222222,0.8222222222222222,0.8222222222222222,0.7881040892193308,0.7881040892193308,0.7881040892193308,0.7941176470588235,0.7941176470588235,0.7941176470588235,0.8309352517985612,0.8309352517985612,0.8309352517985612,0.4577777777777778,0.4092827004219409,0.541871921182266,0,0
8835200,0.8509803921568627,0.8509803921568627,0.8509803921568627,0.7940074906367042,0.7940074906367042,0.7940074906367042,0.7885304659498208,0.7885304659498208,0.7885304659498208,0.8489208633093526,0.8489208633093526,0.8489208633093526,0.43577981651376146,0.3521739130434783,0.5148514851485149,0,0
8851200,0.8745247148288974,0.8745247148288974,0.8745247148288974,0.7604562737642585,0.7604562737642585,0.7604562737642585,0.8447653429602888,0.8447653429602888,0.8447653429602888,0.8211678832116789,0.8211678832116789,0.8211678832116789,0.511520737327189,0.40772532188841204,0.5566502463054187,0,0
8867200,0.8235294117647058,0.8235294117647058,0.8235294117647058,0.7095588235294118,0.7095588235294118,0.7095588235294118,0.8204225352112676,0.8204225352112676,0.8204225352112676,0.8127208480565371,0.8127208480565371,0.8127208480565371,0.5272727272727272,0.37339055793991416,0.5282051282051282,0,0
8883200,0.8206106870229007,0.8206106870229007,0.8206106870229007,0.7602996254681648,0.7602996254681648,0.7602996254681648,0.7950530035335689,0.7950530035335689,0.7950530035335689,0.8256227758007118,0.8256227758007118,0.8256227758007118,0.5091743119266054,0.34347826086956523,0.5410628019323671,0,0
8899200,0.8984375,0.8984375,0.8984375,0.8037037037037037,0.8037037037037037,0.8037037037037037,0.8064516129032258,0.8064516129032258,0.8064516129032258,0.8248175182481752,0.8248175182481752,0.8248175182481752,0.5352112676056338,0.38493723849372385,0.46534653465346537,0,0
8915200,0.8566037735849057,0.8566037735849057,0.8566037735849057,0.7640449438202247,0.7640449438202247,0.7640449438202247,0.7730496453900709,0.7730496453900709,0.7730496453900709,0.8391608391608392,0.8391608391608392,0.8391608391608392,0.44495412844036697,0.3888888888888889,0.53125,0,0
8931200,0.8436363636363636,0.8436363636363636,0.8436363636363636,0.7992424242424242,0.7992424242424242,0.7992424242424242,0.8333333333333334,0.8333333333333334,0.8333333333333334,0.8901098901098901,0.8901098901098901,0.8901098901098901,0.4170403587443946,0.3333333333333333,0.46601941747572817,0,0
8947200,0.8389513108614233,0.8389513108614233,0.8389513108614233,0.8125,0.8125,0.8125,0.8207885304659498,0.8207885304659498,0.8207885304659498,0.8380281690140845,0.8380281690140845,0.8380281690140845,0.415929203539823,0.4199134199134199,0.52,0,0
8963200,0.8955223880597015,0.8955223880597015,0.8955223880597015,0.8364312267657993,0.8364312267657993,0.8364312267657993,0.8514492753623188,0.8514492753623188,0.8514492753623188,0.825,0.825,0.825,0.5302325581395348,0.3922413793103448,0.535,0,0
8979200,0.8321428571428572,0.8321428571428572,0.8321428571428572,0.8613138686131386,0.8613138686131386,0.8613138686131386,0.8085106382978723,0.8085106382978723,0.8085106382978723,0.8740740740740741,0.8740740740740741,0.8740740740740741,0.46511627906976744,0.4247787610619469,0.5153061224489796,0,0
8995200,0.8413284132841329,0.8413284132841329,0.8413284132841329,0.8231046931407943,0.8231046931407943,0.8231046931407943,0.7429577464788732,0.7429577464788732,0.7429577464788732,0.8827838827838828,0.8827838827838828,0.8827838827838828,0.4470046082949309,0.47844827586206895,0.5323383084577115,0,0
9011200,0.8555555555555555,0.8555555555555555,0.8555555555555555,0.8581818181818182,0.8581818181818182,0.8581818181818182,0.8078291814946619,0.8078291814946619,0.8078291814946619,0.8897058823529411,0.8897058823529411,0.8897058823529411,0.484304932735426,0.4669603524229075,0.5306122448979592,0,0
9027200,0.8661710037174721,0.8661710037174721,0.8661710037174721,0.8436363636363636,0.8436363636363636,0.8436363636363636,0.7330960854092526,0.7330960854092526,0.7330960854092526,0.8014705882352942,0.8014705882352942,0.8014705882352942,0.5186915887850467,0.39655172413793105,0.5098039215686274,0,0
9043200,0.8345864661654135,0.8345864661654135,0.8345864661654135,0.8576512455516014,0.8576512455516014,0.8576512455516014,0.7188612099644128,0.7188612099644128,0.7188612099644128,0.8880866425992779,0.8880866425992779,0.8880866425992779,0.502283105022831,0.45064377682403434,0.5252525252525253,0,0
9059200,0.8969465648854962,0.8969465648854962,0.8969465648854962,0.8613138686131386,0.8613138686131386,0.8613138686131386,0.7545787545787546,0.7545787545787546,0.7545787545787546,0.8722627737226277,0.8722627737226277,0.8722627737226277,0.4444444444444444,0.41304347826086957,0.5454545454545454,0,0
9075200,0.8592592592592593,0.8592592592592593,0.8592592592592593,0.8581818181818182,0.8581818181818182,0.8581818181818182,0.8056537102473498,0.8056537102473498,0.8056537102473498,0.8888888888888888,0.8888888888888888,0.8888888888888888,0.5255813953488372,0.5353982300884956,0.541871921182266,0,0
9091200,0.8014981273408239,0.8014981273408239,0.8014981273408239,0.8357664233576643,0.8357664233576643,0.8357664233576643,0.7653429602888087,0.7653429602888087,0.7653429602888087,0.8786764705882353,0.8786764705882353,0.8786764705882353,0.5388127853881278,0.5276595744680851,0.48704663212435234,0,0
9107200,0.7992831541218638,0.7992831541218638,0.7992831541218638,0.8487084870848709,0.8487084870848709,0.8487084870848709,0.7326388888888888,0.7326388888888888,0.7326388888888888,0.8529411764705882,0.8529411764705882,0.8529411764705882,0.4909090909090909,0.4110169491525424,0.495,0,0
9123200,0.843065693430657,0.843065693430657,0.843065693430657,0.8644688644688645,0.8644688644688645,0.8644688644688645,0.7481751824817519,0.7481751824817519,0.7481751824817519,0.88,0.88,0.88,0.5091743119266054,0.47368421052631576,0.5125628140703518,0,0
9139200,0.8059701492537313,0.8059701492537313,0.8059701492537313,0.8327272727272728,0.8327272727272728,0.8327272727272728,0.7235494880546075,0.7235494880546075,0.7235494880546075,0.8037037037037037,0.8037037037037037,0.8037037037037037,0.5504587155963303,0.5211864406779662,0.47058823529411764,0,0
9155200,0.8100358422939068,0.8100358422939068,0.8100358422939068,0.8204225352112676,0.8204225352112676,0.8204225352112676,0.7802197802197802,0.7802197802197802,0.7802197802197802,0.8461538461538461,0.8461538461538461,0.8461538461538461,0.47465437788018433,0.5324675324675324,0.5098039215686274,0,0
9171200,0.8138686131386861,0.8138686131386861,0.8138686131386861,0.8063380281690141,0.8063380281690141,0.8063380281690141,0.7580071174377224,0.7580071174377224,0.7580071174377224,0.8759124087591241,0.8759124087591241,0.8759124087591241,0.4253393665158371,0.4434782608695652,0.5252525252525253,0,0
9187200,0.837037037037037,0.837037037037037,0.837037037037037,0.8222996515679443,0.8222996515679443,0.8222996515679443,0.8241758241758241,0.8241758241758241,0.8241758241758241,0.8819188191881919,0.8819188191881919,0.8819188191881919,0.38666666666666666,0.5127118644067796,0.48223350253807107,0,0
9203200,0.8277153558052435,0.8277153558052435,0.8277153558052435,0.8,0.8,0.8,0.7717391304347826,0.7717391304347826,0.7717391304347826,0.8810408921933085,0.8810408921933085,0.8810408921933085,0.4409090909090909,0.5458515283842795,0.5392156862745098,0,0
9219200,0.8525179856115108,0.8525179856115108,0.8525179856115108,0.8262411347517731,0.8262411347517731,0.8262411347517731,0.7142857142857143,0.7142857142857143,0.7142857142857143,0.8716981132075472,0.8716981132075472,0.8716981132075472,0.4224137931034483,0.4978723404255319,0.5175879396984925,0,0
9235200,0.8832116788321168,0.8832116788321168,0.8832116788321168,0.7923875432525952,0.7923875432525952,0.7923875432525952,0.6967509025270758,0.6967509025270758,0.6967509025270758,0.8146718146718147,0.8146718146718147,0.8146718146718147,0.4908256880733945,0.49159663865546216,0.4449760765550239,0,0
9251200,0.8623188405797102,0.8623188405797102,0.8623188405797102,0.8375451263537906,0.8375451263537906,0.8375451263537906,0.6884057971014492,0.6884057971014492,0.6884057971014492,0.8214285714285714,0.8214285714285714,0.8214285714285714,0.4423963133640553,0.48523206751054854,0.48,0,0
9267200,0.8478260869565217,0.8478260869565217,0.8478260869565217,0.8185053380782918,0.8185053380782918,0.8185053380782918,0.7314487632508834,0.7314487632508834,0.7314487632508834,0.8631178707224335,0.8631178707224335,0.8631178707224335,0.5223214285714286,0.5341880341880342,0.5663265306122449,0,0
9283200,0.8801498127340824,0.8801498127340824,0.8801498127340824,0.8697183098591549,0.8697183098591549,0.8697183098591549,0.7491039426523297,0.7491039426523297,0.7491039426523297,0.855072463768116,0.855072463768116,0.855072463768116,0.5475113122171946,0.48333333333333334,0.49740932642487046,0,0
9299200,0.8602941176470589,0.8602941176470589,0.8602941176470589,0.8535714285714285,0.8535714285714285,0.8535714285714285,0.7364620938628159,0.7364620938628159,0.7364620938628159,0.8513011152416357,0.8513011152416357,0.8513011152416357,0.5023255813953489,0.4895397489539749,0.538860103626943,0,0
9315200,0.896551724137931,0.896551724137931,0.896551724137931,0.8220640569395018,0.8220640569395018,0.8220640569395018,0.7463768115942029,0.7463768115942029,0.7463768115942029,0.8736462093862816,0.8736462093862816,0.8736462093862816,0.5180180180180181,0.5194805194805194,0.5025380710659898,0,0
9331200,0.8713235294117647,0.8713235294117647,0.8713235294117647,0.8262411347517731,0.8262411347517731,0.8262411347517731,0.7821428571428571,0.7821428571428571,0.7821428571428571,0.8754716981132076,0.8754716981132076,0.8754716981132076,0.4636363636363636,0.508130081300813,0.507537688442211,0,0
9347200,0.9077490774907749,0.9077490774907749,0.9077490774907749,0.800711743772242,0.800711743772242,0.800711743772242,0.7857142857142857,0.7857142857142857,0.7857142857142857,0.8714285714285714,0.8714285714285714,0.8714285714285714,0.5504587155963303,0.5170940170940171,0.4744897959183674,0,0
9363200,0.8614232209737828,0.8614232209737828,0.8614232209737828,0.841726618705036,0.841726618705036,0.841726618705036,0.7706093189964157,0.7706093189964157,0.7706093189964157,0.9018181818181819,0.9018181818181819,0.9018181818181819,0.5162790697674419,0.5,0.51010101010101,0,0
9379200,0.875,0.875,0.875,0.8544776119402985,0.8544776119402985,0.8544776119402985,0.7392857142857143,0.7392857142857143,0.7392857142857143,0.855595667870036,0.855595667870036,0.855595667870036,0.5022421524663677,0.5560344827586207,0.6192893401015228,0,0
9395200,0.870722433460076,0.870722433460076,0.870722433460076,0.8257575757575758,0.8257575757575758,0.8257575757575758,0.7934782608695652,0.7934782608695652,0.7934782608695652,0.8705035971223022,0.8705035971223022,0.8705035971223022,0.45089285714285715,0.5560344827586207,0.45544554455445546,0,0
9411200,0.8592057761732852,0.8592057761732852,0.8592057761732852,0.8138686131386861,0.8138686131386861,0.8138686131386861,0.7921146953405018,0.7921146953405018,0.7921146953405018,0.8613138686131386,0.8613138686131386,0.8613138686131386,0.452914798206278,0.5364806866952789,0.48717948717948717,0,0
9427200,0.9328358208955224,0.9328358208955224,0.9328358208955224,0.8302583025830258,0.8302583025830258,0.8302583025830258,0.7598566308243727,0.7598566308243727,0.7598566308243727,0.8644688644688645,0.8644688644688645,0.8644688644688645,0.49777777777777776,0.47717842323651455,0.475,0,0
9443200,0.9003690036900369,0.9003690036900369,0.9003690036900369,0.8207885304659498,0.8207885304659498,0.8207885304659498,0.7581227436823105,0.7581227436823105,0.7581227436823105,0.8637992831541219,0.8637992831541219,0.8637992831541219,0.5068493150684932,0.5232067510548524,0.527363184079602,0,0
9459200,0.8884892086330936,0.8884892086330936,0.8884892086330936,0.84,0.84,0.84,0.7392857142857143,0.7392857142857143,0.7392857142857143,0.8498168498168498,0.8498168498168498,0.8498168498168498,0.48,0.4789915966386555,0.400990099009901,0,0
9475200,0.8690909090909091,0.8690909090909091,0.8690909090909091,0.8623188405797102,0.8623188405797102,0.8623188405797102,0.7978339350180506,0.7978339350180506,0.7978339350180506,0.851985559566787,0.851985559566787,0.851985559566787,0.5,0.5341880341880342,0.4846938775510204,0,0
9491200,0.914179104477612,0.914179104477612,0.914179104477612,0.8218181818181818,0.8218181818181818,0.8218181818181818,0.7956204379562044,0.7956204379562044,0.7956204379562044,0.8243727598566308,0.8243727598566308,0.8243727598566308,0.5069124423963134,0.5550660792951542,0.46464646464646464,0,0
9507200,0.8571428571428571,0.8571428571428571,0.8571428571428571,0.8043478260869565,0.8043478260869565,0.8043478260869565,0.7444444444444445,0.7444444444444445,0.7444444444444445,0.8387096774193549,0.8387096774193549,0.8387096774193549,0.53125,0.548936170212766,0.45226130653266333,0,0
9523200,0.8836363636363637,0.8836363636363637,0.8836363636363637,0.8145454545454546,0.8145454545454546,0.8145454545454546,0.7737226277372263,0.7737226277372263,0.7737226277372263,0.9081272084805654,0.9081272084805654,0.9081272084805654,0.5636363636363636,0.5217391304347826,0.42857142857142855,0,0
9539200,0.85,0.85,0.85,0.8434163701067615,0.8434163701067615,0.8434163701067615,0.7563636363636363,0.7563636363636363,0.7563636363636363,0.8732394366197183,0.8732394366197183,0.8732394366197183,0.5633802816901409,0.5394736842105263,0.39800995024875624,0,0
9555200,0.8639705882352942,0.8639705882352942,0.8639705882352942,0.8351648351648352,0.8351648351648352,0.8351648351648352,0.7615658362989324,0.7615658362989324,0.7615658362989324,0.8695652173913043,0.8695652173913043,0.8695652173913043,0.4690265486725664,0.5829596412556054,0.4666666666666667,0,0
9571200,0.8671586715867159,0.8671586715867159,0.8671586715867159,0.8327272727272728,0.8327272727272728,0.8327272727272728,0.7881040892193308,0.7881040892193308,0.7881040892193308,0.921146953405018,0.921146953405018,0.921146953405018,0.5,0.5189873417721519,0.45226130653266333,0,0
9587200,0.9139784946236559,0.9139784946236559,0.9139784946236559,0.8671586715867159,0.8671586715867159,0.8671586715867159,0.7383512544802867,0.7383512544802867,0.7383512544802867,0.9113475177304965,0.9113475177304965,0.9113475177304965,0.5280373831775701,0.41452991452991456,0.46808510638297873,0,0
9603200,0.864963503649635,0.864963503649635,0.864963503649635,0.8513011152416357,0.8513011152416357,0.8513011152416357,0.7419354838709677,0.7419354838709677,0.7419354838709677,0.8727272727272727,0.8727272727272727,0.8727272727272727,0.4908256880733945,0.4826086956521739,0.48223350253807107,0,0
9619200,0.8843283582089553,0.8843283582089553,0.8843283582089553,0.8478260869565217,0.8478260869565217,0.8478260869565217,0.7436823104693141,0.7436823104693141,0.7436823104693141,0.8428571428571429,0.8428571428571429,0.8428571428571429,0.49122807017543857,0.5286343612334802,0.5235602094240838,0,0
9635200,0.8614232209737828,0.8614232209737828,0.8614232209737828,0.8421052631578947,0.8421052631578947,0.8421052631578947,0.7068965517241379,0.7068965517241379,0.7068965517241379,0.8566308243727598,0.8566308243727598,0.8566308243727598,0.502283105022831,0.48936170212765956,0.4666666666666667,0,0
9651200,0.9037037037037037,0.9037037037037037,0.9037037037037037,0.8308823529411765,0.8308823529411765,0.8308823529411765,0.7446043165467626,0.7446043165467626,0.7446043165467626,0.8515901060070671,0.8515901060070671,0.8515901060070671,0.47555555555555556,0.4711111111111111,0.45595854922279794,0,0
9667200,0.8876404494382022,0.8876404494382022,0.8876404494382022,0.8118081180811808,0.8118081180811808,0.8118081180811808,0.7624113475177305,0.7624113475177305,0.7624113475177305,0.8540145985401459,0.8540145985401459,0.8540145985401459,0.45871559633027525,0.5043103448275862,0.4577114427860697,0,0
9683200,0.8666666666666667,0.8666666666666667,0.8666666666666667,0.8345864661654135,0.8345864661654135,0.8345864661654135,0.7622377622377622,0.7622377622377622,0.7622377622377622,0.8669064748201439,0.8669064748201439,0.8669064748201439,0.462882096069869,0.5688888888888889,0.41968911917098445,0,0
9699200,0.8854961832061069,0.8854961832061069,0.8854961832061069,0.7490909090909091,0.7490909090909091,0.7490909090909091,0.7922535211267606,0.7922535211267606,0.7922535211267606,0.8633093525179856,0.8633093525179856,0.8633093525179856,0.47058823529411764,0.44298245614035087,0.4079601990049751,0,0
9715200,0.8962962962962963,0.8962962962962963,0.8962962962962963,0.8014981273408239,0.8014981273408239,0.8014981273408239,0.7874564459930313,0.7874564459930313,0.7874564459930313,0.8419117647058824,0.8419117647058824,0.8419117647058824,0.4690265486725664,0.4935064935064935,0.4329896907216495,0,0
9731200,0.8764478764478765,0.8764478764478765,0.8764478764478765,0.8154981549815498,0.8154981549815498,0.8154981549815498,0.6950354609929078,0.6950354609929078,0.6950354609929078,0.8478260869565217,0.8478260869565217,0.8478260869565217,0.41228070175438597,0.5021834061135371,0.44387755102040816,0,0
9747200,0.8403041825095057,0.8403041825095057,0.8403041825095057,0.7985347985347986,0.7985347985347986,0.7985347985347986,0.7684210526315789,0.7684210526315789,0.7684210526315789,0.9047619047619048,0.9047619047619048,0.9047619047619048,0.47533632286995514,0.4482758620689655,0.39487179487179486,0,0
9763200,0.8484848484848485,0.8484848484848485,0.8484848484848485,0.8327402135231317,0.8327402135231317,0.8327402135231317,0.7561837455830389,0.7561837455830389,0.7561837455830389,0.8897058823529411,0.8897058823529411,0.8897058823529411,0.4724770642201835,0.4588744588744589,0.3564356435643564,0,0
9779200,0.9026217228464419,0.9026217228464419,0.9026217228464419,0.8669064748201439,0.8669064748201439,0.8669064748201439,0.7789473684210526,0.7789473684210526,0.7789473684210526,0.84,0.84,0.84,0.5616438356164384,0.4585152838427948,0.42702702702702705,0,0
9795200,0.8834586466165414,0.8834586466165414,0.8834586466165414,0.8844765342960289,0.8844765342960289,0.8844765342960289,0.7587412587412588,0.7587412587412588,0.7587412587412588,0.822463768115942,0.822463768115942,0.822463768115942,0.543778801843318,0.5848214285714286,0.37305699481865284,0,0
9811200,0.8992537313432836,0.8992537313432836,0.8992537313432836,0.8571428571428571,0.8571428571428571,0.8571428571428571,0.7902097902097902,0.7902097902097902,0.7902097902097902,0.8586956521739131,0.8586956521739131,0.8586956521739131,0.4622222222222222,0.5066079295154186,0.3622448979591837,0,0
9827200,0.9047619047619048,0.9047619047619048,0.9047619047619048,0.8100358422939068,0.8100358422939068,0.8100358422939068,0.8107142857142857,0.8107142857142857,0.8107142857142857,0.8924731182795699,0.8924731182795699,0.8924731182795699,0.497737556561086,0.46382978723404256,0.39901477832512317,0,0
9843200,0.8901515151515151,0.8901515151515151,0.8901515151515151,0.8175438596491228,0.8175438596491228,0.8175438596491228,0.8100358422939068,0.8100358422939068,0.8100358422939068,0.8664259927797834,0.8664259927797834,0.8664259927797834,0.5412844036697247,0.42290748898678415,0.40860215053763443,0,0
9859200,0.8254545454545454,0.8254545454545454,0.8254545454545454,0.894927536231884,0.894927536231884,0.894927536231884,0.8231046931407943,0.8231046931407943,0.8231046931407943,0.8717948717948718,0.8717948717948718,0.8717948717948718,0.5,0.47085201793721976,0.44387755102040816,0,0
9875200,0.9077490774907749,0.9077490774907749,0.9077490774907749,0.8380281690140845,0.8380281690140845,0.8380281690140845,0.8113879003558719,0.8113879003558719,0.8113879003558719,0.8974358974358975,0.8974358974358975,0.8974358974358975,0.4908256880733945,0.5109170305676856,0.37244897959183676,0,0
9891200,0.8929889298892989,0.8929889298892989,0.8929889298892989,0.8357142857142857,0.8357142857142857,0.8357142857142857,0.8368794326241135,0.8368794326241135,0.8368794326241135,0.8629629629629629,0.8629629629629629,0.8629629629629629,0.5357142857142857,0.4366812227074236,0.41116751269035534,0,0
9907200,0.8371212121212122,0.8371212121212122,0.8371212121212122,0.8115942028985508,0.8115942028985508,0.8115942028985508,0.8475177304964538,0.8475177304964538,0.8475177304964538,0.8957528957528957,0.8957528957528957,0.8957528957528957,0.4955357142857143,0.4778761061946903,0.4739583333333333,0,0
9923200,0.9003690036900369,0.9003690036900369,0.9003690036900369,0.8428571428571429,0.8428571428571429,0.8428571428571429,0.8362989323843416,0.8362989323843416,0.8362989323843416,0.8726591760299626,0.8726591760299626,0.8726591760299626,0.41964285714285715,0.5,0.45918367346938777,0,0
9939200,0.8560606060606061,0.8560606060606061,0.8560606060606061,0.8063380281690141,0.8063380281690141,0.8063380281690141,0.7900355871886121,0.7900355871886121,0.7900355871886121,0.8786764705882353,0.8786764705882353,0.8786764705882353,0.42272727272727273,0.4956140350877193,0.47692307692307695,0,0
9955200,0.8582089552238806,0.8582089552238806,0.8582089552238806,0.8297101449275363,0.8297101449275363,0.8297101449275363,0.800711743772242,0.800711743772242,0.800711743772242,0.8782287822878229,0.8782287822878229,0.8782287822878229,0.4429223744292237,0.47161572052401746,0.4824120603015075,0,0
9971200,0.8671586715867159,0.8671586715867159,0.8671586715867159,0.8273381294964028,0.8273381294964028,0.8273381294964028,0.8050541516245487,0.8050541516245487,0.8050541516245487,0.8801498127340824,0.8801498127340824,0.8801498127340824,0.4657534246575342,0.4678111587982833,0.4824120603015075,0,0
9987200,0.8661710037174721,0.8661710037174721,0.8661710037174721,0.8088235294117647,0.8088235294117647,0.8088235294117647,0.8,0.8,0.8,0.9033457249070632,0.9033457249070632,0.9033457249070632,0.4703196347031963,0.45726495726495725,0.4461538461538462,0,0
